food_id,food_name,category,subcategory,region,serving_size,calories_kcal,protein_g,carbohydrates_g,fat_g,fiber_g,free_sugar_g,sodium_mg,calcium_mg,iron_mg,vitamin_c_mg,folate_ug,source
IND-0001,Hot tea (Garam Chai),Indian Food,,India,Source basis not specified,16.14,0.39,2.58,0.53,0.0,2.58,3.12,14.2,0.02,0.5,1.8,Indian Food Nutrition dataset provided by user
IND-0002,Instant coffee,Indian Food,,India,Source basis not specified,23.16,0.64,3.65,0.75,0.0,3.62,4.92,20.87,0.06,1.51,5.6,Indian Food Nutrition dataset provided by user
IND-0003,Espreso coffee,Indian Food,,India,Source basis not specified,51.54,1.75,6.62,2.14,0.0,6.53,13.98,58.1,0.15,1.51,5.53,Indian Food Nutrition dataset provided by user
IND-0004,Iced tea,Indian Food,,India,Source basis not specified,10.34,0.03,2.7,0.01,0.0,2.7,0.23,1.18,0.02,5.95,1.28,Indian Food Nutrition dataset provided by user
IND-0005,Raw mango drink (Aam panna),Indian Food,,India,Source basis not specified,35.92,0.16,9.05,0.03,0.61,7.49,79.82,7.08,0.14,45.3,14.05,Indian Food Nutrition dataset provided by user
IND-0006,Fruit Punch (with fresh juices),Indian Food,,India,Source basis not specified,36.12,0.14,9.38,0.03,0.06,9.25,2.63,5.07,0.1,41.44,24.57,Indian Food Nutrition dataset provided by user
IND-0007,Fruit Punch (with squashes),Indian Food,,India,Source basis not specified,23.13,0.07,5.99,0.02,0.17,5.88,2.26,3.3,0.06,15.08,9.13,Indian Food Nutrition dataset provided by user
IND-0008,Lemonade,Indian Food,,India,Source basis not specified,20.8,0.03,5.48,0.01,0.02,5.47,28.52,1.84,0.05,5.27,2.11,Indian Food Nutrition dataset provided by user
IND-0009,Lem-o-gin,Indian Food,,India,Source basis not specified,21.52,0.08,5.55,0.03,0.13,5.38,28.13,2.2,0.09,5.68,2.92,Indian Food Nutrition dataset provided by user
IND-0010,Cumin infused water (Jeere/Zeere ka pani),Indian Food,,India,Source basis not specified,9.09,0.17,1.86,0.11,0.46,1.46,189.6,10.84,0.32,3.61,3.14,Indian Food Nutrition dataset provided by user
IND-0011,Coco pine cooler,Indian Food,,India,Source basis not specified,32.75,0.56,5.72,1.0,0.26,5.52,23.2,17.81,0.13,10.67,12.64,Indian Food Nutrition dataset provided by user
IND-0012,Summer cooler,Indian Food,,India,Source basis not specified,22.43,0.37,5.43,0.04,0.2,5.21,1.57,8.13,0.28,103.5,63.89,Indian Food Nutrition dataset provided by user
IND-0013,Hot cocoa,Indian Food,,India,Source basis not specified,90.1,3.36,9.23,4.56,0.0,9.01,24.2,113.66,0.31,3.62,13.79,Indian Food Nutrition dataset provided by user
IND-0014,Cold coffee with ice cream,Indian Food,,India,Source basis not specified,67.85,1.57,11.24,2.11,0.01,11.18,13.84,53.29,0.12,2.53,9.49,Indian Food Nutrition dataset provided by user
IND-0015,Banana milkshake (Kele milkshake),Indian Food,,India,Source basis not specified,65.31,1.84,9.15,2.37,0.26,7.96,13.61,62.64,0.13,6.84,19.83,Indian Food Nutrition dataset provided by user
IND-0016,Mango milkshake (Aam milkshake),Indian Food,,India,Source basis not specified,56.9,1.73,7.23,2.35,0.26,7.15,13.27,62.33,0.15,20.1,53.68,Indian Food Nutrition dataset provided by user
IND-0017,Pineapple milkshake (Ananas milkshake),Indian Food,,India,Source basis not specified,55.72,1.66,7.62,2.23,0.0,7.6,14.05,59.92,0.11,10.22,17.45,Indian Food Nutrition dataset provided by user
IND-0018,Orange milkshake (Narangi milkshake),Indian Food,,India,Source basis not specified,57.42,1.86,7.11,2.52,0.0,7.08,14.63,67.42,0.11,10.82,16.85,Indian Food Nutrition dataset provided by user
IND-0019,Egg nog,Indian Food,,India,Source basis not specified,97.14,4.78,8.15,5.11,0.02,8.06,40.65,102.13,0.43,4.82,41.91,Indian Food Nutrition dataset provided by user
IND-0020,Sweet Lassi (Meethi lassi),Indian Food,,India,Source basis not specified,35.66,1.29,6.51,0.68,0.0,6.51,18.31,45.65,0.03,1.0,18.0,Indian Food Nutrition dataset provided by user
IND-0021,Lassi (salted),Indian Food,,India,Source basis not specified,18.84,1.35,1.86,0.72,0.02,1.84,65.4,47.78,0.04,1.02,18.07,Indian Food Nutrition dataset provided by user
IND-0022,Cheese and chilli sandwich,Indian Food,,India,Source basis not specified,218.11,6.8,27.4,9.78,2.08,2.38,437.5,113.79,0.99,12.3,16.14,Indian Food Nutrition dataset provided by user
IND-0023,Egg sandwich (Ande ka sandwich),Indian Food,,India,Source basis not specified,285.96,8.69,29.16,15.8,1.88,1.86,461.67,110.13,1.44,0.0,14.92,Indian Food Nutrition dataset provided by user
IND-0024,Cucumber sandwich (Kheere ka sandwich),Indian Food,,India,Source basis not specified,188.6,4.8,25.77,8.0,2.45,1.64,362.64,87.84,1.02,1.53,12.96,Indian Food Nutrition dataset provided by user
IND-0025,Cheese and pineapple sandwich (Cheese aur ananas ka sandwich),Indian Food,,India,Source basis not specified,257.71,8.2,29.1,12.8,2.33,4.1,571.96,199.73,1.04,3.64,12.08,Indian Food Nutrition dataset provided by user
IND-0026,Cheese and tomato sandwich (Cheese aur tamatar ke sandwich),Indian Food,,India,Source basis not specified,243.32,7.92,26.92,12.27,1.97,2.85,549.71,191.2,1.0,3.16,12.18,Indian Food Nutrition dataset provided by user
IND-0027,Chicken sandwich,Indian Food,,India,Source basis not specified,253.27,13.12,25.38,11.75,1.64,1.6,389.67,89.56,1.19,0.0,11.1,Indian Food Nutrition dataset provided by user
IND-0028,Peanut and tomato sandwich (Moongfali aur tamatar ka sandwich),Indian Food,,India,Source basis not specified,291.43,9.53,28.54,16.14,4.03,2.82,364.99,94.03,1.58,3.16,22.04,Indian Food Nutrition dataset provided by user
IND-0029,Rainbow sandwich,Indian Food,,India,Source basis not specified,272.75,7.75,34.26,12.54,2.1,4.05,612.49,172.04,1.2,1.01,10.38,Indian Food Nutrition dataset provided by user
IND-0030,Club sandwich,Indian Food,,India,Source basis not specified,235.32,7.31,18.51,15.12,1.81,2.01,461.66,115.68,0.86,6.0,17.42,Indian Food Nutrition dataset provided by user
IND-0031,Vegetarian club sandwich,Indian Food,,India,Source basis not specified,198.33,5.45,19.68,11.33,2.06,2.08,305.36,122.44,0.77,6.0,17.53,Indian Food Nutrition dataset provided by user
IND-0032,Pin wheel sandwich,Indian Food,,India,Source basis not specified,311.52,8.77,14.0,24.93,0.93,1.45,374.39,67.75,1.36,0.0,9.04,Indian Food Nutrition dataset provided by user
IND-0033,Carrot apple sandwich (Gajar aur seb ka sandwich),Indian Food,,India,Source basis not specified,214.11,5.3,29.04,9.12,3.66,5.3,302.88,118.05,1.8,2.7,21.7,Indian Food Nutrition dataset provided by user
IND-0034,Salami sandwich,Indian Food,,India,Source basis not specified,255.59,8.7,21.54,15.51,1.97,2.0,662.75,73.54,1.11,1.25,12.65,Indian Food Nutrition dataset provided by user
IND-0035,Vegetable and mayonnaise sandwich,Indian Food,,India,Source basis not specified,244.26,4.47,23.2,15.4,2.35,2.35,342.7,79.53,0.91,12.9,17.05,Indian Food Nutrition dataset provided by user
IND-0036,Egg and tomato sandwich (Ande aur tamatar ka sandwich),Indian Food,,India,Source basis not specified,222.11,7.66,25.9,10.51,1.77,2.09,423.26,95.71,1.3,1.98,16.33,Indian Food Nutrition dataset provided by user
IND-0037,Sweet open sandwich,Indian Food,,India,Source basis not specified,244.25,4.99,39.24,8.15,2.36,12.23,205.27,85.18,1.15,1.65,13.05,Indian Food Nutrition dataset provided by user
IND-0038,Mushroom and cheese sandwich (toasted),Indian Food,,India,Source basis not specified,227.42,7.79,21.01,13.01,2.28,2.11,456.57,172.35,0.84,0.0,12.7,Indian Food Nutrition dataset provided by user
IND-0039,Cheese and tomato sandwich (toasted) (Cheese aur tamatar ke sandwich (toasted)),Indian Food,,India,Source basis not specified,224.58,6.82,21.42,12.95,1.78,2.67,457.94,169.22,0.82,6.32,14.48,Indian Food Nutrition dataset provided by user
IND-0040,Pea potato sandwich (toasted) (Matar aloo ka sandwich),Indian Food,,India,Source basis not specified,164.9,4.6,25.17,5.43,2.89,1.33,262.63,64.15,1.11,14.11,21.01,Indian Food Nutrition dataset provided by user
IND-0041,Paneer pea sandwich (toasted) (Paneer matar ka sandwich),Indian Food,,India,Source basis not specified,249.56,12.4,24.05,11.98,2.12,6.4,268.9,274.1,1.26,4.85,52.13,Indian Food Nutrition dataset provided by user
IND-0042,Chicken sandwich (toasted),Indian Food,,India,Source basis not specified,167.37,12.08,18.82,5.32,1.64,2.13,327.55,99.99,0.99,12.97,20.71,Indian Food Nutrition dataset provided by user
IND-0043,Pea keema sandwich (toasted) (Matar aur keema ka sandwich),Indian Food,,India,Source basis not specified,171.78,11.06,20.26,5.61,2.45,1.94,290.07,70.79,1.51,5.5,18.29,Indian Food Nutrition dataset provided by user
IND-0044,Classic club sandwich,Indian Food,,India,Source basis not specified,200.83,6.74,18.49,11.56,1.62,1.86,277.49,107.73,1.09,16.19,56.9,Indian Food Nutrition dataset provided by user
IND-0045,Sesame toast,Indian Food,,India,Source basis not specified,495.19,1.9,11.15,49.38,1.32,1.46,128.78,43.44,0.72,6.92,8.87,Indian Food Nutrition dataset provided by user
IND-0046,Cracked wheat porridge (Meetha daliya),Indian Food,,India,Source basis not specified,81.57,2.64,8.87,4.08,0.62,5.12,15.89,75.88,0.32,5.03,17.58,Indian Food Nutrition dataset provided by user
IND-0047,Semolina porridge (Suji/Rava daliya),Indian Food,,India,Source basis not specified,100.89,3.75,12.39,4.08,0.7,7.54,23.21,108.52,0.36,5.03,22.71,Indian Food Nutrition dataset provided by user
IND-0048,Oatmeal Porridge,Indian Food,,India,Source basis not specified,72.85,2.6,8.77,3.22,0.39,5.2,16.14,76.83,0.28,5.03,23.98,Indian Food Nutrition dataset provided by user
IND-0049,Cornflakes with milk,Indian Food,,India,Source basis not specified,117.33,3.59,14.95,5.12,0.78,9.97,26.55,106.47,0.42,4.82,43.87,Indian Food Nutrition dataset provided by user
IND-0050,Rice flakes (Chiwda/Aval),Indian Food,,India,Source basis not specified,112.44,3.62,15.57,3.99,0.37,7.28,22.4,103.15,0.62,4.82,19.41,Indian Food Nutrition dataset provided by user
IND-0051,Wheat flakes,Indian Food,,India,Source basis not specified,112.44,3.62,15.57,3.99,0.37,7.28,22.4,103.15,0.62,4.82,19.41,Indian Food Nutrition dataset provided by user
IND-0052,Murmura (Puffed rice),Indian Food,,India,Source basis not specified,113.32,3.62,15.67,4.04,0.28,7.31,22.52,103.79,0.63,4.82,16.87,Indian Food Nutrition dataset provided by user
IND-0053,Puffed wheat (Murmure/Moori),Indian Food,,India,Source basis not specified,113.32,3.62,15.67,4.04,0.28,7.31,22.52,103.79,0.63,4.82,16.87,Indian Food Nutrition dataset provided by user
IND-0054,Boiled egg (Ubla anda),Indian Food,,India,Source basis not specified,45.35,4.43,0.12,3.04,0.11,0.0,170.94,17.75,0.64,0.0,24.77,Indian Food Nutrition dataset provided by user
IND-0055,Fried Egg,Indian Food,,India,Source basis not specified,223.67,11.59,0.31,19.62,0.29,0.0,446.96,46.4,1.69,0.0,24.77,Indian Food Nutrition dataset provided by user
IND-0056,Poached egg,Indian Food,,India,Source basis not specified,123.87,11.98,0.37,8.19,0.3,0.05,1163.07,48.24,1.75,0.0,24.77,Indian Food Nutrition dataset provided by user
IND-0057,Scrambled egg (Ande ki bhurji),Indian Food,,India,Source basis not specified,155.97,10.29,1.35,12.21,0.24,1.08,374.66,64.59,1.42,0.3,25.82,Indian Food Nutrition dataset provided by user
IND-0058,Baked egg,Indian Food,,India,Source basis not specified,218.85,11.88,15.42,12.65,1.03,1.66,523.29,164.05,1.48,0.0,35.72,Indian Food Nutrition dataset provided by user
IND-0059,Plain omelette/omlet,Indian Food,,India,Source basis not specified,272.41,9.66,0.64,25.74,0.12,0.51,226.18,48.4,1.35,0.3,50.48,Indian Food Nutrition dataset provided by user
IND-0060,Stuffed egg omelette/omlet,Indian Food,,India,Source basis not specified,203.51,8.6,2.3,17.77,0.75,1.57,267.19,89.91,0.91,8.29,70.23,Indian Food Nutrition dataset provided by user
IND-0061,Pancake,Indian Food,,India,Source basis not specified,203.36,5.68,20.49,10.82,0.65,3.32,143.7,79.49,0.69,0.5,5.43,Indian Food Nutrition dataset provided by user
IND-0062,Keema pancake,Indian Food,,India,Source basis not specified,176.27,9.01,9.56,11.25,0.84,2.2,125.4,40.96,0.93,4.64,12.23,Indian Food Nutrition dataset provided by user
IND-0063,Vegetable pancake,Indian Food,,India,Source basis not specified,125.18,3.87,12.24,6.57,2.48,2.09,116.69,42.89,0.79,20.63,28.57,Indian Food Nutrition dataset provided by user
IND-0064,Jam and fruit pancake,Indian Food,,India,Source basis not specified,162.02,3.79,20.73,7.01,1.21,7.85,93.09,54.06,0.52,6.48,8.42,Indian Food Nutrition dataset provided by user
IND-0065,Khoa and coconut pancake,Indian Food,,India,Source basis not specified,271.98,6.98,27.32,15.29,1.65,16.47,101.0,157.22,1.12,0.73,19.12,Indian Food Nutrition dataset provided by user
IND-0066,Brown stock,Indian Food,,India,Source basis not specified,21.32,1.95,0.25,1.38,0.09,0.14,44.6,17.16,0.3,1.5,6.33,Indian Food Nutrition dataset provided by user
IND-0067,Vegetable stock,Indian Food,,India,Source basis not specified,17.6,0.3,0.96,1.38,0.38,0.44,49.75,5.08,0.12,7.58,13.92,Indian Food Nutrition dataset provided by user
IND-0068,Chicken stock,Indian Food,,India,Source basis not specified,29.88,3.69,0.37,1.51,0.1,0.2,58.58,3.57,0.18,0.84,10.19,Indian Food Nutrition dataset provided by user
IND-0069,Clear tomato soup (Tamatar ka soup),Indian Food,,India,Source basis not specified,80.07,4.79,3.45,12.22,1.96,1.44,5135.74,29.05,1.14,53.16,43.91,Indian Food Nutrition dataset provided by user
IND-0070,Lentil soup,Indian Food,,India,Source basis not specified,31.17,9.65,3.94,11.68,2.57,1.06,10418.84,40.57,2.26,17.9,34.92,Indian Food Nutrition dataset provided by user
IND-0071,Chicken consomme (Clear chicken soup),Indian Food,,India,Source basis not specified,47.94,11.47,1.19,12.02,1.57,0.54,8953.64,35.48,1.82,2.1,11.38,Indian Food Nutrition dataset provided by user
IND-0072,Cream of tomato soup,Indian Food,,India,Source basis not specified,97.81,4.61,3.93,13.12,1.38,1.81,4461.22,39.61,0.95,53.23,44.01,Indian Food Nutrition dataset provided by user
IND-0073,Cream of green peas soup,Indian Food,,India,Source basis not specified,127.84,7.13,6.75,14.78,2.95,1.61,4999.7,51.01,1.48,52.28,88.58,Indian Food Nutrition dataset provided by user
IND-0074,Cream of spinach soup,Indian Food,,India,Source basis not specified,100.54,5.21,3.45,13.31,1.74,1.13,4429.81,70.77,2.1,63.34,298.06,Indian Food Nutrition dataset provided by user
IND-0075,Cream of mixed vegetable soup,Indian Food,,India,Source basis not specified,59.65,6.84,4.93,9.05,2.14,2.1,5655.45,65.26,1.36,39.02,54.46,Indian Food Nutrition dataset provided by user
IND-0076,Cream of mushroom soup,Indian Food,,India,Source basis not specified,117.28,6.64,3.74,15.5,1.34,1.93,5276.06,70.56,1.81,5.79,30.72,Indian Food Nutrition dataset provided by user
IND-0077,Chicken sweet corn soup,Indian Food,,India,Source basis not specified,28.32,14.48,1.63,12.59,0.47,0.27,12205.33,91.5,3.83,2.02,13.45,Indian Food Nutrition dataset provided by user
IND-0078,Minestrone soup,Indian Food,,India,Source basis not specified,42.66,9.3,3.71,11.09,1.92,1.01,8875.06,53.55,1.82,19.43,23.24,Indian Food Nutrition dataset provided by user
IND-0079,Egg drop soup,Indian Food,,India,Source basis not specified,26.64,12.93,1.1,13.52,0.81,0.6,12418.84,100.14,3.93,8.51,28.19,Indian Food Nutrition dataset provided by user
IND-0080,Chinese cabbage and meat ball soup,Indian Food,,India,Source basis not specified,484.31,5.21,1.43,56.57,0.57,0.37,4249.41,41.07,1.52,16.72,20.33,Indian Food Nutrition dataset provided by user
IND-0081,French onion soup,Indian Food,,India,Source basis not specified,55.61,11.41,4.28,14.39,1.01,1.5,11202.89,106.22,3.52,5.35,24.85,Indian Food Nutrition dataset provided by user
IND-0082,Hot and sour soup,Indian Food,,India,Source basis not specified,31.51,3.12,1.78,1.31,0.6,0.66,163.26,10.68,0.43,24.59,39.83,Indian Food Nutrition dataset provided by user
IND-0083,Talaumein soup,Indian Food,,India,Source basis not specified,35.63,10.12,4.17,12.78,1.94,0.77,11088.14,42.33,2.23,12.62,48.58,Indian Food Nutrition dataset provided by user
IND-0084,Cold cucumber soup (Thanda kheere ka soup),Indian Food,,India,Source basis not specified,48.03,2.99,4.58,1.99,0.88,3.34,121.32,99.79,0.32,5.05,27.42,Indian Food Nutrition dataset provided by user
IND-0085,Cold summer garden soup,Indian Food,,India,Source basis not specified,49.19,8.57,2.65,14.08,1.86,0.46,9919.62,43.93,2.13,16.3,43.26,Indian Food Nutrition dataset provided by user
IND-0086,Chapati/Roti,Indian Food,,India,Source basis not specified,202.31,5.88,35.65,3.56,6.31,1.0,1.16,17.22,2.28,0.0,5.84,Indian Food Nutrition dataset provided by user
IND-0087,Plain parantha/paratha,Indian Food,,India,Source basis not specified,298.3,5.06,30.69,16.86,5.43,0.86,62.07,14.81,1.98,0.0,7.79,Indian Food Nutrition dataset provided by user
IND-0088,Potato parantha/paratha (Aloo ka parantha/paratha),Indian Food,,India,Source basis not specified,205.04,3.7,23.92,10.22,4.18,1.15,127.2,17.38,1.52,7.98,14.96,Indian Food Nutrition dataset provided by user
IND-0089,Radish parantha/paratha (Mooli ka parantha/paratha),Indian Food,,India,Source basis not specified,183.52,3.3,20.54,9.53,4.32,1.31,127.03,23.75,1.39,8.44,20.74,Indian Food Nutrition dataset provided by user
IND-0090,Cauliflower parantha/paratha (Phoolgobhi ka parantha/paratha),Indian Food,,India,Source basis not specified,178.07,3.73,18.84,9.47,4.68,1.15,190.03,22.0,1.59,17.61,26.32,Indian Food Nutrition dataset provided by user
IND-0091,Dal parantha/paratha,Indian Food,,India,Source basis not specified,268.24,6.78,30.03,13.05,6.46,1.43,156.13,23.89,2.45,1.8,29.02,Indian Food Nutrition dataset provided by user
IND-0092,Sprouted moong parantha/paratha,Indian Food,,India,Source basis not specified,228.59,4.29,24.31,12.43,4.49,1.47,153.94,20.33,1.94,2.0,12.52,Indian Food Nutrition dataset provided by user
IND-0093,Pea parantha/paratha (Matar ka parantha/paratha),Indian Food,,India,Source basis not specified,190.73,5.59,21.51,8.8,5.61,1.29,109.99,23.49,1.78,17.8,33.64,Indian Food Nutrition dataset provided by user
IND-0094,Keema parantha/paratha,Indian Food,,India,Source basis not specified,238.09,9.41,18.36,13.91,3.44,0.99,140.62,19.35,1.8,1.8,11.49,Indian Food Nutrition dataset provided by user
IND-0095,Paneer parantha/paratha,Indian Food,,India,Source basis not specified,262.97,7.98,24.33,14.62,4.0,3.77,142.52,127.65,1.7,1.69,29.0,Indian Food Nutrition dataset provided by user
IND-0096,Besan and spinach parantha/paratha (Besan aur palak ka parantha/paratha),Indian Food,,India,Source basis not specified,216.49,5.54,21.39,12.09,4.39,1.31,177.19,33.07,1.85,6.65,50.53,Indian Food Nutrition dataset provided by user
IND-0097,Poori,Indian Food,,India,Source basis not specified,737.63,1.35,8.22,77.61,1.46,0.23,31.73,3.98,0.6,0.0,4.68,Indian Food Nutrition dataset provided by user
IND-0098,Spinach poori (Palak poori),Indian Food,,India,Source basis not specified,684.25,1.42,7.76,71.86,1.55,0.24,35.47,10.02,0.79,3.03,18.9,Indian Food Nutrition dataset provided by user
IND-0099,Methi poori,Indian Food,,India,Source basis not specified,710.02,1.45,7.98,74.6,1.61,0.26,35.37,14.61,0.81,2.91,8.47,Indian Food Nutrition dataset provided by user
IND-0100,Dal stuffed poori,Indian Food,,India,Source basis not specified,785.16,2.08,10.14,81.69,1.96,0.29,128.18,6.88,0.83,0.42,7.65,Indian Food Nutrition dataset provided by user
IND-0101,Potato stuffed poori (Aloo ki poori),Indian Food,,India,Source basis not specified,776.74,1.52,9.4,81.35,1.64,0.26,69.86,5.57,0.7,1.39,5.63,Indian Food Nutrition dataset provided by user
IND-0102,Tandoori parantha/paratha,Indian Food,,India,Source basis not specified,295.37,5.08,30.74,16.51,5.44,0.86,1.14,14.98,1.96,0.0,7.79,Indian Food Nutrition dataset provided by user
IND-0103,Boiled rice (Uble chawal),Indian Food,,India,Source basis not specified,117.19,2.6,25.72,0.18,1.25,0.22,1.05,2.7,0.24,0.0,9.75,Indian Food Nutrition dataset provided by user
IND-0104,Plain pulao,Indian Food,,India,Source basis not specified,140.21,2.34,21.82,4.62,1.69,1.15,193.76,12.76,0.41,3.42,22.63,Indian Food Nutrition dataset provided by user
IND-0105,Mixed vegetable pulao,Indian Food,,India,Source basis not specified,113.05,2.72,17.49,3.33,2.67,1.35,187.92,19.61,0.6,26.15,80.63,Indian Food Nutrition dataset provided by user
IND-0106,Mushroom pulao,Indian Food,,India,Source basis not specified,124.29,2.52,19.02,4.03,1.88,1.0,222.36,13.54,0.39,3.42,26.77,Indian Food Nutrition dataset provided by user
IND-0107,Sprouted moong pulao,Indian Food,,India,Source basis not specified,112.97,2.19,17.49,3.61,1.78,1.43,153.16,16.26,0.65,7.53,43.15,Indian Food Nutrition dataset provided by user
IND-0108,Paneer pulao,Indian Food,,India,Source basis not specified,581.91,1.98,8.76,59.81,0.62,1.11,72.28,33.09,0.26,3.42,69.28,Indian Food Nutrition dataset provided by user
IND-0109,Peanut pulao,Indian Food,,India,Source basis not specified,193.28,5.32,21.18,9.51,2.9,1.6,168.4,18.52,0.83,3.42,68.06,Indian Food Nutrition dataset provided by user
IND-0110,Navratan pulao,Indian Food,,India,Source basis not specified,261.71,6.2,36.98,9.45,3.82,2.52,334.26,59.61,1.1,12.89,46.97,Indian Food Nutrition dataset provided by user
IND-0111,Green chickpeas pulao (Choliya pulao/Hare chane ka pulao),Indian Food,,India,Source basis not specified,173.43,4.88,27.57,4.82,3.15,2.48,170.05,18.94,0.95,5.43,301.13,Indian Food Nutrition dataset provided by user
IND-0112,Mutton biryani/biriyani,Indian Food,,India,Source basis not specified,190.76,7.38,22.5,7.72,2.42,2.39,262.64,68.58,1.29,10.28,30.07,Indian Food Nutrition dataset provided by user
IND-0113,Vegetable biryani/biriyani,Indian Food,,India,Source basis not specified,174.61,3.16,18.56,9.51,3.31,2.14,183.79,33.52,0.86,39.35,77.54,Indian Food Nutrition dataset provided by user
IND-0114,"Lemon rice (Pulihora, Elumichai sadam, Chitranna)",Indian Food,,India,Source basis not specified,176.3,4.26,21.62,7.88,2.52,0.78,187.11,12.7,0.77,10.2,38.01,Indian Food Nutrition dataset provided by user
IND-0115,Sweet rice (Meethe chawal),Indian Food,,India,Source basis not specified,215.41,2.1,42.59,4.57,1.13,24.8,3.2,11.38,0.34,0.21,10.65,Indian Food Nutrition dataset provided by user
IND-0116,Curd rice (Dahi bhaat/Dahi chawal/ Perugu annam/Daddojanam/Thayir saadam),Indian Food,,India,Source basis not specified,195.74,5.75,32.93,4.32,2.13,3.91,213.29,101.52,0.59,5.1,28.24,Indian Food Nutrition dataset provided by user
IND-0117,Tamarind rice (Chintapandu pulihora/Puliyodharai/Puli sadam/Huli anna),Indian Food,,India,Source basis not specified,373.04,7.45,65.08,8.53,5.12,11.65,162.41,50.94,2.89,0.84,23.02,Indian Food Nutrition dataset provided by user
IND-0118,Spanish rice,Indian Food,,India,Source basis not specified,164.24,4.19,31.1,2.23,2.78,1.26,96.61,18.93,0.92,48.66,54.48,Indian Food Nutrition dataset provided by user
IND-0119,Chinese fried rice,Indian Food,,India,Source basis not specified,120.58,4.05,13.4,5.43,2.31,1.47,248.36,34.7,0.99,67.39,136.83,Indian Food Nutrition dataset provided by user
IND-0120,Macroni cheese pie,Indian Food,,India,Source basis not specified,170.63,5.85,21.1,7.48,0.4,3.4,200.51,122.01,0.54,14.65,28.19,Indian Food Nutrition dataset provided by user
IND-0121,Vegetable chowmein,Indian Food,,India,Source basis not specified,129.71,3.07,15.44,6.36,1.86,1.97,258.47,28.33,0.99,85.39,99.36,Indian Food Nutrition dataset provided by user
IND-0122,Chicken chowmein,Indian Food,,India,Source basis not specified,151.33,6.33,13.3,8.23,1.64,1.63,288.15,26.1,0.89,84.96,102.27,Indian Food Nutrition dataset provided by user
IND-0123,Cheese noodle ring,Indian Food,,India,Source basis not specified,133.67,6.22,13.96,6.12,1.27,2.84,241.96,99.3,0.79,24.19,94.77,Indian Food Nutrition dataset provided by user
IND-0124,Spaghetti and cheese balls in tomato sauce,Indian Food,,India,Source basis not specified,508.32,2.41,7.82,52.08,0.59,1.83,104.14,40.59,0.32,57.67,115.96,Indian Food Nutrition dataset provided by user
IND-0125,Penne platter,Indian Food,,India,Source basis not specified,177.4,5.04,20.87,8.71,1.09,4.5,283.37,67.67,0.9,16.35,60.2,Indian Food Nutrition dataset provided by user
IND-0126,Pasta hot pot,Indian Food,,India,Source basis not specified,125.17,5.84,11.6,6.47,0.8,5.99,231.17,55.28,0.82,58.74,111.3,Indian Food Nutrition dataset provided by user
IND-0127,Chicken lasagne,Indian Food,,India,Source basis not specified,187.49,10.45,13.9,10.36,0.11,2.74,238.55,119.98,0.64,4.23,61.02,Indian Food Nutrition dataset provided by user
IND-0128,Fettuccine with spinach sauce,Indian Food,,India,Source basis not specified,129.21,3.1,12.19,7.83,0.77,1.18,153.59,53.67,1.28,38.37,170.92,Indian Food Nutrition dataset provided by user
IND-0129,Naan,Indian Food,,India,Source basis not specified,286.45,8.05,51.75,4.99,1.91,5.59,326.11,88.01,1.29,0.23,7.56,Indian Food Nutrition dataset provided by user
IND-0130,Bhatura,Indian Food,,India,Source basis not specified,793.2,1.63,10.73,82.56,0.38,0.69,28.3,12.12,0.33,0.05,4.15,Indian Food Nutrition dataset provided by user
IND-0131,Idli,Indian Food,,India,Source basis not specified,137.54,4.64,28.18,0.33,2.31,0.28,100.83,8.0,0.68,0.0,2.95,Indian Food Nutrition dataset provided by user
IND-0132,Masala dosa,Indian Food,,India,Source basis not specified,164.58,3.29,19.57,7.84,2.52,1.33,191.28,15.58,0.79,14.14,35.76,Indian Food Nutrition dataset provided by user
IND-0133,Semolina dosa (Suji/Rava dosa),Indian Food,,India,Source basis not specified,227.05,7.3,32.84,7.12,4.04,4.37,202.36,116.04,1.39,2.28,15.86,Indian Food Nutrition dataset provided by user
IND-0134,Onion tomato uttapam,Indian Food,,India,Source basis not specified,462.02,1.91,11.32,45.3,1.26,0.8,143.53,5.82,0.36,4.78,11.68,Indian Food Nutrition dataset provided by user
IND-0135,Paneer kaathi roll,Indian Food,,India,Source basis not specified,285.94,6.92,20.1,19.55,2.4,3.29,221.03,101.66,1.42,18.67,54.04,Indian Food Nutrition dataset provided by user
IND-0136,Makki ki roti,Indian Food,,India,Source basis not specified,263.97,3.49,24.19,16.85,5.19,0.7,236.22,14.76,1.11,1.99,10.72,Indian Food Nutrition dataset provided by user
IND-0137,Washed moong dal (Dhuli moong ki dal),Indian Food,,India,Source basis not specified,50.0,2.68,5.91,1.68,1.17,0.12,150.64,8.48,0.64,0.04,27.98,Indian Food Nutrition dataset provided by user
IND-0138,Washed urad dal (Dhuli urad ki dal),Indian Food,,India,Source basis not specified,61.32,2.51,5.84,2.98,1.53,0.32,142.21,10.24,0.72,0.99,30.4,Indian Food Nutrition dataset provided by user
IND-0139,Split bengal gram with bottle gourd (Channa dal with ghiya/lauki),Indian Food,,India,Source basis not specified,73.25,2.79,7.1,3.6,2.72,1.05,149.47,14.33,0.99,15.2,90.42,Indian Food Nutrition dataset provided by user
IND-0140,Dry washed urad,Indian Food,,India,Source basis not specified,124.71,6.85,15.66,3.5,4.06,0.73,295.79,27.08,1.89,1.46,40.3,Indian Food Nutrition dataset provided by user
IND-0141,Mixed dal,Indian Food,,India,Source basis not specified,61.93,2.51,5.79,3.1,1.62,0.34,141.36,11.0,0.78,1.1,40.35,Indian Food Nutrition dataset provided by user
IND-0142,Whole moong (Moong ki dal),Indian Food,,India,Source basis not specified,53.7,2.25,5.22,2.56,2.02,0.59,123.86,13.58,0.68,11.04,55.37,Indian Food Nutrition dataset provided by user
IND-0143,Whole masoor (Masoor ki dal),Indian Food,,India,Source basis not specified,54.05,2.28,5.37,2.52,1.98,0.67,123.72,12.2,0.95,11.04,48.17,Indian Food Nutrition dataset provided by user
IND-0144,Whole moth (Moth ki dal),Indian Food,,India,Source basis not specified,55.0,2.01,5.74,2.62,1.85,0.66,125.08,18.98,0.95,11.04,116.57,Indian Food Nutrition dataset provided by user
IND-0145,Whole urad (Urad ki dal),Indian Food,,India,Source basis not specified,53.8,2.21,5.05,2.62,2.32,0.57,126.12,13.07,0.78,10.28,51.6,Indian Food Nutrition dataset provided by user
IND-0146,Moti mahal dal (Urad rajmah mix dal),Indian Food,,India,Source basis not specified,103.13,3.93,8.74,5.66,3.38,1.7,157.61,38.13,1.05,15.45,93.14,Indian Food Nutrition dataset provided by user
IND-0147,Black channa curry/Bengal gram curry (Kale chane ki curry),Indian Food,,India,Source basis not specified,140.68,5.67,14.11,6.61,7.99,2.36,358.63,53.87,2.43,15.13,87.38,Indian Food Nutrition dataset provided by user
IND-0148,Chickpeas curry (Safed channa curry),Indian Food,,India,Source basis not specified,163.43,6.1,19.98,6.84,4.73,4.78,357.99,30.61,1.82,16.33,184.58,Indian Food Nutrition dataset provided by user
IND-0149,Lobia curry,Indian Food,,India,Source basis not specified,148.99,6.06,17.88,5.62,4.57,2.51,355.41,36.8,2.21,15.13,86.78,Indian Food Nutrition dataset provided by user
IND-0150,Soyabean curry,Indian Food,,India,Source basis not specified,163.28,10.43,6.76,10.19,7.34,2.66,352.69,65.13,2.79,15.13,103.88,Indian Food Nutrition dataset provided by user
IND-0151,Kidney bean curry (Rajmah curry),Indian Food,,India,Source basis not specified,143.73,5.95,16.38,5.77,5.83,2.49,354.6,47.87,2.27,16.33,112.28,Indian Food Nutrition dataset provided by user
IND-0152,Sambar,Indian Food,,India,Source basis not specified,96.92,3.35,10.57,4.38,3.52,3.31,159.54,30.24,1.24,20.35,68.19,Indian Food Nutrition dataset provided by user
IND-0153,Besan kadhi with pakodies,Indian Food,,India,Source basis not specified,403.35,1.64,3.56,42.59,0.81,0.88,60.8,24.53,0.38,4.17,77.03,Indian Food Nutrition dataset provided by user
IND-0154,Khatta channa,Indian Food,,India,Source basis not specified,202.57,6.3,21.14,10.56,5.26,4.75,513.32,40.77,1.94,20.89,244.23,Indian Food Nutrition dataset provided by user
IND-0155,Sprouted moong dal chat,Indian Food,,India,Source basis not specified,32.47,1.35,6.01,0.32,1.35,1.57,87.07,16.54,0.88,38.78,43.12,Indian Food Nutrition dataset provided by user
IND-0156,Potato cauliflower (Aloo gobhi),Indian Food,,India,Source basis not specified,106.18,1.9,5.99,8.13,3.02,0.44,254.76,22.87,1.07,61.11,55.94,Indian Food Nutrition dataset provided by user
IND-0157,Potato capsicum (Shimla mirch aloo),Indian Food,,India,Source basis not specified,125.53,1.41,8.72,9.33,2.02,0.54,277.92,16.45,0.86,81.26,39.8,Indian Food Nutrition dataset provided by user
IND-0158,Cabbage and peas (Pattagobhi aur matar),Indian Food,,India,Source basis not specified,63.88,3.24,6.24,2.64,3.99,0.97,253.73,45.5,1.1,54.84,75.95,Indian Food Nutrition dataset provided by user
IND-0159,Carrot and fenugreek leaves (Gajar methi),Indian Food,,India,Source basis not specified,61.92,2.1,4.17,3.81,4.43,2.11,262.91,128.83,2.72,51.83,81.67,Indian Food Nutrition dataset provided by user
IND-0160,Potato fenugreek (Aloo methi),Indian Food,,India,Source basis not specified,135.15,2.25,8.47,10.04,2.93,0.54,221.93,107.8,2.53,68.76,73.14,Indian Food Nutrition dataset provided by user
IND-0161,Brinjal bhartha (Baingan ka bhartha),Indian Food,,India,Source basis not specified,65.12,1.38,4.4,4.48,3.27,1.82,132.15,17.85,0.48,24.05,92.42,Indian Food Nutrition dataset provided by user
IND-0162,Dry potato (Sookhe aloo),Indian Food,,India,Source basis not specified,103.15,1.62,14.38,4.18,1.88,0.33,199.99,17.2,0.83,23.23,15.7,Indian Food Nutrition dataset provided by user
IND-0163,Beans with coconut (Nariyal aur sem/phali; Beans thoran),Indian Food,,India,Source basis not specified,131.63,2.62,4.39,11.39,5.59,2.06,271.65,51.92,1.34,6.03,75.87,Indian Food Nutrition dataset provided by user
IND-0164,Cauliflower with coconut (Nariyal ke saath phoolgobhi),Indian Food,,India,Source basis not specified,132.11,2.64,3.99,11.56,5.27,1.71,286.06,35.37,1.33,51.79,59.84,Indian Food Nutrition dataset provided by user
IND-0165,Carrot and cabbage with coconut (Nariyal ke saath pattagobhi aur gajar),Indian Food,,India,Source basis not specified,106.61,1.82,4.99,8.62,4.52,2.36,219.6,48.63,0.84,41.01,72.27,Indian Food Nutrition dataset provided by user
IND-0166,Raw turnip with coconut,Indian Food,,India,Source basis not specified,132.15,1.8,5.78,11.47,2.79,4.4,275.55,50.65,0.82,21.65,27.89,Indian Food Nutrition dataset provided by user
IND-0167,Raw papaya with coconut (Papaya thoran),Indian Food,,India,Source basis not specified,132.75,1.54,5.58,11.42,4.31,3.82,270.56,33.74,0.82,25.38,43.68,Indian Food Nutrition dataset provided by user
IND-0168,Stuffed okra (Bharwa bhindi),Indian Food,,India,Source basis not specified,94.34,2.08,3.85,7.66,4.15,0.48,210.03,86.89,1.18,22.65,63.97,Indian Food Nutrition dataset provided by user
IND-0169,Stuffed round gourd (Bharwa tinde),Indian Food,,India,Source basis not specified,72.8,1.1,4.02,5.75,2.1,1.96,180.15,20.21,0.59,37.36,71.07,Indian Food Nutrition dataset provided by user
IND-0170,Stuffed capsicum (Bharwa shimla mirch),Indian Food,,India,Source basis not specified,90.94,1.34,8.26,5.7,2.01,1.21,173.94,15.17,0.61,74.25,38.35,Indian Food Nutrition dataset provided by user
IND-0171,Stuffed brinjal (Bharwa baingan),Indian Food,,India,Source basis not specified,93.0,1.53,3.96,7.73,4.09,0.92,212.88,24.37,0.75,1.13,17.11,Indian Food Nutrition dataset provided by user
IND-0172,Stuffed tomatoes (Bharwa tamatar),Indian Food,,India,Source basis not specified,93.35,3.28,6.19,6.06,2.2,2.68,165.85,59.16,0.62,28.23,37.42,Indian Food Nutrition dataset provided by user
IND-0173,Pea potato curry (Aloo matar),Indian Food,,India,Source basis not specified,100.92,3.48,9.74,5.13,3.61,1.86,154.83,21.1,1.02,70.01,88.11,Indian Food Nutrition dataset provided by user
IND-0174,Pea paneer curry (Matar paneer),Indian Food,,India,Source basis not specified,134.83,6.61,9.29,7.75,3.3,3.89,157.34,105.2,1.08,58.44,127.01,Indian Food Nutrition dataset provided by user
IND-0175,Pea mushroom curry (Matar mushroom),Indian Food,,India,Source basis not specified,93.3,3.87,7.41,5.16,3.86,1.82,155.48,22.7,0.97,58.44,84.49,Indian Food Nutrition dataset provided by user
IND-0176,Pea curry (Matar ki sabzi),Indian Food,,India,Source basis not specified,102.99,4.51,9.2,5.11,4.44,1.98,154.75,24.48,1.2,77.64,107.74,Indian Food Nutrition dataset provided by user
IND-0177,Pea vadi curry,Indian Food,,India,Source basis not specified,101.95,4.64,8.9,5.08,4.28,1.92,149.51,23.62,1.2,77.64,109.24,Indian Food Nutrition dataset provided by user
IND-0178,Paneer curry,Indian Food,,India,Source basis not specified,176.52,7.8,8.4,12.38,1.4,6.29,216.09,189.06,0.81,20.04,95.56,Indian Food Nutrition dataset provided by user
IND-0179,Lotus stem curry (Kamal kakdi curry),Indian Food,,India,Source basis not specified,110.34,1.53,9.24,7.25,3.14,2.09,217.05,26.59,1.71,40.01,45.45,Indian Food Nutrition dataset provided by user
IND-0180,Gravy for kofta,Indian Food,,India,Source basis not specified,125.59,1.75,6.31,10.35,1.96,3.73,312.86,39.65,0.75,17.05,27.6,Indian Food Nutrition dataset provided by user
IND-0181,Pea kofta curry (Matar kofta curry),Indian Food,,India,Source basis not specified,595.66,2.01,4.17,63.39,1.7,0.88,83.07,13.84,0.56,74.66,129.13,Indian Food Nutrition dataset provided by user
IND-0182,Spinach kofta curry (Palak kofta curry),Indian Food,,India,Source basis not specified,571.78,1.09,3.56,61.49,0.92,0.82,104.51,29.31,0.83,64.05,250.89,Indian Food Nutrition dataset provided by user
IND-0183,Paneer kofta curry,Indian Food,,India,Source basis not specified,670.91,2.39,3.27,72.06,0.4,1.98,121.72,59.49,0.34,17.06,97.75,Indian Food Nutrition dataset provided by user
IND-0184,Lotus stem kofta curry (Kamal kakdi kofta curry),Indian Food,,India,Source basis not specified,633.56,0.96,5.01,67.76,1.01,0.88,108.61,19.31,0.65,38.6,57.76,Indian Food Nutrition dataset provided by user
IND-0185,Raw banana kofta curry (Kela kofta curry),Indian Food,,India,Source basis not specified,627.27,0.62,3.4,67.98,0.59,2.3,88.4,9.23,0.28,23.63,46.68,Indian Food Nutrition dataset provided by user
IND-0186,Cauliflower kofta curry (Phoolgobhi kofta curry),Indian Food,,India,Source basis not specified,641.1,1.04,2.62,69.62,1.0,0.83,93.65,12.26,0.4,53.98,89.51,Indian Food Nutrition dataset provided by user
IND-0187,Cabbage kofta curry (Pattagobhi kofta curry),Indian Food,,India,Source basis not specified,639.81,0.98,2.87,69.4,0.9,0.89,92.85,15.46,0.34,43.56,90.4,Indian Food Nutrition dataset provided by user
IND-0188,Ghiya/Lauki Kofta Curry,Indian Food,,India,Source basis not specified,638.71,0.89,2.71,69.4,0.83,0.82,91.43,11.64,0.33,21.87,87.12,Indian Food Nutrition dataset provided by user
IND-0189,Spinach paneer kofta curry (Palak paneer kofta curry),Indian Food,,India,Source basis not specified,606.03,1.43,2.94,65.41,0.75,1.16,99.37,37.71,0.68,47.34,197.93,Indian Food Nutrition dataset provided by user
IND-0190,Vegetarian egg kofta curry,Indian Food,,India,Source basis not specified,627.41,1.33,4.26,67.24,0.64,1.19,95.89,28.39,0.39,35.58,67.83,Indian Food Nutrition dataset provided by user
IND-0191,Baked vegetables,Indian Food,,India,Source basis not specified,88.99,3.67,8.44,4.44,2.34,2.56,124.7,80.2,0.62,47.05,77.19,Indian Food Nutrition dataset provided by user
IND-0192,Cauliflower musallam (Phoolgobhi musallam),Indian Food,,India,Source basis not specified,58.83,1.89,4.48,3.55,3.06,1.71,123.36,24.61,0.83,71.44,76.8,Indian Food Nutrition dataset provided by user
IND-0193,Baked vegetables with spinach,Indian Food,,India,Source basis not specified,77.79,3.22,6.93,4.03,2.33,2.09,122.85,78.63,1.16,78.95,223.29,Indian Food Nutrition dataset provided by user
IND-0194,Baked potato with skin,Indian Food,,India,Source basis not specified,135.77,3.43,11.11,8.5,1.2,1.66,354.5,90.06,0.5,11.88,9.99,Indian Food Nutrition dataset provided by user
IND-0195,Shepherd's pie (vegetarian),Indian Food,,India,Source basis not specified,135.63,5.04,12.03,7.3,2.23,2.78,118.2,85.59,0.76,51.68,90.43,Indian Food Nutrition dataset provided by user
IND-0196,Baked brinjal in tomato sauce,Indian Food,,India,Source basis not specified,38.63,1.58,4.13,1.62,2.34,2.2,79.66,26.24,0.32,68.38,103.99,Indian Food Nutrition dataset provided by user
IND-0197,Dum aloo,Indian Food,,India,Source basis not specified,682.33,0.7,3.33,74.01,0.68,0.71,183.85,16.49,0.36,29.39,34.41,Indian Food Nutrition dataset provided by user
IND-0198,Spinach paneer (Palak paneer),Indian Food,,India,Source basis not specified,77.68,4.03,4.43,4.76,1.91,2.55,166.87,113.25,1.85,60.21,267.05,Indian Food Nutrition dataset provided by user
IND-0199,Methi chaman,Indian Food,,India,Source basis not specified,475.62,1.54,2.78,50.91,0.53,1.79,54.94,60.57,0.63,63.26,141.85,Indian Food Nutrition dataset provided by user
IND-0200,Sarson ka saag,Indian Food,,India,Source basis not specified,87.84,3.0,5.33,5.86,3.69,0.75,165.45,134.41,2.43,59.58,128.42,Indian Food Nutrition dataset provided by user
IND-0201,Jackfruit sabzi (Kathal ki sabzi),Indian Food,,India,Source basis not specified,625.4,0.69,3.4,67.6,1.02,2.59,58.95,9.85,0.27,14.11,32.14,Indian Food Nutrition dataset provided by user
IND-0202,Avial,Indian Food,,India,Source basis not specified,124.56,2.46,8.47,8.94,5.44,3.83,81.5,31.9,1.01,94.64,108.12,Indian Food Nutrition dataset provided by user
IND-0203,Al yakhani,Indian Food,,India,Source basis not specified,147.54,2.86,4.65,13.14,1.27,3.56,206.24,103.88,0.46,5.41,60.75,Indian Food Nutrition dataset provided by user
IND-0204,Shahi paneer,Indian Food,,India,Source basis not specified,156.5,5.06,6.64,12.34,1.4,5.01,215.35,125.38,0.62,30.83,78.58,Indian Food Nutrition dataset provided by user
IND-0205,Paneer in butter sauce,Indian Food,,India,Source basis not specified,145.61,6.99,9.7,8.81,1.5,7.49,151.45,170.59,0.85,18.02,64.79,Indian Food Nutrition dataset provided by user
IND-0206,Methi malai paneer,Indian Food,,India,Source basis not specified,194.98,7.34,8.15,14.76,1.47,6.0,221.16,183.96,0.77,13.6,73.86,Indian Food Nutrition dataset provided by user
IND-0207,Chilli paneer,Indian Food,,India,Source basis not specified,777.51,2.1,3.31,84.01,0.5,1.5,89.04,42.9,0.36,4.87,28.7,Indian Food Nutrition dataset provided by user
IND-0208,Paneer makhana korma,Indian Food,,India,Source basis not specified,775.82,3.24,4.63,82.76,0.21,1.84,77.01,72.89,0.55,0.64,94.26,Indian Food Nutrition dataset provided by user
IND-0209,Kadhai Paneer,Indian Food,,India,Source basis not specified,107.99,4.33,7.34,6.81,2.07,5.54,144.33,91.53,0.65,85.83,117.12,Indian Food Nutrition dataset provided by user
IND-0210,Roghan josh,Indian Food,,India,Source basis not specified,139.59,9.56,4.93,9.02,2.08,2.66,204.31,112.33,1.77,12.41,36.34,Indian Food Nutrition dataset provided by user
IND-0211,Spinach mutton (Palak mutton),Indian Food,,India,Source basis not specified,80.32,5.74,3.45,4.71,2.23,1.42,121.1,96.88,2.38,88.11,391.34,Indian Food Nutrition dataset provided by user
IND-0212,Pea keema curry (Matar keema ki sabzi),Indian Food,,India,Source basis not specified,133.0,8.43,6.24,8.14,2.96,1.82,148.38,35.6,1.35,55.62,85.14,Indian Food Nutrition dataset provided by user
IND-0213,Keema kofta curry,Indian Food,,India,Source basis not specified,154.45,9.77,5.64,10.39,1.51,2.14,311.51,49.89,1.25,2.43,6.6,Indian Food Nutrition dataset provided by user
IND-0214,Kashmiri mutton koftas (Gushtaba),Indian Food,,India,Source basis not specified,97.42,6.33,3.04,6.77,0.62,2.13,130.11,52.53,0.85,3.22,22.46,Indian Food Nutrition dataset provided by user
IND-0215,Mutton yakhni,Indian Food,,India,Source basis not specified,104.13,8.27,0.84,7.7,0.67,0.13,101.02,88.61,1.66,0.09,6.51,Indian Food Nutrition dataset provided by user
IND-0216,Chicken yakhni,Indian Food,,India,Source basis not specified,99.0,10.66,0.78,6.1,0.62,0.12,97.38,28.24,0.93,0.09,13.24,Indian Food Nutrition dataset provided by user
IND-0217,Mutton do piaza,Indian Food,,India,Source basis not specified,183.3,9.39,4.14,14.41,1.93,2.9,118.62,118.61,1.63,7.42,67.3,Indian Food Nutrition dataset provided by user
IND-0218,Mutton chops,Indian Food,,India,Source basis not specified,663.64,4.03,1.48,71.31,0.17,0.42,51.03,36.18,0.64,3.75,16.68,Indian Food Nutrition dataset provided by user
IND-0219,Shammi kebab,Indian Food,,India,Source basis not specified,685.69,4.52,3.54,72.61,1.05,0.31,54.27,13.11,0.75,1.64,20.55,Indian Food Nutrition dataset provided by user
IND-0220,Scotch egg,Indian Food,,India,Source basis not specified,676.89,4.05,1.91,72.62,0.36,0.3,90.67,15.03,0.6,2.59,30.63,Indian Food Nutrition dataset provided by user
IND-0221,Shepherd's pie (with minced meat),Indian Food,,India,Source basis not specified,142.78,7.45,8.06,8.88,1.05,1.7,197.25,21.3,0.84,19.35,21.04,Indian Food Nutrition dataset provided by user
IND-0222,Chicken curry,Indian Food,,India,Source basis not specified,129.22,11.79,3.38,7.57,1.41,1.79,108.0,27.29,0.87,16.79,38.7,Indian Food Nutrition dataset provided by user
IND-0223,Tandoori chicken,Indian Food,,India,Source basis not specified,145.2,16.26,2.34,7.93,0.5,1.58,158.0,44.33,0.9,39.53,182.73,Indian Food Nutrition dataset provided by user
IND-0224,Butter chicken,Indian Food,,India,Source basis not specified,137.0,10.92,3.74,8.7,1.32,2.37,26.21,25.28,0.92,32.65,40.85,Indian Food Nutrition dataset provided by user
IND-0225,Chicken kebab,Indian Food,,India,Source basis not specified,729.41,3.71,1.11,78.89,0.21,0.24,69.76,3.46,0.28,0.41,3.83,Indian Food Nutrition dataset provided by user
IND-0226,Chilli chicken,Indian Food,,India,Source basis not specified,198.83,9.57,2.86,16.56,0.99,0.93,223.75,12.97,0.66,55.19,51.55,Indian Food Nutrition dataset provided by user
IND-0227,Fried chicken with tomato sauce (Fried chicken tamatar ki chutney kay saath),Indian Food,,India,Source basis not specified,125.03,11.48,2.51,7.61,1.13,1.16,107.56,16.09,0.64,10.78,17.41,Indian Food Nutrition dataset provided by user
IND-0228,Fish curry (Machli curry),Indian Food,,India,Source basis not specified,111.13,8.76,3.77,6.69,1.89,2.02,184.71,52.06,1.09,22.48,40.45,Indian Food Nutrition dataset provided by user
IND-0229,Fried fish (Indian style) (Tali hui machli),Indian Food,,India,Source basis not specified,658.54,4.35,5.4,68.88,0.61,0.4,156.94,11.11,0.56,7.22,35.19,Indian Food Nutrition dataset provided by user
IND-0230,Fried fish and Chips (English Style) (Tali hui machli aur chips),Indian Food,,India,Source basis not specified,651.75,3.36,2.77,69.69,0.29,0.17,72.73,6.56,0.26,22.16,31.65,Indian Food Nutrition dataset provided by user
IND-0231,Tomato fish,Indian Food,,India,Source basis not specified,489.79,2.39,3.18,51.91,0.72,1.35,91.47,6.46,0.24,75.09,76.88,Indian Food Nutrition dataset provided by user
IND-0232,Baked fish with cheese sauce,Indian Food,,India,Source basis not specified,113.96,8.64,4.06,7.02,0.08,3.22,209.48,115.64,0.26,9.97,29.36,Indian Food Nutrition dataset provided by user
IND-0233,Fish tikka,Indian Food,,India,Source basis not specified,117.33,16.0,3.91,4.15,1.18,1.18,503.44,31.98,1.41,0.9,4.62,Indian Food Nutrition dataset provided by user
IND-0234,Tandoori fish,Indian Food,,India,Source basis not specified,95.98,11.19,2.37,4.64,0.58,1.6,123.94,37.27,0.46,19.66,27.55,Indian Food Nutrition dataset provided by user
IND-0235,"Paneer, apple and pineapple salad",Indian Food,,India,Source basis not specified,95.08,3.88,8.35,5.07,1.65,6.36,176.63,103.05,0.84,25.3,67.13,Indian Food Nutrition dataset provided by user
IND-0236,Russian salad,Indian Food,,India,Source basis not specified,114.83,4.26,6.5,7.84,2.57,1.66,101.09,34.92,1.23,49.56,104.32,Indian Food Nutrition dataset provided by user
IND-0237,Pasta salad,Indian Food,,India,Source basis not specified,190.36,4.15,12.7,13.92,0.96,2.6,152.31,66.74,0.81,38.78,56.54,Indian Food Nutrition dataset provided by user
IND-0238,Deviled egg,Indian Food,,India,Source basis not specified,98.56,4.97,2.23,7.72,1.15,0.82,117.29,36.84,1.51,18.42,48.39,Indian Food Nutrition dataset provided by user
IND-0239,Hawain salad,Indian Food,,India,Source basis not specified,175.23,4.27,14.35,11.37,3.93,5.24,64.92,61.03,1.12,51.75,123.62,Indian Food Nutrition dataset provided by user
IND-0240,Mixed pulse and vegetable salad,Indian Food,,India,Source basis not specified,83.12,4.74,13.96,0.84,2.96,1.36,127.78,51.63,2.13,23.82,105.59,Indian Food Nutrition dataset provided by user
IND-0241,Sprouted moong salad,Indian Food,,India,Source basis not specified,37.81,2.29,5.48,0.74,0.95,2.13,116.38,54.56,1.45,27.84,49.76,Indian Food Nutrition dataset provided by user
IND-0242,Tossed salad,Indian Food,,India,Source basis not specified,62.96,1.02,4.95,4.22,2.15,1.56,77.5,32.37,0.86,85.7,99.67,Indian Food Nutrition dataset provided by user
IND-0243,Mixed vegetable salad with curd sauce,Indian Food,,India,Source basis not specified,60.28,4.23,7.03,1.5,3.79,2.16,116.66,65.51,1.35,37.73,86.34,Indian Food Nutrition dataset provided by user
IND-0244,Potato salad (Aloo ka salaad),Indian Food,,India,Source basis not specified,89.91,1.4,11.19,4.4,1.32,3.94,125.01,25.61,0.99,58.78,52.72,Indian Food Nutrition dataset provided by user
IND-0245,Waldroff salad,Indian Food,,India,Source basis not specified,141.75,1.47,11.02,10.05,1.87,8.23,13.42,29.29,1.07,21.43,40.62,Indian Food Nutrition dataset provided by user
IND-0246,Coleslaw,Indian Food,,India,Source basis not specified,76.71,1.24,5.59,5.32,2.34,3.62,29.87,37.0,0.63,22.99,41.98,Indian Food Nutrition dataset provided by user
IND-0247,Fruit salad (Phalon ka salaad),Indian Food,,India,Source basis not specified,78.14,0.91,15.96,1.22,1.58,9.78,7.11,25.93,0.81,52.45,45.4,Indian Food Nutrition dataset provided by user
IND-0248,Tomato onion raita (Tamatar aur pyaaz ka raita),Indian Food,,India,Source basis not specified,59.0,3.74,7.08,1.84,0.97,5.98,165.21,120.62,0.26,15.04,34.77,Indian Food Nutrition dataset provided by user
IND-0249,Peanut raita (Mungfali ka raita),Indian Food,,India,Source basis not specified,150.39,8.59,9.3,8.98,1.89,7.11,235.83,174.6,0.74,2.59,36.67,Indian Food Nutrition dataset provided by user
IND-0250,Sprouted moong raita,Indian Food,,India,Source basis not specified,60.89,4.62,6.13,2.19,0.16,5.59,189.2,139.44,0.86,3.59,27.0,Indian Food Nutrition dataset provided by user
IND-0251,Bottle gourd raita (Ghiya/Lauki ka raita),Indian Food,,India,Source basis not specified,56.31,3.98,5.76,2.07,0.85,5.25,188.37,138.26,0.23,4.76,39.49,Indian Food Nutrition dataset provided by user
IND-0252,Cucumber raita (Kheere ka raita),Indian Food,,India,Source basis not specified,59.13,4.04,6.35,2.08,0.86,5.22,189.96,138.58,0.29,5.65,26.92,Indian Food Nutrition dataset provided by user
IND-0253,Carrot and spinach raita (Gajar aur palak ka raita),Indian Food,,India,Source basis not specified,56.83,4.0,5.83,1.99,1.39,4.93,180.79,142.57,1.04,19.29,95.51,Indian Food Nutrition dataset provided by user
IND-0254,Mint raita (Pudinay ka raita),Indian Food,,India,Source basis not specified,77.59,5.64,7.65,2.96,0.34,7.48,274.38,198.22,0.37,2.94,20.62,Indian Food Nutrition dataset provided by user
IND-0255,Potato raita (Aloo ka raita),Indian Food,,India,Source basis not specified,75.38,4.22,10.24,2.04,0.75,5.08,183.37,132.31,0.34,15.33,27.03,Indian Food Nutrition dataset provided by user
IND-0256,Boondi raita,Indian Food,,India,Source basis not specified,687.72,2.19,3.96,73.83,0.46,1.88,99.18,49.0,0.24,0.77,37.83,Indian Food Nutrition dataset provided by user
IND-0257,Sweet raita (Meetha raita),Indian Food,,India,Source basis not specified,99.24,3.24,17.93,1.78,1.02,15.36,42.98,108.91,0.21,5.2,24.9,Indian Food Nutrition dataset provided by user
IND-0258,Dahi vadas/Dahi bhalla,Indian Food,,India,Source basis not specified,667.73,2.96,5.49,70.4,0.97,1.78,79.0,49.03,0.49,0.57,18.3,Indian Food Nutrition dataset provided by user
IND-0259,Gunjia,Indian Food,,India,Source basis not specified,667.34,2.98,5.68,70.28,1.13,2.05,77.9,48.16,0.5,0.51,19.06,Indian Food Nutrition dataset provided by user
IND-0260,Saunth/Sonth chutney with tamarind/imli,Indian Food,,India,Source basis not specified,141.53,1.01,33.55,0.15,0.93,31.31,244.38,54.74,2.71,0.09,0.99,Indian Food Nutrition dataset provided by user
IND-0261,Rice kheer (Chawal ki kheer),Indian Food,,India,Source basis not specified,75.03,2.3,10.05,2.97,0.17,8.02,16.24,75.57,0.17,5.06,19.54,Indian Food Nutrition dataset provided by user
IND-0262,Makhana kheer,Indian Food,,India,Source basis not specified,107.85,3.31,12.88,5.0,0.11,11.54,23.4,111.64,0.28,5.06,23.77,Indian Food Nutrition dataset provided by user
IND-0263,Vermicelli kheer (Semiya/Seviyan ki kheer),Indian Food,,India,Source basis not specified,120.07,3.35,15.87,5.0,0.5,12.79,22.52,104.8,0.3,4.06,16.29,Indian Food Nutrition dataset provided by user
IND-0264,Semolina kheer (Suji/Rava kheer),Indian Food,,India,Source basis not specified,113.21,3.43,15.88,4.2,0.51,12.88,22.66,105.99,0.34,4.06,17.54,Indian Food Nutrition dataset provided by user
IND-0265,Paneer kheer,Indian Food,,India,Source basis not specified,105.31,4.53,10.03,5.37,0.07,9.87,23.81,144.66,0.26,5.06,41.81,Indian Food Nutrition dataset provided by user
IND-0266,Cabbage kheer (Pattagobhi ki kheer),Indian Food,,India,Source basis not specified,83.51,2.87,9.73,3.8,0.51,9.28,22.67,102.74,0.24,17.36,33.51,Indian Food Nutrition dataset provided by user
IND-0267,Carrot kheer (Gajar ki kheer),Indian Food,,India,Source basis not specified,85.35,2.81,10.09,3.85,0.73,9.63,28.54,100.12,0.28,6.54,24.59,Indian Food Nutrition dataset provided by user
IND-0268,Cauliflower kheer (Phoolgobhi ki kheer),Indian Food,,India,Source basis not specified,81.95,3.04,8.78,3.95,0.55,8.49,25.19,101.75,0.3,23.92,36.87,Indian Food Nutrition dataset provided by user
IND-0269,Moong dal kheer,Indian Food,,India,Source basis not specified,77.16,2.95,9.89,2.97,0.4,7.92,16.34,75.66,0.28,5.06,32.3,Indian Food Nutrition dataset provided by user
IND-0270,Phirni,Indian Food,,India,Source basis not specified,116.12,3.49,16.11,4.34,0.36,10.79,22.47,104.57,0.23,5.04,20.33,Indian Food Nutrition dataset provided by user
IND-0271,Semolina halwa (Suji ka halwa),Indian Food,,India,Source basis not specified,225.65,2.16,24.67,13.38,1.86,13.98,1.28,11.77,0.65,0.05,7.96,Indian Food Nutrition dataset provided by user
IND-0272,Shahi suji halwa,Indian Food,,India,Source basis not specified,382.34,3.48,44.44,21.73,2.96,27.21,2.18,18.64,0.98,0.02,7.46,Indian Food Nutrition dataset provided by user
IND-0273,Carrot halwa (Gajar ka halwa),Indian Food,,India,Source basis not specified,172.64,3.11,18.53,9.73,2.65,16.85,39.96,106.94,0.76,6.53,44.8,Indian Food Nutrition dataset provided by user
IND-0274,Egg halwa (Ande ka halwa),Indian Food,,India,Source basis not specified,299.74,7.85,39.59,13.41,0.49,37.85,83.04,35.77,1.45,0.0,24.67,Indian Food Nutrition dataset provided by user
IND-0275,Potato halwa (Aloo ka halwa),Indian Food,,India,Source basis not specified,151.66,1.53,29.18,3.48,1.64,17.42,4.23,14.15,0.63,28.98,20.72,Indian Food Nutrition dataset provided by user
IND-0276,Pumpkin halwa (Kaddu ka halwa),Indian Food,,India,Source basis not specified,190.27,1.33,27.6,8.81,2.97,26.64,8.09,24.34,0.63,8.08,27.9,Indian Food Nutrition dataset provided by user
IND-0277,Moong dal halwa,Indian Food,,India,Source basis not specified,349.8,8.35,40.23,17.68,2.65,25.59,11.19,110.4,1.51,0.03,34.53,Indian Food Nutrition dataset provided by user
IND-0278,Caramel custard (steamed),Indian Food,,India,Source basis not specified,121.58,4.97,15.02,4.87,0.0,14.98,43.57,88.12,0.51,3.02,35.21,Indian Food Nutrition dataset provided by user
IND-0279,Baked custard,Indian Food,,India,Source basis not specified,106.53,5.41,9.45,5.3,0.0,9.42,47.13,95.32,0.54,3.02,35.21,Indian Food Nutrition dataset provided by user
IND-0280,Soft Custard (stirred),Indian Food,,India,Source basis not specified,109.18,5.01,11.19,5.07,0.0,11.15,122.17,95.82,0.49,3.62,37.31,Indian Food Nutrition dataset provided by user
IND-0281,Chocolate ice cream,Indian Food,,India,Source basis not specified,177.7,4.47,15.41,11.25,0.0,15.33,36.79,84.24,0.47,4.06,43.75,Indian Food Nutrition dataset provided by user
IND-0282,Mango ice cream,Indian Food,,India,Source basis not specified,125.69,3.4,11.14,7.62,0.52,11.01,29.13,67.17,0.39,44.98,142.26,Indian Food Nutrition dataset provided by user
IND-0283,Fruit Ice cream (Phalon ka Ice cream),Indian Food,,India,Source basis not specified,171.46,4.37,16.05,10.38,0.33,14.03,38.78,93.35,0.36,4.02,15.6,Indian Food Nutrition dataset provided by user
IND-0284,Caramel ice cream,Indian Food,,India,Source basis not specified,173.52,4.31,14.81,11.15,0.08,14.52,33.47,87.32,0.35,3.27,25.96,Indian Food Nutrition dataset provided by user
IND-0285,Lemon souffle,Indian Food,,India,Source basis not specified,168.51,6.95,13.43,10.02,0.0,11.67,50.73,59.81,0.56,12.9,32.11,Indian Food Nutrition dataset provided by user
IND-0286,Orange souffle,Indian Food,,India,Source basis not specified,168.28,6.8,14.2,9.73,0.22,12.31,49.22,59.04,0.65,19.16,37.93,Indian Food Nutrition dataset provided by user
IND-0287,Vanilla souffle,Indian Food,,India,Source basis not specified,187.85,7.71,14.78,11.19,0.0,12.86,56.73,70.6,0.58,1.3,30.71,Indian Food Nutrition dataset provided by user
IND-0288,Chocolate souffle,Indian Food,,India,Source basis not specified,189.32,7.88,14.74,11.36,0.0,12.69,56.07,71.55,0.71,1.3,31.85,Indian Food Nutrition dataset provided by user
IND-0289,Pineapple souffle,Indian Food,,India,Source basis not specified,196.14,8.06,15.52,11.72,0.0,13.45,59.17,67.23,0.61,1.0,29.66,Indian Food Nutrition dataset provided by user
IND-0290,Apple mousse,Indian Food,,India,Source basis not specified,106.92,4.21,12.77,4.27,1.6,10.56,28.79,33.76,0.48,14.48,35.22,Indian Food Nutrition dataset provided by user
IND-0291,Rich chocolate mousse,Indian Food,,India,Source basis not specified,188.26,7.96,10.84,12.19,0.0,10.3,51.71,54.59,0.97,0.7,31.64,Indian Food Nutrition dataset provided by user
IND-0292,Mango mousse,Indian Food,,India,Source basis not specified,124.98,3.21,9.14,8.47,0.88,8.89,19.62,51.38,0.35,42.76,110.68,Indian Food Nutrition dataset provided by user
IND-0293,Orange and pineapple cream,Indian Food,,India,Source basis not specified,101.18,1.44,11.96,5.43,1.03,11.37,10.17,35.0,0.41,19.89,10.56,Indian Food Nutrition dataset provided by user
IND-0294,Charlotte rousse,Indian Food,,India,Source basis not specified,188.29,3.95,34.08,4.78,1.01,20.48,56.45,34.95,0.53,25.28,28.72,Indian Food Nutrition dataset provided by user
IND-0295,Triffle pudding,Indian Food,,India,Source basis not specified,116.97,2.93,18.24,3.93,0.12,13.89,26.95,48.72,0.47,19.31,28.71,Indian Food Nutrition dataset provided by user
IND-0296,Snow flakes pudding,Indian Food,,India,Source basis not specified,95.21,4.67,8.07,4.97,0.03,8.01,39.6,101.33,0.42,5.47,42.48,Indian Food Nutrition dataset provided by user
IND-0297,Kulfi,Indian Food,,India,Source basis not specified,98.43,3.21,11.3,4.7,0.12,10.39,23.97,111.86,0.2,5.04,18.69,Indian Food Nutrition dataset provided by user
IND-0298,Steamed orange pudding,Indian Food,,India,Source basis not specified,278.03,2.34,41.53,12.04,0.58,26.53,79.1,21.15,0.55,21.74,15.92,Indian Food Nutrition dataset provided by user
IND-0299,Meringue and rice pudding,Indian Food,,India,Source basis not specified,112.93,4.84,14.6,4.05,0.17,10.87,44.16,85.43,0.37,3.02,24.69,Indian Food Nutrition dataset provided by user
IND-0300,Cheese pudding,Indian Food,,India,Source basis not specified,285.01,11.29,19.27,18.37,0.05,18.63,37.83,226.11,0.87,0.3,60.43,Indian Food Nutrition dataset provided by user
IND-0301,Chocolate pudding,Indian Food,,India,Source basis not specified,211.96,3.55,29.59,9.48,0.53,20.68,171.36,64.56,0.6,0.75,18.08,Indian Food Nutrition dataset provided by user
IND-0302,Bread and butter pudding,Indian Food,,India,Source basis not specified,167.94,5.59,19.63,7.88,0.98,11.84,96.3,105.54,0.9,1.58,21.41,Indian Food Nutrition dataset provided by user
IND-0303,Queen of pudding,Indian Food,,India,Source basis not specified,132.92,5.51,16.35,5.38,0.27,11.77,85.59,78.26,0.53,8.11,46.64,Indian Food Nutrition dataset provided by user
IND-0304,Pineapple upside down pudding,Indian Food,,India,Source basis not specified,257.73,3.15,35.73,11.91,0.8,22.16,74.52,26.05,0.68,9.66,15.44,Indian Food Nutrition dataset provided by user
IND-0305,Date and nut pie,Indian Food,,India,Source basis not specified,322.42,3.93,46.86,13.31,4.13,31.18,3.87,34.69,1.54,6.39,32.22,Indian Food Nutrition dataset provided by user
IND-0306,Stewed apple with custard,Indian Food,,India,Source basis not specified,92.87,1.27,18.36,1.82,1.01,15.46,16.66,49.24,0.18,5.6,10.2,Indian Food Nutrition dataset provided by user
IND-0307,Apple snowballs,Indian Food,,India,Source basis not specified,101.51,0.86,24.58,0.31,1.25,19.4,12.8,9.43,0.18,4.46,4.64,Indian Food Nutrition dataset provided by user
IND-0308,Hot orange souffle,Indian Food,,India,Source basis not specified,179.97,6.87,18.77,8.95,0.29,14.93,58.8,53.81,1.03,7.01,30.66,Indian Food Nutrition dataset provided by user
IND-0309,Hot chocolate souffle,Indian Food,,India,Source basis not specified,226.09,6.7,26.21,11.1,0.12,22.88,54.11,60.19,1.08,0.9,30.6,Indian Food Nutrition dataset provided by user
IND-0310,Hot vanilla souffle,Indian Food,,India,Source basis not specified,192.93,6.87,21.77,9.07,0.13,18.17,59.59,63.2,0.93,0.9,28.8,Indian Food Nutrition dataset provided by user
IND-0311,Plain burfi (Burfi),Indian Food,,India,Source basis not specified,408.32,9.82,30.88,27.96,0.17,30.43,31.65,355.78,1.5,0.05,23.94,Indian Food Nutrition dataset provided by user
IND-0312,Coconut burfi (Nariyal ki burfi),Indian Food,,India,Source basis not specified,467.64,8.81,32.15,34.63,3.5,31.5,27.63,272.81,1.82,0.0,26.6,Indian Food Nutrition dataset provided by user
IND-0313,Bottle gourd burfi (Ghiya/Lauki burfi),Indian Food,,India,Source basis not specified,275.96,5.86,24.51,17.68,0.73,23.92,18.15,215.85,0.93,1.08,34.06,Indian Food Nutrition dataset provided by user
IND-0314,Chocolate burfi,Indian Food,,India,Source basis not specified,339.33,13.0,33.15,17.86,0.0,32.38,39.32,466.48,2.12,0.0,23.85,Indian Food Nutrition dataset provided by user
IND-0315,Cashewnut burfi (Kaju burfi/Kaju katli),Indian Food,,India,Source basis not specified,421.74,5.48,37.92,28.46,1.12,31.43,4.23,12.95,1.79,0.0,2.1,Indian Food Nutrition dataset provided by user
IND-0316,Gram flour burfi (Besan burfi),Indian Food,,India,Source basis not specified,421.79,11.19,46.59,22.41,3.41,28.44,13.02,160.71,1.47,0.0,32.38,Indian Food Nutrition dataset provided by user
IND-0317,Semolina ladoo with khoya (Suji/Rava aur khoye ke ladoo ),Indian Food,,India,Source basis not specified,428.71,6.71,52.86,21.86,4.68,33.28,14.4,106.42,1.73,0.03,7.1,Indian Food Nutrition dataset provided by user
IND-0318,Semolina ladoo with coconut (Suji/Rava aur nariyal ke ladoo ),Indian Food,,India,Source basis not specified,464.43,5.68,50.9,27.03,6.69,27.32,9.06,26.72,1.83,0.05,5.21,Indian Food Nutrition dataset provided by user
IND-0319,Gram flour ladoo (Besan ladoo),Indian Food,,India,Source basis not specified,476.91,8.93,62.61,22.76,4.43,37.76,5.48,25.35,1.51,0.0,24.79,Indian Food Nutrition dataset provided by user
IND-0320,Sesame ladoo (Til ke ladoo),Indian Food,,India,Source basis not specified,396.96,10.7,43.5,19.64,7.72,38.63,18.55,631.82,8.94,0.0,18.17,Indian Food Nutrition dataset provided by user
IND-0321,Chenna murki,Indian Food,,India,Source basis not specified,252.69,10.46,36.01,8.2,0.0,35.55,11.4,266.85,0.55,0.0,46.65,Indian Food Nutrition dataset provided by user
IND-0322,Milk cake,Indian Food,,India,Source basis not specified,127.41,3.01,9.13,8.93,0.06,8.9,24.97,104.94,0.2,8.0,18.19,Indian Food Nutrition dataset provided by user
IND-0323,Ghujia/Lavang latika,Indian Food,,India,Source basis not specified,768.98,1.86,13.0,78.93,0.52,6.08,3.28,31.01,0.44,0.01,6.86,Indian Food Nutrition dataset provided by user
IND-0324,Gulab Jamun with khoya,Indian Food,,India,Source basis not specified,586.06,2.03,26.09,53.23,0.07,24.12,15.09,67.32,0.39,0.02,16.44,Indian Food Nutrition dataset provided by user
IND-0325,Mal pua,Indian Food,,India,Source basis not specified,566.68,1.71,17.56,54.64,0.62,11.77,6.35,30.05,0.33,0.67,5.3,Indian Food Nutrition dataset provided by user
IND-0326,Shahi tukre,Indian Food,,India,Source basis not specified,189.81,2.76,41.46,2.54,0.51,34.7,71.04,76.47,0.37,0.86,7.61,Indian Food Nutrition dataset provided by user
IND-0327,Potato pakora/pakoda (Aloo pakoda),Indian Food,,India,Source basis not specified,677.19,1.9,6.04,71.84,1.03,0.22,63.38,6.59,0.38,18.53,109.12,Indian Food Nutrition dataset provided by user
IND-0328,Onion pakora/pakoda (Pyaaz ke pakode),Indian Food,,India,Source basis not specified,674.61,1.9,5.41,71.84,1.11,0.88,63.55,7.95,0.36,5.36,119.81,Indian Food Nutrition dataset provided by user
IND-0329,Cauliflower pakora/pakoda (Phoolgobhi ke pakode),Indian Food,,India,Source basis not specified,671.63,1.98,4.52,71.86,1.26,0.23,66.54,8.44,0.42,37.72,133.47,Indian Food Nutrition dataset provided by user
IND-0330,Mixed vegetable pakora/pakoda,Indian Food,,India,Source basis not specified,673.81,1.94,5.12,71.86,1.13,0.38,65.35,9.55,0.46,21.46,143.18,Indian Food Nutrition dataset provided by user
IND-0331,Spinach pakora/pakoda (Palak pakoda),Indian Food,,India,Source basis not specified,712.62,1.96,4.68,76.38,1.02,0.2,69.54,10.99,0.52,12.12,153.51,Indian Food Nutrition dataset provided by user
IND-0332,Methi pakora/pakoda (Methi ke pakode),Indian Food,,India,Source basis not specified,713.25,2.06,4.68,76.39,1.18,0.25,69.83,23.07,0.69,23.31,126.81,Indian Food Nutrition dataset provided by user
IND-0333,Egg pakora/pakoda (Ande ke pakode),Indian Food,,India,Source basis not specified,710.51,2.83,4.48,75.86,0.86,0.19,75.37,9.55,0.47,0.01,121.37,Indian Food Nutrition dataset provided by user
IND-0334,Bread pakora/pakoda,Indian Food,,India,Source basis not specified,710.99,2.57,8.87,74.2,1.11,0.46,101.49,19.83,0.46,0.01,114.11,Indian Food Nutrition dataset provided by user
IND-0335,Paneer pakora/pakoda,Indian Food,,India,Source basis not specified,718.12,3.27,5.52,76.05,0.89,1.08,131.7,43.38,0.43,0.07,143.43,Indian Food Nutrition dataset provided by user
IND-0336,Potato bonda (Aloo bonda),Indian Food,,India,Source basis not specified,632.84,1.09,4.53,67.8,0.83,0.27,132.53,6.79,0.37,8.96,16.02,Indian Food Nutrition dataset provided by user
IND-0337,Potato samosa (Aloo ka samosa),Indian Food,,India,Source basis not specified,577.39,1.71,9.21,59.19,1.19,0.29,77.1,7.63,0.5,11.27,12.8,Indian Food Nutrition dataset provided by user
IND-0338,Minced meat samosa (Keema ka samosa),Indian Food,,India,Source basis not specified,620.99,4.43,6.14,64.26,0.39,0.5,88.64,6.7,0.55,0.82,4.62,Indian Food Nutrition dataset provided by user
IND-0339,Paneer and pea samosa (Paneer matar ka samosa),Indian Food,,India,Source basis not specified,623.81,4.02,8.55,63.65,1.02,1.69,78.18,64.56,0.53,6.67,26.39,Indian Food Nutrition dataset provided by user
IND-0340,Mathri,Indian Food,,India,Source basis not specified,805.12,1.75,12.32,83.1,0.6,0.29,64.7,5.23,0.43,0.0,2.38,Indian Food Nutrition dataset provided by user
IND-0341,Khasta kachori,Indian Food,,India,Source basis not specified,712.73,2.51,12.81,72.27,0.97,0.34,90.56,7.84,0.59,0.86,6.38,Indian Food Nutrition dataset provided by user
IND-0342,Vegetable cutlet,Indian Food,,India,Source basis not specified,665.45,1.25,4.68,71.33,0.93,0.35,85.38,13.55,0.4,16.89,30.52,Indian Food Nutrition dataset provided by user
IND-0343,Flattened rice cutlet (Chirwa cutlet/Chivda cutlet/Poha cutlet),Indian Food,,India,Source basis not specified,701.71,1.76,7.39,73.89,0.86,0.27,76.65,9.17,0.59,12.63,23.98,Indian Food Nutrition dataset provided by user
IND-0344,Peanut cutlet (Mungfali ke cutlet),Indian Food,,India,Source basis not specified,698.77,2.63,5.68,74.0,1.21,0.51,84.24,14.38,0.56,12.63,38.52,Indian Food Nutrition dataset provided by user
IND-0345,Fish cutlet (Machli ka cutlet),Indian Food,,India,Source basis not specified,654.64,2.77,3.13,70.11,0.54,0.29,75.33,10.44,0.36,10.46,19.06,Indian Food Nutrition dataset provided by user
IND-0346,Paneer potato cutlet (Paneer aloo cutlet),Indian Food,,India,Source basis not specified,672.94,2.47,5.23,71.4,0.41,1.02,85.71,45.36,0.38,11.61,41.52,Indian Food Nutrition dataset provided by user
IND-0347,Spinach chickpeas cutlet (Palak channa dal cutlet),Indian Food,,India,Source basis not specified,688.03,1.44,4.93,73.6,0.93,0.16,79.13,11.3,0.57,16.18,49.07,Indian Food Nutrition dataset provided by user
IND-0348,Cheese toast,Indian Food,,India,Source basis not specified,785.37,1.98,5.49,84.11,0.31,0.53,121.05,43.87,0.31,0.0,6.85,Indian Food Nutrition dataset provided by user
IND-0349,Vegetable burger,Indian Food,,India,Source basis not specified,519.93,3.26,13.69,50.63,1.7,1.88,168.97,26.08,0.7,24.68,40.96,Indian Food Nutrition dataset provided by user
IND-0350,Cheese pizza,Indian Food,,India,Source basis not specified,249.5,5.79,30.62,12.43,1.95,3.42,397.73,96.51,1.09,6.72,15.85,Indian Food Nutrition dataset provided by user
IND-0351,Vegetable seekh kebab,Indian Food,,India,Source basis not specified,690.73,1.57,5.32,73.72,0.59,0.74,83.67,32.66,0.36,6.86,13.84,Indian Food Nutrition dataset provided by user
IND-0352,Masala vada,Indian Food,,India,Source basis not specified,826.02,1.69,4.06,89.15,1.07,0.24,74.53,7.45,0.52,2.05,32.14,Indian Food Nutrition dataset provided by user
IND-0353,Peanut sago vada (Sabudana mungfali vada),Indian Food,,India,Source basis not specified,749.89,1.01,7.14,79.82,0.62,0.19,71.29,5.03,0.38,9.74,15.66,Indian Food Nutrition dataset provided by user
IND-0354,Vegeterian scotch egg,Indian Food,,India,Source basis not specified,681.67,2.16,4.64,72.77,0.58,0.23,93.33,15.2,0.46,12.53,32.4,Indian Food Nutrition dataset provided by user
IND-0355,Paneer shaslik/tikka,Indian Food,,India,Source basis not specified,93.85,5.11,7.98,4.49,1.23,4.61,103.39,123.86,0.68,107.71,174.74,Indian Food Nutrition dataset provided by user
IND-0356,Peanut brittle (Moongfali ki chikki),Indian Food,,India,Source basis not specified,320.46,6.94,47.46,11.13,2.63,43.92,15.99,68.03,3.22,0.0,7.48,Indian Food Nutrition dataset provided by user
IND-0357,Spring roll,Indian Food,,India,Source basis not specified,623.87,1.81,8.56,64.63,0.67,0.6,132.84,9.51,0.49,4.59,9.59,Indian Food Nutrition dataset provided by user
IND-0358,Dry mango chutney (Sookhe aam ki chutney),Indian Food,,India,Source basis not specified,298.13,2.43,69.17,0.7,3.74,61.86,437.91,72.05,3.98,0.25,5.17,Indian Food Nutrition dataset provided by user
IND-0359,Peanut chutney (Mungfali ki chutney),Indian Food,,India,Source basis not specified,258.37,11.8,9.87,19.06,5.73,2.76,475.34,34.79,1.99,4.2,10.14,Indian Food Nutrition dataset provided by user
IND-0360,Coconut chutney (Nariyal ki chutney),Indian Food,,India,Source basis not specified,265.92,3.59,8.29,25.0,6.73,3.79,428.28,15.7,1.25,4.13,4.74,Indian Food Nutrition dataset provided by user
IND-0361,Mint and coriander chutney (Pudinay aur dhaniye ki chutney),Indian Food,,India,Source basis not specified,102.6,2.81,21.18,0.51,4.33,15.88,391.66,107.45,4.76,3.62,10.89,Indian Food Nutrition dataset provided by user
IND-0362,Custard tart,Indian Food,,India,Source basis not specified,225.6,3.72,28.66,10.73,0.91,9.31,59.74,57.47,0.49,1.18,5.64,Indian Food Nutrition dataset provided by user
IND-0363,Lemon tart,Indian Food,,India,Source basis not specified,303.35,6.12,30.68,17.45,0.81,10.68,76.09,24.03,0.98,2.66,9.19,Indian Food Nutrition dataset provided by user
IND-0364,Jam tart,Indian Food,,India,Source basis not specified,360.72,4.42,46.18,17.35,1.14,14.74,70.34,12.23,0.74,0.0,2.44,Indian Food Nutrition dataset provided by user
IND-0365,Orange cream tart,Indian Food,,India,Source basis not specified,197.16,2.58,27.43,8.72,0.64,10.08,36.85,13.84,0.58,19.6,13.7,Indian Food Nutrition dataset provided by user
IND-0366,Pineapple tart,Indian Food,,India,Source basis not specified,195.4,2.29,28.62,8.21,0.87,11.09,37.88,12.02,0.5,6.85,6.84,Indian Food Nutrition dataset provided by user
IND-0367,Cheese and mushroom tart,Indian Food,,India,Source basis not specified,246.1,5.51,21.43,15.28,1.18,3.16,212.42,100.97,0.59,6.53,7.96,Indian Food Nutrition dataset provided by user
IND-0368,Cottage cheese pie,Indian Food,,India,Source basis not specified,238.98,7.45,20.66,13.83,2.21,3.62,103.29,108.05,0.92,36.25,124.39,Indian Food Nutrition dataset provided by user
IND-0369,Minced meat pie,Indian Food,,India,Source basis not specified,221.55,7.38,18.11,13.04,2.33,1.42,127.85,18.14,1.07,37.52,69.49,Indian Food Nutrition dataset provided by user
IND-0370,Apple cinnamon pie,Indian Food,,India,Source basis not specified,258.73,3.35,33.68,12.21,1.77,11.95,60.14,16.14,0.65,2.24,11.58,Indian Food Nutrition dataset provided by user
IND-0371,Lemon meringue pie,Indian Food,,India,Source basis not specified,224.43,3.88,35.11,8.16,0.44,21.17,85.12,16.79,0.67,5.1,17.48,Indian Food Nutrition dataset provided by user
IND-0372,Chocolate meringue pie,Indian Food,,India,Source basis not specified,214.76,4.98,28.8,9.17,0.37,15.03,80.77,55.98,0.92,1.26,23.21,Indian Food Nutrition dataset provided by user
IND-0373,Cream puffs,Indian Food,,India,Source basis not specified,221.33,4.7,16.0,15.48,0.38,5.94,98.76,37.93,0.58,0.2,8.79,Indian Food Nutrition dataset provided by user
IND-0374,Chocolate eclairs,Indian Food,,India,Source basis not specified,239.42,4.24,26.22,13.5,0.33,17.34,85.88,34.21,0.68,0.4,18.34,Indian Food Nutrition dataset provided by user
IND-0375,Cheese balls,Indian Food,,India,Source basis not specified,681.28,2.21,4.81,72.57,0.18,0.63,120.7,30.01,0.32,0.01,2.95,Indian Food Nutrition dataset provided by user
IND-0376,Minced meat patties,Indian Food,,India,Source basis not specified,265.72,6.88,15.25,19.57,0.77,0.88,252.18,19.23,0.93,1.58,16.37,Indian Food Nutrition dataset provided by user
IND-0377,Cheese patties,Indian Food,,India,Source basis not specified,324.01,7.38,22.23,22.67,1.24,3.93,295.22,126.41,0.82,3.37,31.43,Indian Food Nutrition dataset provided by user
IND-0378,Hot cheese souffle,Indian Food,,India,Source basis not specified,177.1,9.18,5.41,13.23,0.12,2.91,286.96,169.17,0.83,2.41,66.94,Indian Food Nutrition dataset provided by user
IND-0379,Hot potato souffle,Indian Food,,India,Source basis not specified,125.64,5.51,8.56,7.64,0.66,1.78,97.2,56.84,0.79,30.19,78.05,Indian Food Nutrition dataset provided by user
IND-0380,Hot fish souffle,Indian Food,,India,Source basis not specified,142.92,11.23,3.69,9.24,0.1,1.68,110.94,58.18,0.7,2.41,70.97,Indian Food Nutrition dataset provided by user
IND-0381,Hot spinach souffle,Indian Food,,India,Source basis not specified,104.25,5.43,4.19,7.24,0.99,1.64,104.69,80.77,1.67,47.83,272.44,Indian Food Nutrition dataset provided by user
IND-0382,Plain cream cake,Indian Food,,India,Source basis not specified,353.94,6.18,47.18,16.17,0.71,27.74,174.0,41.95,1.02,0.08,8.66,Indian Food Nutrition dataset provided by user
IND-0383,Apple cake (Seb ka cake),Indian Food,,India,Source basis not specified,290.08,4.94,39.48,12.87,1.22,23.52,136.95,38.99,0.9,1.16,9.32,Indian Food Nutrition dataset provided by user
IND-0384,Marble cake,Indian Food,,India,Source basis not specified,354.11,6.3,46.88,16.27,0.71,27.56,138.48,39.6,1.12,0.08,8.85,Indian Food Nutrition dataset provided by user
IND-0385,Chocolate cake,Indian Food,,India,Source basis not specified,335.61,6.01,45.14,15.18,0.64,27.58,241.93,41.13,1.08,0.15,9.21,Indian Food Nutrition dataset provided by user
IND-0386,Orange cake,Indian Food,,India,Source basis not specified,357.61,6.1,48.28,16.21,0.83,28.38,105.41,29.72,1.06,1.88,9.25,Indian Food Nutrition dataset provided by user
IND-0387,Fruit Loaf,Indian Food,,India,Source basis not specified,324.19,5.36,46.49,13.31,0.87,24.54,160.6,45.71,0.96,2.47,7.82,Indian Food Nutrition dataset provided by user
IND-0388,Banana cake (Kele ka cake),Indian Food,,India,Source basis not specified,389.51,5.77,40.0,23.31,1.14,23.04,117.81,23.55,1.14,0.98,11.33,Indian Food Nutrition dataset provided by user
IND-0389,Chocolate chiffon cake,Indian Food,,India,Source basis not specified,311.71,5.76,37.87,15.8,0.7,24.25,188.59,42.15,1.07,0.21,12.0,Indian Food Nutrition dataset provided by user
IND-0390,Christmas cake,Indian Food,,India,Source basis not specified,372.95,5.49,48.29,16.88,1.49,27.45,64.84,40.98,1.32,8.51,17.06,Indian Food Nutrition dataset provided by user
IND-0391,Strawberry and vanilla cake with butter icing,Indian Food,,India,Source basis not specified,370.54,3.89,44.25,20.39,0.79,32.43,107.27,28.17,0.7,8.4,12.8,Indian Food Nutrition dataset provided by user
IND-0392,Eggless cake,Indian Food,,India,Source basis not specified,318.08,8.12,46.14,11.75,0.68,27.7,310.5,212.97,0.61,1.35,7.58,Indian Food Nutrition dataset provided by user
IND-0393,Swiss roll,Indian Food,,India,Source basis not specified,251.87,7.3,48.34,3.77,0.55,32.96,51.9,24.11,1.19,0.0,14.36,Indian Food Nutrition dataset provided by user
IND-0394,Pineapple pastry,Indian Food,,India,Source basis not specified,208.21,6.06,29.04,7.87,0.72,18.83,44.3,42.97,0.86,3.64,17.42,Indian Food Nutrition dataset provided by user
IND-0395,Black forest pastry,Indian Food,,India,Source basis not specified,233.55,6.09,34.48,8.46,0.54,21.35,53.43,44.15,0.92,0.91,16.28,Indian Food Nutrition dataset provided by user
IND-0396,Coconut finger,Indian Food,,India,Source basis not specified,274.86,7.09,42.56,8.86,1.87,28.55,46.86,24.04,1.31,0.0,15.88,Indian Food Nutrition dataset provided by user
IND-0397,Pineapple cake,Indian Food,,India,Source basis not specified,195.57,5.01,23.51,9.34,0.76,16.16,37.47,49.06,0.64,27.35,80.64,Indian Food Nutrition dataset provided by user
IND-0398,Chocolate walnut cookies (Chocolate aur akhrot ke cookies),Indian Food,,India,Source basis not specified,424.8,6.56,47.1,23.62,1.54,22.58,280.44,36.1,1.37,0.16,4.22,Indian Food Nutrition dataset provided by user
IND-0399,Chocolate chip cookies,Indian Food,,India,Source basis not specified,425.29,5.79,57.98,19.38,1.05,30.29,278.29,24.76,1.22,0.0,2.62,Indian Food Nutrition dataset provided by user
IND-0400,Sweet plain biscuit,Indian Food,,India,Source basis not specified,380.76,5.86,50.29,17.67,1.07,21.77,132.59,42.88,0.92,0.03,1.7,Indian Food Nutrition dataset provided by user
IND-0401,Chocolate biscuit,Indian Food,,India,Source basis not specified,379.76,5.88,51.56,17.09,1.01,24.16,127.02,41.51,1.14,0.03,1.81,Indian Food Nutrition dataset provided by user
IND-0402,Coconut biscuit (Nariyal ke biscuit),Indian Food,,India,Source basis not specified,434.98,5.78,42.9,27.16,3.64,20.76,105.76,37.81,1.32,0.03,2.51,Indian Food Nutrition dataset provided by user
IND-0403,Sweet and salty biscuit (Meethay aur namkeen biscuit),Indian Food,,India,Source basis not specified,407.96,6.15,45.09,22.39,1.68,7.22,414.7,37.24,1.05,0.03,1.02,Indian Food Nutrition dataset provided by user
IND-0404,Peanut biscuit,Indian Food,,India,Source basis not specified,401.05,8.45,46.72,20.41,2.48,21.26,202.26,50.58,1.34,0.03,4.23,Indian Food Nutrition dataset provided by user
IND-0405,Pin wheel biscuit,Indian Food,,India,Source basis not specified,404.6,5.4,54.56,18.66,1.16,23.25,131.73,42.7,1.13,0.05,1.72,Indian Food Nutrition dataset provided by user
IND-0406,Saffron biscuit (Kesar biscuit),Indian Food,,India,Source basis not specified,458.61,6.05,59.7,22.01,1.9,22.42,5.65,25.71,1.23,0.01,1.1,Indian Food Nutrition dataset provided by user
IND-0407,Masala biscuit,Indian Food,,India,Source basis not specified,393.64,6.06,45.18,20.75,2.14,6.82,714.52,53.73,1.32,0.15,2.15,Indian Food Nutrition dataset provided by user
IND-0408,Ice box cookies,Indian Food,,India,Source basis not specified,374.24,5.7,56.09,14.44,1.28,26.69,449.14,18.5,1.04,0.1,1.64,Indian Food Nutrition dataset provided by user
IND-0409,Ginger bread man,Indian Food,,India,Source basis not specified,365.0,6.61,60.26,11.01,1.6,29.12,477.99,37.92,2.12,0.09,4.65,Indian Food Nutrition dataset provided by user
IND-0410,Danish cookies,Indian Food,,India,Source basis not specified,475.33,5.33,58.0,24.92,1.37,21.73,201.06,15.97,0.98,0.0,1.02,Indian Food Nutrition dataset provided by user
IND-0411,Short bread cookies,Indian Food,,India,Source basis not specified,443.09,6.03,64.82,17.98,1.57,23.31,145.0,15.92,1.12,0.0,1.62,Indian Food Nutrition dataset provided by user
IND-0412,Coffee biscuit,Indian Food,,India,Source basis not specified,416.57,6.9,46.55,23.0,1.59,21.69,112.53,48.92,1.27,0.03,3.0,Indian Food Nutrition dataset provided by user
IND-0413,Melting moments,Indian Food,,India,Source basis not specified,437.91,5.71,55.84,21.78,1.88,25.0,119.09,30.39,1.2,0.0,3.59,Indian Food Nutrition dataset provided by user
IND-0414,Ginger biscuit (Adarak ke biscuit),Indian Food,,India,Source basis not specified,417.91,5.98,58.44,18.31,1.49,27.06,79.68,25.97,2.2,0.0,1.59,Indian Food Nutrition dataset provided by user
IND-0415,Soyabean muthias,Indian Food,,India,Source basis not specified,839.33,2.46,3.7,90.45,1.47,0.17,78.25,12.16,0.6,0.79,22.43,Indian Food Nutrition dataset provided by user
IND-0416,Soyabean tikki,Indian Food,,India,Source basis not specified,698.17,3.53,4.39,74.02,2.2,0.35,88.72,29.23,1.04,6.71,57.9,Indian Food Nutrition dataset provided by user
IND-0417,Soyabean namak paras,Indian Food,,India,Source basis not specified,838.46,2.65,4.65,89.83,1.41,0.22,72.05,12.13,0.64,0.0,45.64,Indian Food Nutrition dataset provided by user
IND-0418,Peanut burfi (Moongfali ki burfi),Indian Food,,India,Source basis not specified,550.99,9.31,48.14,36.84,4.09,43.08,6.78,25.2,1.45,0.0,7.57,Indian Food Nutrition dataset provided by user
IND-0419,Spinach peanut namak paras (Palak moongfali namak paras),Indian Food,,India,Source basis not specified,740.16,1.65,6.62,78.51,0.81,0.28,73.15,13.35,0.67,11.39,64.2,Indian Food Nutrition dataset provided by user
IND-0420,Gram flour and semolina chilla/cheela/savory pancake (Besan suji chilla/cheela),Indian Food,,India,Source basis not specified,758.89,2.08,7.63,80.04,1.39,0.25,74.88,12.13,0.67,3.8,34.83,Indian Food Nutrition dataset provided by user
IND-0421,Rice moong dal cheela (Chawal aur moong dal ka cheela),Indian Food,,India,Source basis not specified,798.26,2.74,11.13,82.44,1.18,0.15,142.82,4.99,0.51,0.0,12.8,Indian Food Nutrition dataset provided by user
IND-0422,Split bengal gram sweet rice (Channa dal sweet rice),Indian Food,,India,Source basis not specified,190.21,4.15,41.07,0.64,2.23,19.41,8.38,30.37,1.77,0.0,48.48,Indian Food Nutrition dataset provided by user
IND-0423,Sweet poori (Meethi poori),Indian Food,,India,Source basis not specified,782.75,2.12,14.26,79.63,1.54,7.15,2.57,34.24,1.13,0.0,18.38,Indian Food Nutrition dataset provided by user
IND-0424,Wheat flour and moong dal burfi (Atta aur moong dal ki burfi),Indian Food,,India,Source basis not specified,441.08,9.84,60.0,18.41,6.02,31.12,5.25,25.2,2.3,0.0,9.07,Indian Food Nutrition dataset provided by user
IND-0425,Spinach burfi (Palak burfi),Indian Food,,India,Source basis not specified,121.17,2.71,12.76,6.81,1.17,12.12,27.77,93.68,1.05,8.57,39.63,Indian Food Nutrition dataset provided by user
IND-0426,Sweet split chickpea roti (Sweet channa dal roti/Puranpoli),Indian Food,,India,Source basis not specified,366.59,9.51,62.66,7.93,8.16,24.73,12.05,53.3,4.36,0.0,27.67,Indian Food Nutrition dataset provided by user
IND-0427,Sprouted moong daliya,Indian Food,,India,Source basis not specified,111.56,2.81,14.77,4.71,3.12,1.67,196.73,22.62,1.29,7.53,35.24,Indian Food Nutrition dataset provided by user
IND-0428,Sprouted moong poha,Indian Food,,India,Source basis not specified,192.6,5.59,26.6,6.89,3.13,1.93,220.82,28.39,2.43,19.24,46.81,Indian Food Nutrition dataset provided by user
IND-0429,Pearl millet ladoo (Bajra ladoo),Indian Food,,India,Source basis not specified,319.66,9.61,50.98,8.06,6.0,27.44,12.26,118.74,4.72,0.0,19.1,Indian Food Nutrition dataset provided by user
IND-0430,Paushtik ladoo,Indian Food,,India,Source basis not specified,485.87,7.65,60.34,24.98,4.57,38.12,6.09,20.67,1.63,0.0,16.16,Indian Food Nutrition dataset provided by user
IND-0431,Paushtik roti,Indian Food,,India,Source basis not specified,149.26,7.17,26.59,1.51,5.74,2.03,170.96,52.74,2.62,6.65,42.1,Indian Food Nutrition dataset provided by user
IND-0432,Semolina carrot vada (Suji gajar vada),Indian Food,,India,Source basis not specified,699.53,1.56,6.52,74.07,1.07,1.21,73.17,26.47,0.36,0.95,9.36,Indian Food Nutrition dataset provided by user
IND-0433,Dhokla,Indian Food,,India,Source basis not specified,216.49,13.45,30.68,5.28,4.95,4.78,376.02,123.21,1.39,0.68,39.92,Indian Food Nutrition dataset provided by user
IND-0434,Kashmiri tea (Kehwa),Indian Food,,India,Source basis not specified,24.9,0.17,5.23,0.51,0.16,5.14,0.29,3.19,0.07,0.06,0.82,Indian Food Nutrition dataset provided by user
IND-0435,Steeped hot coffee,Indian Food,,India,Source basis not specified,15.91,0.39,3.01,0.33,0.0,2.96,2.82,10.4,0.06,0.3,1.27,Indian Food Nutrition dataset provided by user
IND-0436,Hot chocolate,Indian Food,,India,Source basis not specified,90.01,3.43,9.02,4.61,0.0,8.86,36.04,113.63,0.33,3.62,13.41,Indian Food Nutrition dataset provided by user
IND-0437,Cold coffee (with cream),Indian Food,,India,Source basis not specified,82.76,1.93,11.98,3.29,0.0,11.91,15.35,64.43,0.14,2.56,9.52,Indian Food Nutrition dataset provided by user
IND-0438,Banana milkshake with ice cream (Kele ka milkshake ice cream ke saath),Indian Food,,India,Source basis not specified,76.45,2.01,11.15,2.77,0.27,9.94,16.63,68.3,0.14,6.99,20.73,Indian Food Nutrition dataset provided by user
IND-0439,Flavoured milkshake,Indian Food,,India,Source basis not specified,66.78,2.06,8.65,2.83,0.0,8.61,16.34,75.05,0.11,3.62,12.65,Indian Food Nutrition dataset provided by user
IND-0440,Jal jeera,Indian Food,,India,Source basis not specified,30.24,0.44,6.7,0.26,0.95,5.71,215.62,24.72,0.84,2.23,4.47,Indian Food Nutrition dataset provided by user
IND-0441,Gingo,Indian Food,,India,Source basis not specified,48.02,0.14,12.42,0.06,0.17,12.08,21.5,6.33,0.21,8.39,8.49,Indian Food Nutrition dataset provided by user
IND-0442,Mintade,Indian Food,,India,Source basis not specified,40.32,0.03,10.59,0.02,0.03,10.47,26.69,2.1,0.05,8.5,4.69,Indian Food Nutrition dataset provided by user
IND-0443,Canjee,Indian Food,,India,Source basis not specified,6.61,0.24,0.44,0.42,0.36,0.21,43.03,5.82,0.17,0.52,3.61,Indian Food Nutrition dataset provided by user
IND-0444,Cauliflower canjee (Phoolgobhi ki canjee),Indian Food,,India,Source basis not specified,6.9,0.39,0.35,0.42,0.49,0.09,41.45,6.26,0.22,7.86,9.26,Indian Food Nutrition dataset provided by user
IND-0445,Potato canjee (Aloo canjee),Indian Food,,India,Source basis not specified,16.26,0.44,2.69,0.39,0.43,0.1,35.99,5.21,0.22,7.72,6.77,Indian Food Nutrition dataset provided by user
IND-0446,Vermicelli porridge (Semiya/Seviyan porridge),Indian Food,,India,Source basis not specified,78.4,2.5,10.56,2.98,0.48,7.04,65.33,72.96,0.2,4.82,19.51,Indian Food Nutrition dataset provided by user
IND-0447,Semolina upma (Suji/Rava upma),Indian Food,,India,Source basis not specified,147.89,3.3,16.31,7.49,3.24,1.31,101.59,21.57,1.1,4.64,15.13,Indian Food Nutrition dataset provided by user
IND-0448,Vermicelli upma (Semiya/Seviyan upma),Indian Food,,India,Source basis not specified,149.11,3.11,16.88,7.45,3.21,1.4,101.8,20.3,0.93,4.64,12.64,Indian Food Nutrition dataset provided by user
IND-0449,Rice upma,Indian Food,,India,Source basis not specified,151.27,2.63,17.96,7.46,2.12,1.13,101.75,17.57,0.67,4.64,11.94,Indian Food Nutrition dataset provided by user
IND-0450,Bread upma,Indian Food,,India,Source basis not specified,129.51,2.8,12.6,7.75,1.96,1.56,176.44,45.22,0.82,4.64,15.79,Indian Food Nutrition dataset provided by user
IND-0451,Vegetable upma,Indian Food,,India,Source basis not specified,146.47,4.73,16.46,6.63,4.19,1.39,347.02,26.68,1.35,14.42,50.48,Indian Food Nutrition dataset provided by user
IND-0452,Poha,Indian Food,,India,Source basis not specified,294.53,6.09,35.05,14.14,3.72,0.87,377.1,37.67,3.01,6.62,11.96,Indian Food Nutrition dataset provided by user
IND-0453,Vegetable poha,Indian Food,,India,Source basis not specified,180.52,4.89,21.52,8.07,3.76,1.4,418.02,28.01,1.92,7.21,21.79,Indian Food Nutrition dataset provided by user
IND-0454,Moong dal stuffed cheela/chilla (Moong dal ka cheela/chilla),Indian Food,,India,Source basis not specified,154.89,6.97,19.42,5.11,4.25,1.11,267.23,39.34,2.22,34.81,79.95,Indian Food Nutrition dataset provided by user
IND-0455,Paneer stuffed cheela/chilla,Indian Food,,India,Source basis not specified,205.19,11.44,19.16,8.89,4.03,3.81,289.1,151.3,2.41,19.76,116.52,Indian Food Nutrition dataset provided by user
IND-0456,Indian style egg bhujia (Anda bhujia (Indian style)),Indian Food,,India,Source basis not specified,102.83,6.1,3.76,7.02,1.53,1.95,218.05,31.9,1.14,13.56,40.85,Indian Food Nutrition dataset provided by user
IND-0457,French omelette/omlet,Indian Food,,India,Source basis not specified,211.04,10.03,0.41,18.86,0.38,0.1,381.85,46.35,1.58,0.48,25.79,Indian Food Nutrition dataset provided by user
IND-0458,Puffy omelette/omlet,Indian Food,,India,Source basis not specified,188.15,8.82,0.08,16.84,0.0,0.08,340.53,34.96,1.2,0.0,24.66,Indian Food Nutrition dataset provided by user
IND-0459,Orange omelette/omlet,Indian Food,,India,Source basis not specified,194.66,8.93,1.68,16.84,0.0,1.68,340.92,37.33,1.26,7.2,28.86,Indian Food Nutrition dataset provided by user
IND-0460,Cheese and mushroom omelette/omlet,Indian Food,,India,Source basis not specified,205.63,9.69,1.68,17.82,0.93,1.07,400.29,148.77,1.01,0.48,32.02,Indian Food Nutrition dataset provided by user
IND-0461,Spanish omelette/omlet,Indian Food,,India,Source basis not specified,157.45,8.25,5.1,11.44,2.54,1.03,233.87,31.72,1.28,28.63,61.18,Indian Food Nutrition dataset provided by user
IND-0462,Mixed stock,Indian Food,,India,Source basis not specified,25.19,2.06,0.33,1.71,0.15,0.2,9.51,2.06,0.07,2.58,16.58,Indian Food Nutrition dataset provided by user
IND-0463,Meat stock,Indian Food,,India,Source basis not specified,24.48,2.1,0.0,1.78,0.0,0.0,8.62,0.86,0.05,0.0,6.0,Indian Food Nutrition dataset provided by user
IND-0464,White stock,Indian Food,,India,Source basis not specified,6.99,0.07,0.4,0.56,0.17,0.24,1.56,1.58,0.03,2.58,10.58,Indian Food Nutrition dataset provided by user
IND-0465,Meat consomme (with mutton),Indian Food,,India,Source basis not specified,29.76,14.86,0.51,13.68,0.71,0.24,12665.52,115.88,4.22,2.44,15.49,Indian Food Nutrition dataset provided by user
IND-0466,Consomme au julienne,Indian Food,,India,Source basis not specified,27.76,12.49,1.49,10.66,1.38,0.83,10208.47,85.89,3.34,11.77,55.26,Indian Food Nutrition dataset provided by user
IND-0467,Consomme au vermicelli,Indian Food,,India,Source basis not specified,29.94,15.23,1.3,12.98,0.81,0.27,12524.61,97.34,3.98,2.44,20.12,Indian Food Nutrition dataset provided by user
IND-0468,Green pea soup (Matar ka soup),Indian Food,,India,Source basis not specified,39.81,11.06,3.63,12.9,2.49,0.87,10958.11,46.63,2.18,41.12,65.46,Indian Food Nutrition dataset provided by user
IND-0469,Spinach soup (Palak ka soup),Indian Food,,India,Source basis not specified,32.59,10.54,3.03,14.26,1.98,0.29,12088.21,56.23,2.68,30.99,150.94,Indian Food Nutrition dataset provided by user
IND-0470,Mixed vegetable soup,Indian Food,,India,Source basis not specified,35.71,8.22,2.95,11.66,1.64,1.64,9202.27,50.69,1.74,20.06,31.61,Indian Food Nutrition dataset provided by user
IND-0471,Cheese soup,Indian Food,,India,Source basis not specified,41.13,12.39,1.87,17.07,1.8,0.84,13695.35,83.65,2.4,5.29,20.27,Indian Food Nutrition dataset provided by user
IND-0472,Mulligatawny soup,Indian Food,,India,Source basis not specified,54.42,11.26,8.24,13.28,2.6,1.26,11602.5,43.89,2.65,8.37,27.88,Indian Food Nutrition dataset provided by user
IND-0473,Cream of carrot soup,Indian Food,,India,Source basis not specified,59.77,8.27,5.69,12.35,1.98,1.77,8694.79,57.24,1.73,10.68,37.89,Indian Food Nutrition dataset provided by user
IND-0474,Cream of broccoli soup,Indian Food,,India,Source basis not specified,56.14,8.97,3.72,12.75,1.89,1.59,8792.43,66.55,1.82,68.91,94.43,Indian Food Nutrition dataset provided by user
IND-0475,Cream of potato soup,Indian Food,,India,Source basis not specified,60.2,8.1,6.14,12.05,1.51,1.24,8503.99,51.97,1.7,28.86,33.19,Indian Food Nutrition dataset provided by user
IND-0476,Almond soup (Badam ka soup),Indian Food,,India,Source basis not specified,78.65,10.13,3.68,13.8,0.91,1.94,8376.94,114.95,2.83,7.68,38.67,Indian Food Nutrition dataset provided by user
IND-0477,Cold cucumber cream soup,Indian Food,,India,Source basis not specified,11.88,0.34,1.76,0.34,0.73,0.51,207.89,8.02,0.16,14.72,24.84,Indian Food Nutrition dataset provided by user
IND-0478,Cold tomato soup,Indian Food,,India,Source basis not specified,16.9,0.11,0.59,1.56,0.16,0.22,287.15,4.2,0.1,10.09,5.63,Indian Food Nutrition dataset provided by user
IND-0479,Chicken stew,Indian Food,,India,Source basis not specified,127.55,7.19,4.44,8.91,1.82,1.43,79.62,31.53,0.9,20.89,36.31,Indian Food Nutrition dataset provided by user
IND-0480,Veg paneer stew,Indian Food,,India,Source basis not specified,145.55,6.98,10.22,8.41,3.08,4.85,73.15,160.51,1.37,32.41,102.72,Indian Food Nutrition dataset provided by user
IND-0481,Onion-green chilli parantha/paratha (Pyaaz aur hari mirch ka parantha/paratha),Indian Food,,India,Source basis not specified,191.27,4.37,26.37,7.27,5.16,2.71,241.19,24.91,1.81,3.05,16.17,Indian Food Nutrition dataset provided by user
IND-0482,Methi parantha/paratha,Indian Food,,India,Source basis not specified,148.36,4.27,22.19,4.34,5.09,2.44,48.36,65.85,2.42,12.63,28.46,Indian Food Nutrition dataset provided by user
IND-0483,Bathua poori,Indian Food,,India,Source basis not specified,598.79,2.35,13.85,59.14,1.87,0.41,49.71,30.83,0.96,4.56,8.77,Indian Food Nutrition dataset provided by user
IND-0484,Gram flour poori (Besan poori),Indian Food,,India,Source basis not specified,697.66,2.59,10.93,71.51,1.94,0.35,58.33,7.09,0.71,0.0,11.18,Indian Food Nutrition dataset provided by user
IND-0485,Beetroot poori (Chukandar ki poori),Indian Food,,India,Source basis not specified,527.66,1.91,12.29,52.18,1.4,0.54,46.48,5.38,0.6,0.29,9.45,Indian Food Nutrition dataset provided by user
IND-0486,Peas poori (Matar ki poori),Indian Food,,India,Source basis not specified,592.83,3.04,14.92,57.69,2.25,0.48,47.77,8.96,0.84,4.61,10.21,Indian Food Nutrition dataset provided by user
IND-0487,Peas kachori (Matar kachori),Indian Food,,India,Source basis not specified,584.68,3.21,13.25,57.51,2.03,0.5,55.45,14.25,0.77,10.11,16.43,Indian Food Nutrition dataset provided by user
IND-0488,Pizza,Indian Food,,India,Source basis not specified,146.77,6.85,9.94,8.72,1.71,1.38,225.02,77.23,0.66,42.9,87.58,Indian Food Nutrition dataset provided by user
IND-0489,Bacon and mushroom pancake,Indian Food,,India,Source basis not specified,157.67,6.82,8.47,10.6,1.59,1.23,344.23,44.74,0.54,1.91,14.58,Indian Food Nutrition dataset provided by user
IND-0490,Cheese and tomato pancake,Indian Food,,India,Source basis not specified,147.39,5.15,10.66,9.28,1.06,3.48,281.62,127.51,0.64,9.72,16.52,Indian Food Nutrition dataset provided by user
IND-0491,Minced meat pancake (with chicken),Indian Food,,India,Source basis not specified,116.04,12.01,8.18,10.48,0.7,1.29,4942.18,64.72,1.99,2.14,12.77,Indian Food Nutrition dataset provided by user
IND-0492,Eggplant/Brinjal rice (Vangi bhat),Indian Food,,India,Source basis not specified,184.8,5.28,31.74,3.67,4.44,4.36,59.06,36.02,1.91,3.23,77.11,Indian Food Nutrition dataset provided by user
IND-0493,Kashmiri 'tahar',Indian Food,,India,Source basis not specified,98.21,1.95,19.11,1.37,0.98,0.17,61.29,3.93,0.32,0.02,7.94,Indian Food Nutrition dataset provided by user
IND-0494,Cumin pulao (Jeera/Zeera pulao),Indian Food,,India,Source basis not specified,135.24,2.47,23.61,3.2,1.4,0.64,219.73,7.25,0.33,1.42,13.85,Indian Food Nutrition dataset provided by user
IND-0495,Peas pulao (Matar pulao),Indian Food,,India,Source basis not specified,108.87,3.89,18.42,1.9,3.21,1.3,86.18,18.18,0.78,62.36,110.56,Indian Food Nutrition dataset provided by user
IND-0496,Split bengal gram dal and vegetable pulao (Channa dal and vegetable pulao),Indian Food,,India,Source basis not specified,116.53,3.6,19.72,2.3,3.16,1.59,98.07,19.09,0.82,27.07,104.21,Indian Food Nutrition dataset provided by user
IND-0497,Black channa pulao/ Bengal gram pulao (Kale chane ka pulao),Indian Food,,India,Source basis not specified,125.51,3.44,21.55,2.58,2.69,1.99,103.09,16.51,0.77,8.11,88.34,Indian Food Nutrition dataset provided by user
IND-0498,Mutton pulao,Indian Food,,India,Source basis not specified,130.77,6.52,11.26,10.78,1.65,1.0,3115.59,49.87,1.25,4.47,39.34,Indian Food Nutrition dataset provided by user
IND-0499,Chicken pulao,Indian Food,,India,Source basis not specified,108.24,6.07,11.17,8.48,1.64,0.99,3093.47,32.25,0.98,4.47,38.7,Indian Food Nutrition dataset provided by user
IND-0500,Mexican rice,Indian Food,,India,Source basis not specified,120.57,4.62,14.21,4.88,1.64,1.44,93.42,14.51,0.55,42.71,53.09,Indian Food Nutrition dataset provided by user
IND-0501,Plain khitchdi (Plain khichri/khichdi),Indian Food,,India,Source basis not specified,57.03,1.72,10.04,1.01,0.85,0.12,37.14,5.05,0.31,0.83,26.18,Indian Food Nutrition dataset provided by user
IND-0502,Instant idli (with semolina),Indian Food,,India,Source basis not specified,247.29,9.16,43.4,3.61,7.13,3.35,1504.66,93.2,2.31,0.14,9.08,Indian Food Nutrition dataset provided by user
IND-0503,Plain dosa,Indian Food,,India,Source basis not specified,380.91,10.34,64.08,8.43,5.23,0.7,142.98,19.35,1.5,0.0,9.16,Indian Food Nutrition dataset provided by user
IND-0504,Masala dosa mixed vegetable fillings,Indian Food,,India,Source basis not specified,144.53,4.84,23.02,3.26,4.31,1.53,122.08,31.79,1.21,52.07,89.33,Indian Food Nutrition dataset provided by user
IND-0505,Masala dosa paneer fillings,Indian Food,,India,Source basis not specified,243.12,10.31,29.76,8.84,3.11,4.81,160.4,171.23,1.27,11.5,94.26,Indian Food Nutrition dataset provided by user
IND-0506,Uttapam,Indian Food,,India,Source basis not specified,255.95,6.18,36.28,9.03,4.4,1.5,228.69,40.86,1.23,6.15,19.02,Indian Food Nutrition dataset provided by user
IND-0507,Appam,Indian Food,,India,Source basis not specified,267.7,3.12,13.28,22.63,6.19,4.16,26.59,6.36,0.83,2.57,27.59,Indian Food Nutrition dataset provided by user
IND-0508,Beans and macaroni,Indian Food,,India,Source basis not specified,136.08,4.58,14.24,7.01,2.05,1.68,182.79,86.86,0.75,16.54,82.63,Indian Food Nutrition dataset provided by user
IND-0509,Spaghetti bolognese,Indian Food,,India,Source basis not specified,97.43,9.35,10.04,9.51,1.08,1.41,5358.6,73.66,2.06,27.89,37.77,Indian Food Nutrition dataset provided by user
IND-0510,Meat and macaroni casserole,Indian Food,,India,Source basis not specified,161.55,9.15,16.12,10.17,1.19,1.0,2511.99,68.28,1.85,29.03,47.45,Indian Food Nutrition dataset provided by user
IND-0511,Spaghetti with meat balls and tomato sauce,Indian Food,,India,Source basis not specified,158.13,5.61,10.46,10.64,1.11,1.87,189.13,40.82,0.71,44.09,63.03,Indian Food Nutrition dataset provided by user
IND-0512,Spaghetti with paneer balls and tomato sauce,Indian Food,,India,Source basis not specified,158.54,3.95,12.72,10.44,1.25,3.03,199.55,80.73,0.55,44.09,98.36,Indian Food Nutrition dataset provided by user
IND-0513,Lasagne with meat sauce,Indian Food,,India,Source basis not specified,63.38,2.9,5.38,3.43,0.47,1.04,37.08,24.61,0.49,80.17,112.65,Indian Food Nutrition dataset provided by user
IND-0514,Lasagne with vegetables,Indian Food,,India,Source basis not specified,49.23,1.71,5.9,2.16,0.66,1.37,40.78,32.89,0.57,179.9,286.76,Indian Food Nutrition dataset provided by user
IND-0515,Home made egg noodles,Indian Food,,India,Source basis not specified,240.84,6.55,42.92,4.37,1.6,1.03,177.24,15.96,1.15,0.0,30.08,Indian Food Nutrition dataset provided by user
IND-0516,Sour lentils (Khatti dal),Indian Food,,India,Source basis not specified,34.79,2.22,6.04,0.12,1.22,1.25,115.6,8.29,0.85,1.88,22.49,Indian Food Nutrition dataset provided by user
IND-0517,Urad special dehusked,Indian Food,,India,Source basis not specified,69.43,3.14,8.86,2.17,2.5,1.32,109.56,16.4,0.83,17.4,54.46,Indian Food Nutrition dataset provided by user
IND-0518,Arhar with spinach (Arhar dal aur palak),Indian Food,,India,Source basis not specified,52.84,2.05,4.77,2.76,1.3,0.23,109.97,21.81,0.89,18.79,105.9,Indian Food Nutrition dataset provided by user
IND-0519,Moong dal with vadi,Indian Food,,India,Source basis not specified,24.08,0.4,1.0,2.05,0.39,0.45,112.36,2.99,0.18,10.19,11.52,Indian Food Nutrition dataset provided by user
IND-0520,Rasam with tamarind (Puli rasam/ Chintapandu rasam/ Charu/Saaru),Indian Food,,India,Source basis not specified,26.74,1.13,3.37,0.88,1.6,0.83,104.11,16.56,0.59,17.27,28.68,Indian Food Nutrition dataset provided by user
IND-0521,Rasam with lemon (Nimmakaya rasam/Nimmakaya charu/Elumichai rasam/Nimbe hannina saaru),Indian Food,,India,Source basis not specified,24.41,1.11,2.85,0.87,1.54,0.44,102.77,15.56,0.52,19.71,28.91,Indian Food Nutrition dataset provided by user
IND-0522,Green gram whole with baghar (Sabut moong dal with tadka),Indian Food,,India,Source basis not specified,63.43,3.23,6.8,2.48,3.02,0.15,181.69,25.04,1.0,0.48,45.28,Indian Food Nutrition dataset provided by user
IND-0523,Urad sabut special,Indian Food,,India,Source basis not specified,79.39,2.33,5.03,5.46,2.15,0.86,60.09,21.45,0.71,28.45,80.51,Indian Food Nutrition dataset provided by user
IND-0524,Kabuli channa curry,Indian Food,,India,Source basis not specified,68.57,2.92,7.63,3.06,1.12,1.24,122.05,32.03,0.95,16.22,93.09,Indian Food Nutrition dataset provided by user
IND-0525,Besan gatte curry,Indian Food,,India,Source basis not specified,189.38,7.75,16.26,10.72,3.25,4.5,356.27,151.08,1.89,13.39,135.02,Indian Food Nutrition dataset provided by user
IND-0526,Dry masala chops,Indian Food,,India,Source basis not specified,135.07,9.08,3.3,9.54,0.86,2.27,83.47,112.25,1.39,1.87,15.19,Indian Food Nutrition dataset provided by user
IND-0527,Mutton korma,Indian Food,,India,Source basis not specified,115.64,7.09,2.53,8.54,0.78,1.64,56.94,79.07,1.09,5.54,31.82,Indian Food Nutrition dataset provided by user
IND-0528,Shahi keema kofta curry,Indian Food,,India,Source basis not specified,418.13,4.14,1.73,43.83,0.91,0.78,104.53,14.51,0.67,20.97,34.57,Indian Food Nutrition dataset provided by user
IND-0529,Minced meat ball curry,Indian Food,,India,Source basis not specified,109.79,6.82,2.86,7.85,1.49,1.27,170.06,23.84,1.01,20.62,33.86,Indian Food Nutrition dataset provided by user
IND-0530,Boti kebab,Indian Food,,India,Source basis not specified,132.86,9.22,3.06,9.27,0.76,2.09,78.14,98.67,1.41,4.52,6.58,Indian Food Nutrition dataset provided by user
IND-0531,Mutton seekh kebab,Indian Food,,India,Source basis not specified,133.94,11.25,3.11,8.43,1.88,1.4,102.17,117.44,2.19,3.97,5.3,Indian Food Nutrition dataset provided by user
IND-0532,Indian lamb and egg curry (Nargisi kofta),Indian Food,,India,Source basis not specified,335.75,3.84,2.07,34.7,0.6,0.75,57.44,12.91,0.55,7.67,44.36,Indian Food Nutrition dataset provided by user
IND-0533,Soya chunks sweet and sour (Nutrinugget sweet and sour),Indian Food,,India,Source basis not specified,500.94,2.85,3.27,55.99,0.86,1.1,2257.67,13.89,0.7,37.78,40.59,Indian Food Nutrition dataset provided by user
IND-0534,Soya chunks korma (Nutrinugget korma),Indian Food,,India,Source basis not specified,131.43,3.86,7.67,9.5,2.57,4.66,148.98,89.7,1.18,11.59,49.69,Indian Food Nutrition dataset provided by user
IND-0535,Mushroom matar,Indian Food,,India,Source basis not specified,70.77,2.79,5.33,4.11,3.13,1.39,61.63,21.42,0.81,39.15,54.07,Indian Food Nutrition dataset provided by user
IND-0536,Soya chunks and peas (Nutrinugget matar),Indian Food,,India,Source basis not specified,82.62,3.03,5.82,5.11,2.86,1.64,70.97,20.32,0.99,39.15,52.1,Indian Food Nutrition dataset provided by user
IND-0537,Vegetable yakhni,Indian Food,,India,Source basis not specified,406.06,1.18,1.94,43.8,0.61,1.44,38.05,43.67,0.24,5.43,60.84,Indian Food Nutrition dataset provided by user
IND-0538,Spinach mushroom (Palak mushroom),Indian Food,,India,Source basis not specified,47.63,1.94,2.95,2.96,2.27,1.0,70.97,49.75,1.69,60.21,232.9,Indian Food Nutrition dataset provided by user
IND-0539,Vegetarian nargisi kofta curry,Indian Food,,India,Source basis not specified,332.15,2.29,6.58,32.94,0.86,1.65,73.56,47.09,0.38,27.25,57.94,Indian Food Nutrition dataset provided by user
IND-0540,Roast chicken,Indian Food,,India,Source basis not specified,199.9,20.49,0.1,13.06,0.03,0.05,71.71,13.61,0.79,0.3,13.16,Indian Food Nutrition dataset provided by user
IND-0541,Shahi chicken masala,Indian Food,,India,Source basis not specified,163.7,9.82,4.07,12.02,0.96,2.86,142.56,82.68,0.89,9.92,65.41,Indian Food Nutrition dataset provided by user
IND-0542,Tomato chicken,Indian Food,,India,Source basis not specified,111.68,10.57,2.13,6.71,1.42,0.93,104.83,21.24,0.87,24.53,24.19,Indian Food Nutrition dataset provided by user
IND-0543,Creamy chicken,Indian Food,,India,Source basis not specified,152.87,13.52,3.13,9.57,0.69,2.11,97.08,50.37,0.82,7.46,32.64,Indian Food Nutrition dataset provided by user
IND-0544,Broccoli chicken ala king,Indian Food,,India,Source basis not specified,119.56,7.97,5.34,7.57,1.92,2.49,104.01,73.36,0.78,79.81,105.46,Indian Food Nutrition dataset provided by user
IND-0545,Ginger chicken,Indian Food,,India,Source basis not specified,129.17,8.24,5.6,8.24,1.21,1.95,365.86,18.41,0.96,49.96,64.3,Indian Food Nutrition dataset provided by user
IND-0546,Chicken sweet and sour,Indian Food,,India,Source basis not specified,445.09,6.92,2.67,47.59,0.58,0.89,1809.94,21.98,0.93,37.78,50.11,Indian Food Nutrition dataset provided by user
IND-0547,Chicken korma,Indian Food,,India,Source basis not specified,147.96,9.83,5.43,9.67,1.82,3.32,119.21,68.66,1.06,10.02,58.86,Indian Food Nutrition dataset provided by user
IND-0548,Bengal fish curry (Bengali machli curry),Indian Food,,India,Source basis not specified,109.43,7.26,4.42,7.03,1.93,2.39,76.38,44.44,0.85,9.39,46.45,Indian Food Nutrition dataset provided by user
IND-0549,Fish finger,Indian Food,,India,Source basis not specified,542.9,5.66,4.47,55.82,0.34,0.17,103.55,11.38,0.38,14.13,34.81,Indian Food Nutrition dataset provided by user
IND-0550,Fish in coconut milk (Nariyal ke doodh ke saath machli),Indian Food,,India,Source basis not specified,86.21,8.66,2.73,4.43,1.52,1.55,73.93,21.94,0.91,10.71,38.0,Indian Food Nutrition dataset provided by user
IND-0551,Prawn curry (with coconut) (Jhinga curry),Indian Food,,India,Source basis not specified,109.55,8.54,3.1,6.93,1.56,2.03,375.86,37.25,0.96,3.72,43.62,Indian Food Nutrition dataset provided by user
IND-0552,Baked stuffed fish,Indian Food,,India,Source basis not specified,121.96,16.14,2.12,5.43,0.38,0.35,74.36,18.8,0.35,13.01,67.06,Indian Food Nutrition dataset provided by user
IND-0553,Fish pie,Indian Food,,India,Source basis not specified,120.9,9.25,7.74,5.77,0.76,1.13,101.8,36.15,0.46,27.02,37.04,Indian Food Nutrition dataset provided by user
IND-0554,Crispy baked fish,Indian Food,,India,Source basis not specified,138.4,10.95,9.59,6.41,1.21,1.53,192.42,60.04,0.55,16.97,46.78,Indian Food Nutrition dataset provided by user
IND-0555,Fish souffle,Indian Food,,India,Source basis not specified,139.71,10.51,5.14,8.55,0.19,2.09,92.45,63.87,0.59,2.41,45.24,Indian Food Nutrition dataset provided by user
IND-0556,Potato curry (Aloo ki sabzi),Indian Food,,India,Source basis not specified,89.56,1.52,10.42,4.47,2.42,1.58,78.4,23.74,0.97,42.18,35.58,Indian Food Nutrition dataset provided by user
IND-0557,Egg curry (Anda curry),Indian Food,,India,Source basis not specified,117.52,5.38,4.03,8.81,2.09,1.9,142.12,41.59,1.52,19.03,44.73,Indian Food Nutrition dataset provided by user
IND-0558,Vegetable curry with coconut,Indian Food,,India,Source basis not specified,83.07,2.77,7.19,4.66,3.35,1.41,43.4,19.63,0.95,69.6,87.67,Indian Food Nutrition dataset provided by user
IND-0559,Curd with potatoes (Dahi aloo),Indian Food,,India,Source basis not specified,59.9,1.56,7.15,2.72,1.19,1.82,51.99,36.36,0.47,42.93,44.72,Indian Food Nutrition dataset provided by user
IND-0560,Potato kofta curry (Aloo kofta curry),Indian Food,,India,Source basis not specified,455.4,0.56,2.78,49.08,0.56,0.63,30.12,7.77,0.26,46.64,48.57,Indian Food Nutrition dataset provided by user
IND-0561,Yam kofta curry (Zimikand/Suran kofta curry),Indian Food,,India,Source basis not specified,322.88,0.71,3.75,33.84,1.04,0.63,42.22,8.35,0.31,36.07,43.47,Indian Food Nutrition dataset provided by user
IND-0562,Jackfruit kofta curry (Kathal ka kofta curry),Indian Food,,India,Source basis not specified,321.08,0.8,3.17,33.83,0.96,2.4,40.04,11.36,0.24,27.49,63.24,Indian Food Nutrition dataset provided by user
IND-0563,Spinach and potato (Palak aloo),Indian Food,,India,Source basis not specified,57.17,1.63,5.91,2.82,2.04,0.93,62.46,43.67,1.59,78.73,242.0,Indian Food Nutrition dataset provided by user
IND-0564,Mooli bhujia,Indian Food,,India,Source basis not specified,91.2,1.69,4.74,7.25,2.36,1.07,89.73,131.88,2.37,80.77,75.87,Indian Food Nutrition dataset provided by user
IND-0565,Bathua bhujia,Indian Food,,India,Source basis not specified,90.9,2.26,3.63,7.29,3.8,1.08,81.99,165.84,2.36,66.6,71.68,Indian Food Nutrition dataset provided by user
IND-0566,Cabbage rolls (dry) ((Pattagobhi rolls) (dry)),Indian Food,,India,Source basis not specified,142.48,8.21,6.09,9.36,1.84,1.26,118.05,31.54,0.98,12.69,19.01,Indian Food Nutrition dataset provided by user
IND-0567,Cabbage rolls (curry) ((Pattagobhi rolls)(curry)),Indian Food,,India,Source basis not specified,124.63,5.76,7.03,8.17,2.35,3.81,123.98,29.82,0.95,26.91,34.04,Indian Food Nutrition dataset provided by user
IND-0568,Dry arbi (Sookhi arbi),Indian Food,,India,Source basis not specified,134.95,2.12,11.11,8.97,2.47,1.55,81.25,22.77,0.68,8.11,32.76,Indian Food Nutrition dataset provided by user
IND-0569,Masala arbi,Indian Food,,India,Source basis not specified,185.38,3.01,16.16,11.9,3.1,0.81,261.31,32.08,0.99,1.9,20.12,Indian Food Nutrition dataset provided by user
IND-0570,Peas brinjal bhartha (Matar baingan bhartha),Indian Food,,India,Source basis not specified,84.55,2.05,5.02,6.05,3.63,1.57,63.65,19.63,0.63,27.86,82.49,Indian Food Nutrition dataset provided by user
IND-0571,Okra/Lady's fingers fry (Bhindi sabzi/sabji/subji),Indian Food,,India,Source basis not specified,110.81,1.83,4.5,9.27,3.57,1.42,92.78,67.88,0.88,29.07,85.27,Indian Food Nutrition dataset provided by user
IND-0572,Crispy okra/Crispy lady's fingers (Karare bhindi),Indian Food,,India,Source basis not specified,657.76,1.91,4.35,70.4,1.75,0.26,40.42,27.61,0.56,18.14,90.04,Indian Food Nutrition dataset provided by user
IND-0573,Beans foogath,Indian Food,,India,Source basis not specified,105.06,2.03,3.26,9.22,4.15,1.7,81.22,44.2,0.95,6.36,86.05,Indian Food Nutrition dataset provided by user
IND-0574,Stuffed bittergourd (wet) (Bharwa karele),Indian Food,,India,Source basis not specified,162.36,1.36,4.68,15.24,2.86,1.95,360.09,17.25,0.91,46.93,63.07,Indian Food Nutrition dataset provided by user
IND-0575,Jackfruit/Kathal (dry),Indian Food,,India,Source basis not specified,488.97,0.93,4.56,51.78,1.33,3.55,33.68,12.79,0.33,21.72,55.34,Indian Food Nutrition dataset provided by user
IND-0576,Yam fried (Zimikand/Suran fried),Indian Food,,India,Source basis not specified,491.76,0.79,5.47,51.79,1.44,0.8,37.07,8.11,0.43,30.3,35.57,Indian Food Nutrition dataset provided by user
IND-0577,"Cauliflower, pea and potato bhujia (Phoolgobhi, matar aur aloo bhujia)",Indian Food,,India,Source basis not specified,95.67,2.75,8.23,5.54,3.26,1.47,86.29,21.05,0.98,53.51,60.04,Indian Food Nutrition dataset provided by user
IND-0578,Vegetable jalfrezi,Indian Food,,India,Source basis not specified,68.48,1.4,5.43,4.38,2.97,1.79,79.46,27.11,0.68,26.08,28.48,Indian Food Nutrition dataset provided by user
IND-0579,Vegetables stir fry,Indian Food,,India,Source basis not specified,30.78,1.04,3.19,1.47,1.37,0.86,55.0,13.3,0.34,38.17,61.93,Indian Food Nutrition dataset provided by user
IND-0580,Broccoli delight,Indian Food,,India,Source basis not specified,40.7,2.49,2.34,2.48,2.83,1.08,59.26,26.99,0.71,79.0,97.64,Indian Food Nutrition dataset provided by user
IND-0581,Dhansak (vegetarian),Indian Food,,India,Source basis not specified,82.8,3.32,7.28,4.18,4.17,0.91,34.18,26.4,1.26,13.25,45.12,Indian Food Nutrition dataset provided by user
IND-0582,Cauliflower basket,Indian Food,,India,Source basis not specified,90.95,5.21,3.97,5.88,2.4,1.47,194.22,100.19,0.92,71.55,88.46,Indian Food Nutrition dataset provided by user
IND-0583,Stuffed bottle gourd (Stuffed ghiya/lauki),Indian Food,,India,Source basis not specified,93.19,5.84,4.36,5.8,1.18,1.52,106.99,71.83,0.66,9.01,92.91,Indian Food Nutrition dataset provided by user
IND-0584,Ducheese potato,Indian Food,,India,Source basis not specified,140.54,3.6,10.94,9.01,1.29,0.29,103.85,18.1,0.76,7.23,8.71,Indian Food Nutrition dataset provided by user
IND-0585,Roast potatoes,Indian Food,,India,Source basis not specified,87.32,1.53,14.52,2.35,1.71,0.33,90.67,10.38,0.57,17.36,11.66,Indian Food Nutrition dataset provided by user
IND-0586,Stuffed baked potatoes,Indian Food,,India,Source basis not specified,100.2,3.82,11.03,4.39,1.31,0.4,92.09,25.72,0.81,18.77,23.25,Indian Food Nutrition dataset provided by user
IND-0587,Potato nests,Indian Food,,India,Source basis not specified,111.62,5.71,11.05,4.77,2.49,1.41,182.12,55.25,0.87,37.47,49.55,Indian Food Nutrition dataset provided by user
IND-0588,Parsley potato,Indian Food,,India,Source basis not specified,119.51,1.49,13.81,6.28,1.59,0.34,4.62,11.43,0.55,23.82,16.5,Indian Food Nutrition dataset provided by user
IND-0589,Creamed spinach and mushroom,Indian Food,,India,Source basis not specified,419.62,2.28,3.17,44.14,1.02,1.17,90.21,65.49,0.9,48.37,234.02,Indian Food Nutrition dataset provided by user
IND-0590,Fricassee of Mushroom,Indian Food,,India,Source basis not specified,106.66,3.65,8.13,6.63,1.23,2.51,118.98,84.97,0.36,39.68,37.46,Indian Food Nutrition dataset provided by user
IND-0591,Cauliflower au gratin,Indian Food,,India,Source basis not specified,145.9,4.45,9.13,10.2,1.44,3.01,164.96,119.69,0.57,50.15,69.55,Indian Food Nutrition dataset provided by user
IND-0592,Vegetable and cheese pie,Indian Food,,India,Source basis not specified,126.88,4.03,8.76,8.28,1.91,2.69,117.99,99.48,0.58,55.0,104.25,Indian Food Nutrition dataset provided by user
IND-0593,Spinach souffle,Indian Food,,India,Source basis not specified,150.18,7.36,6.27,10.52,1.44,0.89,244.07,133.69,2.15,30.28,172.47,Indian Food Nutrition dataset provided by user
IND-0594,Beetroot and egg salad (Chukandar aur ande ka salad),Indian Food,,India,Source basis not specified,84.92,3.36,3.4,6.45,0.55,1.97,110.12,18.13,0.55,6.0,41.14,Indian Food Nutrition dataset provided by user
IND-0595,Sour cream potato salad,Indian Food,,India,Source basis not specified,121.9,2.89,9.05,8.13,1.21,0.84,102.66,23.25,0.9,37.28,52.99,Indian Food Nutrition dataset provided by user
IND-0596,Tossed green salad,Indian Food,,India,Source basis not specified,49.88,1.33,3.82,3.24,1.33,1.9,65.09,33.71,1.27,58.24,75.97,Indian Food Nutrition dataset provided by user
IND-0597,Spring basket salad,Indian Food,,India,Source basis not specified,160.46,3.36,11.61,11.3,3.09,1.46,26.02,45.65,0.85,70.79,109.53,Indian Food Nutrition dataset provided by user
IND-0598,Cucumber and yogurt salad (Kheere aur dahi ka salad),Indian Food,,India,Source basis not specified,36.13,2.09,4.72,0.93,1.66,2.28,141.73,68.49,0.52,6.74,21.36,Indian Food Nutrition dataset provided by user
IND-0599,Chicken and tomato towers,Indian Food,,India,Source basis not specified,100.55,6.9,2.36,6.99,1.14,1.21,76.02,17.54,0.77,56.69,49.49,Indian Food Nutrition dataset provided by user
IND-0600,Jellied sunshine fruit salad,Indian Food,,India,Source basis not specified,48.86,5.85,4.21,0.85,1.8,2.86,74.2,37.14,0.87,28.75,37.7,Indian Food Nutrition dataset provided by user
IND-0601,Tomato aspic,Indian Food,,India,Source basis not specified,50.37,6.87,5.02,0.26,1.58,3.21,98.17,44.28,1.18,35.87,39.01,Indian Food Nutrition dataset provided by user
IND-0602,Frozen frosty fruit salad (Phalon ka salaad),Indian Food,,India,Source basis not specified,103.51,1.68,15.61,4.17,0.26,14.38,13.23,28.61,0.41,33.45,20.91,Indian Food Nutrition dataset provided by user
IND-0603,French dressing,Indian Food,,India,Source basis not specified,733.77,0.32,3.68,79.65,0.22,3.01,261.13,6.98,0.48,6.42,1.95,Indian Food Nutrition dataset provided by user
IND-0604,Mayonnaise without eggs,Indian Food,,India,Source basis not specified,329.05,2.13,3.98,33.84,0.04,3.68,193.58,75.54,0.27,12.05,18.85,Indian Food Nutrition dataset provided by user
IND-0605,Curd dressing,Indian Food,,India,Source basis not specified,78.8,5.59,8.03,2.9,0.22,7.57,204.62,194.59,0.18,5.34,39.4,Indian Food Nutrition dataset provided by user
IND-0606,Carrot raita (Gajar ka raita),Indian Food,,India,Source basis not specified,64.78,4.14,7.19,2.19,1.69,5.99,274.46,146.72,0.55,7.76,32.0,Indian Food Nutrition dataset provided by user
IND-0607,Pumpkin raita (Kaddu ka raita),Indian Food,,India,Source basis not specified,55.6,3.74,6.02,1.88,1.04,5.48,129.14,130.11,0.33,7.11,31.7,Indian Food Nutrition dataset provided by user
IND-0608,Mint and peanut raita (Pudinay aur moongfali ka raita),Indian Food,,India,Source basis not specified,112.05,7.05,7.31,6.19,1.79,6.17,223.01,191.01,1.68,6.06,44.25,Indian Food Nutrition dataset provided by user
IND-0609,Spinach raita (Palak ka raita),Indian Food,,India,Source basis not specified,52.75,3.95,5.06,1.86,1.39,3.97,126.57,142.96,1.61,32.9,160.65,Indian Food Nutrition dataset provided by user
IND-0610,Bathua raita,Indian Food,,India,Source basis not specified,54.4,4.13,5.31,1.76,2.19,4.11,110.92,206.31,1.46,43.65,61.2,Indian Food Nutrition dataset provided by user
IND-0611,Pineapple raita (Ananas ka raita),Indian Food,,India,Source basis not specified,67.74,3.9,8.62,2.02,1.39,8.12,135.48,134.53,0.27,19.89,27.72,Indian Food Nutrition dataset provided by user
IND-0612,Banana raita (Kele ka raita),Indian Food,,India,Source basis not specified,89.03,4.13,13.51,2.07,1.0,10.11,135.43,133.23,0.31,5.73,27.58,Indian Food Nutrition dataset provided by user
IND-0613,Mango raita (Aam ka raita),Indian Food,,India,Source basis not specified,67.37,3.9,8.23,2.14,0.89,7.87,135.46,136.06,0.34,18.19,59.64,Indian Food Nutrition dataset provided by user
IND-0614,Guava raita (Amarood ka raita),Indian Food,,India,Source basis not specified,64.36,4.19,7.27,2.07,3.0,6.71,135.94,136.93,0.28,108.7,33.5,Indian Food Nutrition dataset provided by user
IND-0615,Grapes raita (Angoor ka raita),Indian Food,,India,Source basis not specified,72.59,3.98,9.66,2.07,0.71,8.51,135.64,134.52,0.26,10.55,22.88,Indian Food Nutrition dataset provided by user
IND-0616,Bottle gourd kheer (Ghiya/Lauki kheer),Indian Food,,India,Source basis not specified,84.07,2.7,10.0,3.86,0.55,9.63,19.62,94.18,0.23,6.2,35.87,Indian Food Nutrition dataset provided by user
IND-0617,Pumpkin kheer (Kaddu ki kheer),Indian Food,,India,Source basis not specified,86.35,2.76,10.44,3.86,0.63,10.12,20.99,95.61,0.24,8.06,26.95,Indian Food Nutrition dataset provided by user
IND-0618,Apple kheer (Seb ki kheer),Indian Food,,India,Source basis not specified,81.3,2.14,11.34,3.18,0.51,10.71,15.86,75.67,0.18,5.82,16.4,Indian Food Nutrition dataset provided by user
IND-0619,Caramel custard (baked),Indian Food,,India,Source basis not specified,122.7,5.11,14.95,5.01,0.0,14.92,44.78,90.59,0.53,3.02,35.21,Indian Food Nutrition dataset provided by user
IND-0620,Vanilla ice cream without egg,Indian Food,,India,Source basis not specified,228.67,2.69,14.21,18.15,0.0,13.45,23.97,81.27,0.1,2.13,9.67,Indian Food Nutrition dataset provided by user
IND-0621,Vanilla ice cream with egg,Indian Food,,India,Source basis not specified,214.85,4.16,11.71,17.02,0.0,11.69,37.72,77.42,0.34,2.13,21.98,Indian Food Nutrition dataset provided by user
IND-0622,Strawberry ice cream,Indian Food,,India,Source basis not specified,215.61,4.15,12.26,16.96,0.0,11.6,37.62,77.08,0.34,2.13,22.0,Indian Food Nutrition dataset provided by user
IND-0623,Chocochip ice cream,Indian Food,,India,Source basis not specified,241.45,4.23,16.75,17.93,0.0,16.08,34.84,73.22,0.51,2.13,24.1,Indian Food Nutrition dataset provided by user
IND-0624,Choconut ice cream,Indian Food,,India,Source basis not specified,273.96,5.04,23.13,18.49,0.51,21.02,29.83,67.38,0.89,2.17,29.32,Indian Food Nutrition dataset provided by user
IND-0625,Pear chocholate sunday,Indian Food,,India,Source basis not specified,183.49,2.08,15.02,13.11,0.07,14.41,16.26,56.67,0.24,3.34,12.72,Indian Food Nutrition dataset provided by user
IND-0626,Chocolate sauce,Indian Food,,India,Source basis not specified,263.2,1.91,43.21,10.39,0.0,42.06,2.8,18.8,1.13,0.0,0.63,Indian Food Nutrition dataset provided by user
IND-0627,Coffee ice cream,Indian Food,,India,Source basis not specified,150.62,3.15,14.09,9.43,0.0,13.35,42.09,95.72,0.15,2.16,7.18,Indian Food Nutrition dataset provided by user
IND-0628,Coffee pear alaska,Indian Food,,India,Source basis not specified,203.99,2.88,19.36,13.22,0.15,16.88,51.11,60.61,0.22,3.48,13.85,Indian Food Nutrition dataset provided by user
IND-0629,Crunchy butterscotch,Indian Food,,India,Source basis not specified,277.32,3.11,19.92,20.99,0.47,17.73,22.24,72.26,0.26,2.13,18.72,Indian Food Nutrition dataset provided by user
IND-0630,Peach melba ice cream,Indian Food,,India,Source basis not specified,200.85,2.06,16.31,14.51,0.06,13.35,17.92,60.55,0.11,2.99,11.79,Indian Food Nutrition dataset provided by user
IND-0631,Vanilla ice cream with apples in hot cherry sauce,Indian Food,,India,Source basis not specified,196.32,1.73,22.75,11.45,0.26,14.19,31.54,56.34,0.16,4.23,10.77,Indian Food Nutrition dataset provided by user
IND-0632,Grape and orange whip,Indian Food,,India,Source basis not specified,57.39,1.41,6.72,2.62,0.97,5.66,14.36,17.4,0.53,34.86,16.85,Indian Food Nutrition dataset provided by user
IND-0633,Honey banana cream,Indian Food,,India,Source basis not specified,125.49,2.78,13.64,6.68,0.7,10.51,15.65,43.52,0.23,16.68,28.45,Indian Food Nutrition dataset provided by user
IND-0634,Raspberry bavarian cream,Indian Food,,India,Source basis not specified,150.1,3.34,17.82,7.88,2.19,15.3,24.59,26.4,0.31,21.41,20.79,Indian Food Nutrition dataset provided by user
IND-0635,Fruit delight,Indian Food,,India,Source basis not specified,107.09,2.09,9.11,7.09,0.09,9.03,17.27,71.69,0.15,7.74,19.39,Indian Food Nutrition dataset provided by user
IND-0636,Creamy chocolate mousse,Indian Food,,India,Source basis not specified,230.52,6.85,9.53,18.16,0.0,8.99,48.64,45.25,0.96,0.75,33.07,Indian Food Nutrition dataset provided by user
IND-0637,Cold lemon souffle,Indian Food,,India,Source basis not specified,169.87,5.89,15.62,9.78,0.0,13.88,46.35,55.03,0.53,8.65,31.24,Indian Food Nutrition dataset provided by user
IND-0638,Cold orange souffle,Indian Food,,India,Source basis not specified,173.19,5.94,16.27,9.82,0.11,14.42,46.53,55.45,0.57,10.08,33.8,Indian Food Nutrition dataset provided by user
IND-0639,Cold pineapple souffle,Indian Food,,India,Source basis not specified,181.22,6.23,16.85,10.39,0.0,14.99,49.38,57.13,0.54,1.88,30.3,Indian Food Nutrition dataset provided by user
IND-0640,Cold vanilla souffle,Indian Food,,India,Source basis not specified,179.54,6.22,16.29,10.32,0.0,14.49,49.09,62.47,0.52,1.3,30.71,Indian Food Nutrition dataset provided by user
IND-0641,Cold chocolate souffle,Indian Food,,India,Source basis not specified,187.53,6.37,17.22,10.86,0.0,15.31,47.77,62.91,0.68,1.3,32.45,Indian Food Nutrition dataset provided by user
IND-0642,Stewed fruit (with pear),Indian Food,,India,Source basis not specified,74.32,0.25,18.22,0.32,2.84,17.67,1.7,5.94,0.21,2.48,4.33,Indian Food Nutrition dataset provided by user
IND-0643,Apricot fool,Indian Food,,India,Source basis not specified,240.79,1.54,33.64,11.35,1.0,21.29,8.28,26.37,0.73,1.47,11.46,Indian Food Nutrition dataset provided by user
IND-0644,Pavlova,Indian Food,,India,Source basis not specified,200.6,1.84,21.84,12.29,0.06,20.37,26.34,23.0,0.25,23.78,19.18,Indian Food Nutrition dataset provided by user
IND-0645,Apple crumb pudding,Indian Food,,India,Source basis not specified,220.85,1.54,35.17,8.87,1.33,27.69,59.36,38.49,1.05,3.6,7.86,Indian Food Nutrition dataset provided by user
IND-0646,Steamed cake with chocolate sauce,Indian Food,,India,Source basis not specified,301.91,4.49,29.06,19.01,0.29,19.72,100.32,67.76,0.85,1.81,25.81,Indian Food Nutrition dataset provided by user
IND-0647,Hot lemon souffle,Indian Food,,India,Source basis not specified,155.25,5.29,16.31,7.93,0.14,12.07,47.75,48.77,0.55,12.93,20.7,Indian Food Nutrition dataset provided by user
IND-0648,Gulab jamun with milk powder,Indian Food,,India,Source basis not specified,471.15,0.85,28.24,40.15,0.05,27.04,67.28,26.13,0.13,0.41,4.56,Indian Food Nutrition dataset provided by user
IND-0649,Chum chum,Indian Food,,India,Source basis not specified,130.05,1.52,28.27,1.92,0.02,27.84,16.65,62.58,0.13,2.69,10.2,Indian Food Nutrition dataset provided by user
IND-0650,Dil bahar,Indian Food,,India,Source basis not specified,130.05,1.52,28.27,1.92,0.02,27.84,16.65,62.58,0.13,2.69,10.2,Indian Food Nutrition dataset provided by user
IND-0651,Rasbhari,Indian Food,,India,Source basis not specified,130.05,1.52,28.27,1.92,0.02,27.84,16.65,62.58,0.13,2.69,10.2,Indian Food Nutrition dataset provided by user
IND-0652,Rajbogh,Indian Food,,India,Source basis not specified,133.7,1.71,28.16,2.28,0.11,27.66,16.57,63.23,0.17,2.69,12.02,Indian Food Nutrition dataset provided by user
IND-0653,Rasgulla,Indian Food,,India,Source basis not specified,118.64,1.38,25.79,1.75,0.01,25.4,15.19,57.09,0.12,2.69,10.2,Indian Food Nutrition dataset provided by user
IND-0654,Rasmalai,Indian Food,,India,Source basis not specified,135.55,1.61,29.17,2.11,0.07,28.71,16.46,62.31,0.15,2.69,11.29,Indian Food Nutrition dataset provided by user
IND-0655,Khoa coconut burfi,Indian Food,,India,Source basis not specified,411.45,9.98,36.55,26.01,4.07,35.6,31.14,309.84,2.1,0.0,26.6,Indian Food Nutrition dataset provided by user
IND-0656,Danedar burfi,Indian Food,,India,Source basis not specified,102.68,3.24,12.33,4.72,0.09,11.98,23.31,107.53,0.24,3.36,9.75,Indian Food Nutrition dataset provided by user
IND-0657,Semolina burfi (Suji/Rava burfi),Indian Food,,India,Source basis not specified,348.67,3.47,47.1,16.86,2.8,28.67,8.33,14.86,1.01,0.0,3.21,Indian Food Nutrition dataset provided by user
IND-0658,Pumpkin coconut burfi (Kaddu aur nariyal ki burfi),Indian Food,,India,Source basis not specified,186.18,1.75,17.02,12.66,4.29,16.11,8.95,21.76,0.79,3.02,11.48,Indian Food Nutrition dataset provided by user
IND-0659,Khoa ladoo,Indian Food,,India,Source basis not specified,396.02,12.21,34.43,24.09,3.08,33.37,31.71,358.61,2.25,0.02,27.31,Indian Food Nutrition dataset provided by user
IND-0660,Wheat and gram flour ladoo (Atta besan ladoo),Indian Food,,India,Source basis not specified,501.7,9.38,50.5,29.86,6.01,18.46,27.06,35.27,2.39,0.0,14.55,Indian Food Nutrition dataset provided by user
IND-0661,Semolina ladoo with nuts (Suji/Rava ladoo with nuts),Indian Food,,India,Source basis not specified,441.84,5.44,48.02,25.45,4.27,19.79,3.93,18.04,1.81,0.03,4.01,Indian Food Nutrition dataset provided by user
IND-0662,Sesame chickpeas brittle (Til aur channe ki chikki),Indian Food,,India,Source basis not specified,282.74,8.5,50.49,4.66,5.54,36.48,17.93,150.73,4.8,0.0,23.64,Indian Food Nutrition dataset provided by user
IND-0663,Murmura chikki,Indian Food,,India,Source basis not specified,253.82,2.12,59.59,0.32,0.37,48.27,15.03,63.3,3.3,0.0,2.16,Indian Food Nutrition dataset provided by user
IND-0664,Masala onion pakora/pakoda (Pyaaz ke pakode),Indian Food,,India,Source basis not specified,551.64,2.05,6.48,57.61,1.44,1.58,99.22,11.06,0.42,1.18,14.65,Indian Food Nutrition dataset provided by user
IND-0665,Masala green chilli pakora/pakoda (Hari mirch kay pakode),Indian Food,,India,Source basis not specified,668.76,2.22,5.55,71.01,1.34,0.27,120.9,8.58,0.47,3.84,12.67,Indian Food Nutrition dataset provided by user
IND-0666,Chicken pakora/pakoda,Indian Food,,India,Source basis not specified,590.09,6.03,4.55,60.98,0.96,0.22,103.23,9.08,0.51,0.14,11.46,Indian Food Nutrition dataset provided by user
IND-0667,Fish pakora/pakoda,Indian Food,,India,Source basis not specified,577.03,5.97,4.55,59.52,0.96,0.22,112.24,12.65,0.63,0.14,11.02,Indian Food Nutrition dataset provided by user
IND-0668,Paneer cutlet,Indian Food,,India,Source basis not specified,672.2,4.59,7.62,69.38,0.39,2.52,91.45,107.86,0.48,1.81,38.34,Indian Food Nutrition dataset provided by user
IND-0669,Sago cutlet/vadas (Sabudana cutlet/vadas),Indian Food,,India,Source basis not specified,558.76,0.56,11.23,56.97,0.54,0.1,48.17,5.43,0.38,13.39,9.09,Indian Food Nutrition dataset provided by user
IND-0670,Poshtik cutlet,Indian Food,,India,Source basis not specified,496.45,2.0,7.39,50.94,1.35,0.32,57.11,14.94,0.69,16.42,43.66,Indian Food Nutrition dataset provided by user
IND-0671,Egg cutlet (Anda cutlet),Indian Food,,India,Source basis not specified,575.02,2.45,5.77,60.25,0.58,0.2,79.4,16.22,0.56,11.07,22.05,Indian Food Nutrition dataset provided by user
IND-0672,Minced meat cutlet,Indian Food,,India,Source basis not specified,531.86,5.1,5.61,54.47,0.4,0.31,95.81,20.82,0.63,1.81,8.86,Indian Food Nutrition dataset provided by user
IND-0673,Vegetable samosa,Indian Food,,India,Source basis not specified,443.11,2.21,13.22,42.22,1.52,0.74,107.7,10.37,0.6,10.06,12.39,Indian Food Nutrition dataset provided by user
IND-0674,Plain urad dal vada (Uzunne vada/Minapa garelu/Ulundu vadai/Medu vada),Indian Food,,India,Source basis not specified,745.5,4.39,9.7,76.32,2.27,0.16,65.87,10.6,0.96,0.0,13.31,Indian Food Nutrition dataset provided by user
IND-0675,Masala urad dal vada,Indian Food,,India,Source basis not specified,703.78,4.32,9.93,71.62,2.71,0.7,61.49,11.87,1.0,2.05,15.89,Indian Food Nutrition dataset provided by user
IND-0676,Khaman (dhokla),Indian Food,,India,Source basis not specified,54.73,1.92,5.36,2.8,1.49,1.36,124.1,5.31,0.58,2.6,19.33,Indian Food Nutrition dataset provided by user
IND-0677,Instant dhokla,Indian Food,,India,Source basis not specified,207.11,7.66,24.11,9.37,3.57,6.86,763.98,66.58,1.05,2.7,22.87,Indian Food Nutrition dataset provided by user
IND-0678,Tomato ginger chutney (Tamatar adarak ki chutney),Indian Food,,India,Source basis not specified,44.66,1.05,9.11,0.32,2.14,6.31,209.42,23.63,1.08,3.65,2.29,Indian Food Nutrition dataset provided by user
IND-0679,Mint tomato chutney (Pudinay aur tamatar ki chutney),Indian Food,,India,Source basis not specified,43.65,1.53,8.22,0.36,2.63,5.48,183.98,47.59,2.06,4.07,4.94,Indian Food Nutrition dataset provided by user
IND-0680,Coriander chutney (Hare dhaniye ki chutney),Indian Food,,India,Source basis not specified,42.86,1.38,8.16,0.37,2.47,5.5,186.64,39.8,1.63,4.24,3.57,Indian Food Nutrition dataset provided by user
IND-0681,Gooseberry chutney (Amla chutney),Indian Food,,India,Source basis not specified,43.02,1.44,8.83,0.62,4.58,0.06,215.09,46.4,1.22,4.84,2.23,Indian Food Nutrition dataset provided by user
IND-0682,Walnut chutney (Akhrot ki chutney),Indian Food,,India,Source basis not specified,370.43,9.44,8.91,33.46,3.04,4.4,160.0,119.57,1.77,1.33,4.63,Indian Food Nutrition dataset provided by user
IND-0683,Saunth/Sonth chutney with ginger,Indian Food,,India,Source basis not specified,84.22,0.28,20.62,0.11,0.31,19.04,222.53,15.17,0.7,0.0,0.51,Indian Food Nutrition dataset provided by user
IND-0684,Gun powder chutney,Indian Food,,India,Source basis not specified,312.34,21.55,47.65,2.67,13.95,1.16,195.67,68.87,5.14,0.02,14.27,Indian Food Nutrition dataset provided by user
IND-0685,Dessicated coconut chutney (Sookhe kase nariyal ki chutney),Indian Food,,India,Source basis not specified,346.36,12.88,36.72,15.88,13.16,10.41,321.07,73.55,5.44,0.15,10.69,Indian Food Nutrition dataset provided by user
IND-0686,Curd mint dip,Indian Food,,India,Source basis not specified,76.13,4.82,9.11,2.44,0.77,7.83,222.77,172.79,0.82,3.28,7.82,Indian Food Nutrition dataset provided by user
IND-0687,Curd vegetable dip,Indian Food,,India,Source basis not specified,56.21,3.88,6.04,1.94,0.63,5.42,132.48,129.58,0.37,4.53,5.78,Indian Food Nutrition dataset provided by user
IND-0688,Mayonnaise vegetable dip,Indian Food,,India,Source basis not specified,241.27,3.01,4.8,23.44,0.41,4.39,119.58,91.42,0.28,4.58,7.03,Indian Food Nutrition dataset provided by user
IND-0689,Tomato and cucumber sandwich (Tamatar aur kheere ka sandwich),Indian Food,,India,Source basis not specified,150.68,4.03,20.51,6.31,2.1,1.79,222.22,76.75,1.15,7.12,17.26,Indian Food Nutrition dataset provided by user
IND-0690,Tomato sandwich (grilled),Indian Food,,India,Source basis not specified,189.92,6.26,21.29,9.39,1.91,2.58,420.6,150.9,0.88,8.91,16.85,Indian Food Nutrition dataset provided by user
IND-0691,French sandwich (toasted),Indian Food,,India,Source basis not specified,186.75,6.82,14.82,11.51,1.37,1.82,274.68,100.73,1.24,6.66,29.24,Indian Food Nutrition dataset provided by user
IND-0692,Peanut butter cucumber sandwich,Indian Food,,India,Source basis not specified,243.33,9.04,29.76,10.56,3.35,2.91,460.09,95.35,1.32,0.92,16.53,Indian Food Nutrition dataset provided by user
IND-0693,Mint and peanut sandwich,Indian Food,,India,Source basis not specified,273.59,7.18,31.83,13.88,3.67,2.78,453.3,114.99,1.7,1.75,15.62,Indian Food Nutrition dataset provided by user
IND-0694,Spicy chutney sandwich,Indian Food,,India,Source basis not specified,249.58,8.74,34.03,9.58,3.73,3.96,315.4,154.53,1.51,0.21,23.71,Indian Food Nutrition dataset provided by user
IND-0695,Chicken walnut sandwich (Chicken aur akhrot ke sandwich),Indian Food,,India,Source basis not specified,285.78,12.58,22.62,16.77,1.53,1.77,287.39,78.45,1.12,0.0,12.99,Indian Food Nutrition dataset provided by user
IND-0696,Rolled sandwich,Indian Food,,India,Source basis not specified,293.07,6.45,34.69,15.29,2.07,2.7,321.57,117.68,1.23,0.91,5.61,Indian Food Nutrition dataset provided by user
IND-0697,Ribbon sandwich,Indian Food,,India,Source basis not specified,239.26,6.26,24.76,13.37,2.92,4.66,382.11,157.85,1.05,4.55,10.44,Indian Food Nutrition dataset provided by user
IND-0698,Checker board sandwich,Indian Food,,India,Source basis not specified,348.37,7.37,25.94,24.65,2.22,2.9,358.25,188.02,1.11,0.05,8.52,Indian Food Nutrition dataset provided by user
IND-0699,Submarine sandwich,Indian Food,,India,Source basis not specified,216.92,6.09,13.6,15.32,1.24,2.5,254.28,72.35,1.23,21.43,36.34,Indian Food Nutrition dataset provided by user
IND-0700,Cheese open sandwich,Indian Food,,India,Source basis not specified,274.07,9.84,28.42,14.24,1.74,3.24,504.41,256.25,1.22,0.6,12.93,Indian Food Nutrition dataset provided by user
IND-0701,Sunset and sunrise open sandwich,Indian Food,,India,Source basis not specified,241.31,8.58,18.89,15.14,1.39,1.95,381.29,114.07,1.28,3.86,26.36,Indian Food Nutrition dataset provided by user
IND-0702,Danish luncheon sandwich,Indian Food,,India,Source basis not specified,193.82,9.03,17.77,10.1,1.52,1.13,365.63,77.13,1.27,2.35,25.88,Indian Food Nutrition dataset provided by user
IND-0703,Chicken and corn open sandwich,Indian Food,,India,Source basis not specified,188.16,8.63,19.21,8.83,1.67,2.48,226.72,65.13,0.8,2.12,14.16,Indian Food Nutrition dataset provided by user
IND-0704,Chocolate sponge cake,Indian Food,,India,Source basis not specified,239.86,9.13,39.54,5.51,0.52,25.0,61.47,33.99,1.81,0.0,19.87,Indian Food Nutrition dataset provided by user
IND-0705,Chocolate swiss roll,Indian Food,,India,Source basis not specified,306.08,6.01,26.97,19.76,0.29,18.83,44.53,42.79,1.08,0.19,8.91,Indian Food Nutrition dataset provided by user
IND-0706,Lemon curd filling,Indian Food,,India,Source basis not specified,225.62,3.43,26.41,12.58,0.0,26.13,34.9,16.39,0.6,0.64,3.21,Indian Food Nutrition dataset provided by user
IND-0707,Jam filling,Indian Food,,India,Source basis not specified,184.62,0.0,46.15,0.0,0.0,41.54,0.0,0.0,0.0,0.0,0.0,Indian Food Nutrition dataset provided by user
IND-0708,Chocolate pastry,Indian Food,,India,Source basis not specified,243.37,7.05,32.24,10.12,0.32,22.34,46.54,50.7,1.44,0.25,17.22,Indian Food Nutrition dataset provided by user
IND-0709,Assorted pastry,Indian Food,,India,Source basis not specified,230.74,6.78,31.99,8.91,0.43,19.7,49.99,47.2,0.94,0.25,15.61,Indian Food Nutrition dataset provided by user
IND-0710,Orange gateau,Indian Food,,India,Source basis not specified,178.05,4.78,27.01,6.02,0.68,18.33,80.41,41.69,0.89,10.49,15.12,Indian Food Nutrition dataset provided by user
IND-0711,Black forest gateau,Indian Food,,India,Source basis not specified,217.82,5.94,30.57,8.58,0.28,21.97,79.37,46.79,1.09,143.5,10.98,Indian Food Nutrition dataset provided by user
IND-0712,Lemon cake,Indian Food,,India,Source basis not specified,373.85,5.29,43.1,20.63,0.62,25.84,151.29,32.77,0.91,2.44,9.0,Indian Food Nutrition dataset provided by user
IND-0713,Dundee cake,Indian Food,,India,Source basis not specified,396.62,7.78,41.4,22.7,1.81,21.3,182.74,58.11,1.57,0.07,9.22,Indian Food Nutrition dataset provided by user
IND-0714,Victorian sandwich cake,Indian Food,,India,Source basis not specified,373.09,5.18,44.74,19.83,0.59,28.18,145.28,36.25,0.86,0.08,8.66,Indian Food Nutrition dataset provided by user
IND-0715,Chocolate eggless cake,Indian Food,,India,Source basis not specified,312.01,6.66,43.45,13.19,0.32,34.2,196.61,185.38,0.95,2.67,14.7,Indian Food Nutrition dataset provided by user
IND-0716,Orange eggless cake,Indian Food,,India,Source basis not specified,355.62,7.16,52.65,13.82,0.56,37.87,226.28,205.84,0.52,3.47,13.72,Indian Food Nutrition dataset provided by user
IND-0717,Chocolate glace icing,Indian Food,,India,Source basis not specified,436.29,3.22,62.43,20.8,0.0,59.88,8.66,26.75,2.04,0.0,1.52,Indian Food Nutrition dataset provided by user
IND-0718,Butter icing,Indian Food,,India,Source basis not specified,500.72,0.19,71.64,25.37,0.0,71.64,5.98,12.48,0.14,0.0,0.0,Indian Food Nutrition dataset provided by user
IND-0719,Chocolate butter icing,Indian Food,,India,Source basis not specified,469.59,3.21,61.72,24.77,0.0,59.82,4.99,31.87,1.85,0.0,1.22,Indian Food Nutrition dataset provided by user
IND-0720,Almond biscuit (Badam ke biscuit),Indian Food,,India,Source basis not specified,407.74,6.25,52.14,19.7,1.5,22.19,151.76,44.05,1.11,0.03,2.28,Indian Food Nutrition dataset provided by user
IND-0721,Orange biscuit,Indian Food,,India,Source basis not specified,354.78,3.63,62.11,11.01,0.75,42.63,259.14,20.35,0.77,1.36,5.1,Indian Food Nutrition dataset provided by user
IND-0722,Gingerman biscuit,Indian Food,,India,Source basis not specified,357.43,6.26,55.24,12.73,2.0,21.64,918.57,41.35,1.59,3.65,4.91,Indian Food Nutrition dataset provided by user
IND-0723,Coffee drops,Indian Food,,India,Source basis not specified,443.07,7.57,43.06,27.16,1.88,18.27,88.17,57.09,1.48,0.03,2.72,Indian Food Nutrition dataset provided by user
IND-0724,Christmas biscuit,Indian Food,,India,Source basis not specified,406.07,5.67,60.97,15.88,2.17,26.01,127.36,29.07,1.2,0.0,2.42,Indian Food Nutrition dataset provided by user
IND-0725,Christmas wreath biscuit,Indian Food,,India,Source basis not specified,386.05,5.43,58.07,15.01,2.28,24.89,120.2,29.71,1.21,2.28,2.53,Indian Food Nutrition dataset provided by user
IND-0726,Christmas bell biscuit,Indian Food,,India,Source basis not specified,404.85,5.66,60.79,15.84,2.33,25.94,127.01,32.0,1.22,0.0,2.42,Indian Food Nutrition dataset provided by user
IND-0727,Christmas star biscuit,Indian Food,,India,Source basis not specified,392.03,3.54,74.54,10.04,1.47,53.05,76.09,22.75,0.96,0.01,2.69,Indian Food Nutrition dataset provided by user
IND-0728,Christmas tree biscuit,Indian Food,,India,Source basis not specified,385.63,5.43,58.41,15.0,2.65,24.77,120.45,35.04,1.18,1.61,2.58,Indian Food Nutrition dataset provided by user
IND-0729,Chocolate cream shells,Indian Food,,India,Source basis not specified,427.17,5.1,59.26,19.34,0.9,34.72,126.84,28.53,1.08,0.0,2.42,Indian Food Nutrition dataset provided by user
IND-0730,Jelly biscuit,Indian Food,,India,Source basis not specified,404.61,4.23,55.24,19.33,2.02,29.76,110.57,36.46,1.19,0.03,1.69,Indian Food Nutrition dataset provided by user
IND-0731,Cherry and walnut cookies,Indian Food,,India,Source basis not specified,422.6,5.63,59.35,18.75,1.3,30.37,114.62,46.27,1.31,0.0,2.49,Indian Food Nutrition dataset provided by user
IND-0732,Cheese straws,Indian Food,,India,Source basis not specified,382.0,9.83,30.61,24.28,1.29,1.79,587.42,160.64,1.29,0.0,2.35,Indian Food Nutrition dataset provided by user
IND-0733,Butterfly biscuit,Indian Food,,India,Source basis not specified,341.45,9.98,25.33,22.11,1.02,2.44,572.05,202.49,1.09,0.03,2.63,Indian Food Nutrition dataset provided by user
IND-0734,Flan pastry,Indian Food,,India,Source basis not specified,445.8,6.72,47.84,25.04,1.58,6.22,193.23,21.85,1.15,0.0,7.11,Indian Food Nutrition dataset provided by user
IND-0735,Fruit flan,Indian Food,,India,Source basis not specified,261.35,3.3,34.71,12.48,0.71,9.52,110.04,19.28,0.61,3.3,33.99,Indian Food Nutrition dataset provided by user
IND-0736,Orange cream flan,Indian Food,,India,Source basis not specified,280.28,4.73,36.16,13.59,0.63,25.27,82.41,27.9,0.93,43.79,76.78,Indian Food Nutrition dataset provided by user
IND-0737,Fruit puree tart,Indian Food,,India,Source basis not specified,286.5,3.35,30.42,16.83,1.31,9.79,49.65,19.64,0.63,2.6,6.05,Indian Food Nutrition dataset provided by user
IND-0738,Apple banana pie,Indian Food,,India,Source basis not specified,243.99,3.13,32.12,11.39,1.89,12.96,384.43,21.23,0.79,8.88,31.98,Indian Food Nutrition dataset provided by user
IND-0739,Lemon chiffon pie,Indian Food,,India,Source basis not specified,259.31,4.88,27.63,14.52,0.66,11.39,94.95,34.43,0.61,7.18,51.7,Indian Food Nutrition dataset provided by user
IND-0740,Orange chiffon pie,Indian Food,,India,Source basis not specified,207.57,3.89,23.14,11.16,0.7,10.46,73.23,30.34,0.62,84.88,91.24,Indian Food Nutrition dataset provided by user
IND-0741,Cream buns,Indian Food,,India,Source basis not specified,215.74,4.45,14.16,15.81,0.31,5.95,45.49,45.27,0.5,0.33,9.28,Indian Food Nutrition dataset provided by user
IND-0742,Savoury puffs,Indian Food,,India,Source basis not specified,190.79,9.51,10.8,15.24,0.33,4.51,2274.24,68.83,1.19,1.49,15.04,Indian Food Nutrition dataset provided by user
IND-0743,Choux swans,Indian Food,,India,Source basis not specified,216.34,4.35,14.92,15.6,0.35,6.13,145.08,44.67,0.51,4.27,18.67,Indian Food Nutrition dataset provided by user
IND-0744,Potato aigrettes,Indian Food,,India,Source basis not specified,530.03,2.35,8.01,54.24,0.45,0.73,112.45,9.2,0.45,1.16,3.35,Indian Food Nutrition dataset provided by user
IND-0745,Cream horns,Indian Food,,India,Source basis not specified,408.23,3.42,23.12,33.55,0.6,7.12,57.11,30.93,0.44,0.5,8.8,Indian Food Nutrition dataset provided by user
IND-0746,Savoury cheese horns,Indian Food,,India,Source basis not specified,295.15,5.66,21.38,20.71,0.73,2.74,212.28,121.83,0.63,2.31,8.51,Indian Food Nutrition dataset provided by user
IND-0747,Paneer patties,Indian Food,,India,Source basis not specified,338.58,7.6,22.79,23.96,1.18,4.04,158.44,129.9,0.79,3.3,31.26,Indian Food Nutrition dataset provided by user
IND-0748,Vegetable patties,Indian Food,,India,Source basis not specified,261.92,4.01,20.98,17.74,2.62,1.49,139.52,18.96,0.87,13.92,22.85,Indian Food Nutrition dataset provided by user
IND-0749,Pearl millet infant food (Bajra shishu aahaar),Indian Food,,India,Source basis not specified,362.44,11.98,62.1,6.62,7.84,26.06,12.67,118.52,5.67,0.0,24.14,Indian Food Nutrition dataset provided by user
IND-0750,Sajina,Indian Food,,India,Source basis not specified,345.26,10.81,66.87,3.03,7.62,25.89,11.7,54.4,5.39,0.0,20.4,Indian Food Nutrition dataset provided by user
IND-0751,Finger millet infant food (Ragi shishu aahaar),Indian Food,,India,Source basis not specified,327.91,7.87,62.24,4.71,8.68,24.89,14.65,225.55,3.61,0.0,17.47,Indian Food Nutrition dataset provided by user
IND-0752,Paushtik daliya,Indian Food,,India,Source basis not specified,280.9,8.23,50.77,4.42,5.43,20.08,8.04,36.56,2.6,0.0,19.24,Indian Food Nutrition dataset provided by user
IND-0753,Sorghum infant food (Jowar shishu aahaar),Indian Food,,India,Source basis not specified,342.34,10.22,62.66,4.64,6.86,25.48,13.25,75.1,4.45,0.0,22.42,Indian Food Nutrition dataset provided by user
IND-0754,Paushtik sewian,Indian Food,,India,Source basis not specified,342.27,9.75,67.8,2.77,6.59,25.82,10.87,26.54,3.77,0.0,19.78,Indian Food Nutrition dataset provided by user
IND-0755,Nutritious infant food (Paushtik shishu aahaar),Indian Food,,India,Source basis not specified,346.54,9.45,64.21,4.72,6.57,25.41,11.53,42.84,3.95,0.0,20.89,Indian Food Nutrition dataset provided by user
IND-0756,Sorghum khichdi (Jowar ki khichdi),Indian Food,,India,Source basis not specified,102.43,2.83,15.71,2.73,1.86,0.3,95.54,22.75,1.19,0.37,13.79,Indian Food Nutrition dataset provided by user
IND-0757,Wheat and sprouted moong cheela/chilla (Atta aur ankuri moong dal ka cheela/chilla),Indian Food,,India,Source basis not specified,758.82,2.02,7.49,80.12,1.38,0.3,74.77,10.02,0.67,3.8,34.4,Indian Food Nutrition dataset provided by user
IND-0758,Moong dal and vegetable stuffed cheela/chilla,Indian Food,,India,Source basis not specified,738.97,1.85,7.27,78.23,1.4,0.31,75.05,10.36,0.66,6.34,36.75,Indian Food Nutrition dataset provided by user
IND-0759,Sprouted wheat halwa,Indian Food,,India,Source basis not specified,165.73,1.97,28.87,4.36,1.75,17.47,4.32,15.68,0.96,0.04,3.83,Indian Food Nutrition dataset provided by user
IND-0760,Paushtik halwa,Indian Food,,India,Source basis not specified,201.27,2.77,33.02,5.92,2.2,19.34,4.8,21.57,1.17,0.0,7.16,Indian Food Nutrition dataset provided by user
IND-0761,Carrot and semolina halwa (Gajar aur suji ka halwa),Indian Food,,India,Source basis not specified,187.97,2.73,27.18,7.21,1.96,19.72,4.64,15.93,0.76,6.53,8.08,Indian Food Nutrition dataset provided by user
IND-0762,Mixed flour halwa,Indian Food,,India,Source basis not specified,200.75,2.84,32.74,5.96,2.23,19.23,4.7,21.72,1.21,0.0,6.72,Indian Food Nutrition dataset provided by user
IND-0763,Soyabean ladoo,Indian Food,,India,Source basis not specified,478.43,8.81,62.88,22.95,4.41,37.89,5.32,25.04,1.49,0.0,24.35,Indian Food Nutrition dataset provided by user
IND-0764,Sprouted wheat ladoo,Indian Food,,India,Source basis not specified,477.58,8.88,62.84,22.86,4.43,37.86,5.37,25.26,1.5,0.0,24.49,Indian Food Nutrition dataset provided by user
IND-0765,Sorghum ladoo (Jowar ladoo),Indian Food,,India,Source basis not specified,474.34,9.58,62.33,22.42,4.61,37.66,5.9,34.02,1.83,0.0,24.89,Indian Food Nutrition dataset provided by user
IND-0766,Paushtik panjiri,Indian Food,,India,Source basis not specified,444.6,9.31,58.37,21.05,5.1,28.25,5.83,38.16,2.29,0.0,17.48,Indian Food Nutrition dataset provided by user
IND-0767,Paushtik mathri,Indian Food,,India,Source basis not specified,800.71,1.9,11.83,82.49,0.85,0.3,67.75,8.23,0.56,0.0,3.31,Indian Food Nutrition dataset provided by user
IND-0768,Soyabean sev,Indian Food,,India,Source basis not specified,840.48,2.44,3.75,90.6,1.48,0.16,77.72,12.01,0.59,0.79,22.48,Indian Food Nutrition dataset provided by user
IND-0769,Corn and potato cutlet,Indian Food,,India,Source basis not specified,706.77,1.64,6.86,74.79,0.71,0.47,76.51,7.24,0.47,12.63,24.08,Indian Food Nutrition dataset provided by user
IND-0770,Soyabean pakora/pakoda,Indian Food,,India,Source basis not specified,676.88,2.78,4.78,72.23,1.52,0.22,70.99,14.65,0.61,0.0,17.41,Indian Food Nutrition dataset provided by user
IND-0771,Peanut and sago vada (Moongfali aur sabudana vada),Indian Food,,India,Source basis not specified,713.88,1.72,7.9,75.25,1.04,0.27,78.71,12.98,0.55,10.6,28.16,Indian Food Nutrition dataset provided by user
IND-0772,Semolina and vegetable idli (Suji aur sabziyon ki idli),Indian Food,,India,Source basis not specified,229.41,8.19,37.13,3.87,6.81,3.55,1301.81,91.89,2.06,7.57,28.62,Indian Food Nutrition dataset provided by user
IND-0773,Mixed flour dhokla,Indian Food,,India,Source basis not specified,203.26,12.22,27.56,4.8,4.75,4.35,341.24,116.36,1.65,0.68,34.02,Indian Food Nutrition dataset provided by user
IND-0774,Rice (Raw milled),Indian Food,,India,Source basis not specified,356.36,7.94,78.24,0.52,2.81,0.66,4.24,7.49,0.65,0.0,9.32,Indian Food Nutrition dataset provided by user
IND-0775,Rice (Parboiled),Indian Food,,India,Source basis not specified,351.58,7.66,76.56,0.64,4.07,0.58,7.26,9.91,0.85,0.0,10.68,Indian Food Nutrition dataset provided by user
IND-0776,Wheat flour,Indian Food,,India,Source basis not specified,320.27,10.59,64.08,1.47,11.23,1.74,3.06,39.36,3.97,0.0,36.56,Indian Food Nutrition dataset provided by user
IND-0777,Refined wheat flour (Maida),Indian Food,,India,Source basis not specified,352.06,10.34,73.89,0.67,2.76,1.29,3.46,15.34,1.38,0.0,17.2,Indian Food Nutrition dataset provided by user
IND-0778,Semolina (Suji/Rawa),Indian Food,,India,Source basis not specified,333.65,10.22,68.96,0.73,6.46,1.64,2.94,18.06,1.69,0.0,16.5,Indian Food Nutrition dataset provided by user
IND-0779,Vermicelli (dry),Indian Food,,India,Source basis not specified,332.7,9.75,69.57,0.73,6.23,1.72,2.44,16.29,1.52,0.0,16.34,Indian Food Nutrition dataset provided by user
IND-0780,Flattened rice (Poha/Chivda),Indian Food,,India,Source basis not specified,346.08,6.67,77.34,0.48,3.43,1.41,18.3,17.38,2.78,0.0,17.94,Indian Food Nutrition dataset provided by user
IND-0781,Puffed rice (Murmura),Indian Food,,India,Source basis not specified,325.29,6.01,73.65,0.11,2.98,0.44,16.92,10.15,1.77,0.0,15.93,Indian Food Nutrition dataset provided by user
IND-0782,Bengal gram whole (Kala chana),Indian Food,,India,Source basis not specified,287.05,17.23,38.74,4.55,25.22,4.72,27.05,56.55,4.64,0.0,186.06,Indian Food Nutrition dataset provided by user
IND-0783,Bengal gram split (Chana dal),Indian Food,,India,Source basis not specified,329.11,20.53,46.12,4.69,15.28,3.77,34.0,45.41,3.77,0.0,148.61,Indian Food Nutrition dataset provided by user
IND-0784,Chickpeas (Kabuli chana),Indian Food,,India,Source basis not specified,359.7,21.57,51.05,5.55,15.3,3.61,42.47,49.25,4.31,0.0,195.4,Indian Food Nutrition dataset provided by user
IND-0785,Cow pea (Lobia),Indian Food,,India,Source basis not specified,320.27,19.7,51.86,1.05,16.03,4.54,8.74,70.93,4.66,0.0,133.09,Indian Food Nutrition dataset provided by user
IND-0786,Green gram whole (Sabut moong),Indian Food,,India,Source basis not specified,293.74,22.53,40.78,1.46,17.06,4.01,28.21,75.14,3.79,0.0,140.45,Indian Food Nutrition dataset provided by user
IND-0787,Green gram split (Moong dal),Indian Food,,India,Source basis not specified,325.76,23.65,46.88,1.46,8.23,3.65,28.32,53.47,3.15,0.0,129.41,Indian Food Nutrition dataset provided by user
IND-0788,Kidney beans (Rajma),Indian Food,,India,Source basis not specified,299.24,19.92,42.34,1.38,18.06,4.11,12.51,105.74,5.14,0.0,132.84,Indian Food Nutrition dataset provided by user
IND-0789,Lentil (Masoor dal),Indian Food,,India,Source basis not specified,314.77,24.25,47.53,0.73,11.53,2.44,10.66,42.49,3.58,0.0,107.56,Indian Food Nutrition dataset provided by user
IND-0790,Moth beans,Indian Food,,India,Source basis not specified,315.73,22.25,47.53,1.69,10.22,3.22,14.65,83.05,4.86,0.0,158.42,Indian Food Nutrition dataset provided by user
IND-0791,Peas dry (Matar),Indian Food,,India,Source basis not specified,303.3,19.74,44.92,1.15,14.88,4.28,16.29,54.1,4.42,0.0,76.54,Indian Food Nutrition dataset provided by user
IND-0792,Pigeon pea (Toor/Arhar dal),Indian Food,,India,Source basis not specified,330.78,22.3,50.38,1.47,9.12,4.85,18.49,58.85,2.74,0.0,103.49,Indian Food Nutrition dataset provided by user
IND-0793,Soyabean,Indian Food,,India,Source basis not specified,381.45,36.49,20.93,15.65,21.56,6.1,15.08,240.56,6.91,0.0,225.13,Indian Food Nutrition dataset provided by user
IND-0794,Black gram whole (Sabut urad),Indian Food,,India,Source basis not specified,291.11,21.87,40.42,1.42,20.44,3.31,23.51,68.42,3.95,0.0,142.32,Indian Food Nutrition dataset provided by user
IND-0795,Black gram split (Urad dal),Indian Food,,India,Source basis not specified,328.15,23.54,48.06,1.45,9.52,3.37,24.16,56.78,3.26,0.0,131.25,Indian Food Nutrition dataset provided by user
IND-0796,Bathua leaves,Indian Food,,India,Source basis not specified,31.55,3.71,2.94,0.47,4.28,0.59,82.63,230.12,4.21,66.42,68.56,Indian Food Nutrition dataset provided by user
IND-0797,Cabbage (Patta gobhi),Indian Food,,India,Source basis not specified,21.51,1.38,3.42,0.11,2.83,2.02,27.05,44.62,0.58,62.74,83.67,Indian Food Nutrition dataset provided by user
IND-0798,Coriander leaves (Dhania patta),Indian Food,,India,Source basis not specified,31.07,3.33,1.96,0.61,4.72,0.58,42.84,184.22,5.26,45.24,89.5,Indian Food Nutrition dataset provided by user
IND-0799,Fenugreek leaves (Methi patta),Indian Food,,India,Source basis not specified,34.42,3.99,3.12,0.59,4.89,0.72,76.19,274.65,5.68,52.34,142.06,Indian Food Nutrition dataset provided by user
IND-0800,Mint leaves (Pudina),Indian Food,,India,Source basis not specified,37.05,3.91,3.84,0.56,5.18,0.92,48.24,200.56,6.34,27.18,114.28,Indian Food Nutrition dataset provided by user
IND-0801,Mustard leaves (Sarson ka saag),Indian Food,,India,Source basis not specified,30.11,3.01,2.63,0.62,4.12,0.68,65.41,195.42,4.01,48.26,112.54,Indian Food Nutrition dataset provided by user
IND-0802,Radish leaves (Mooli ke patte),Indian Food,,India,Source basis not specified,26.05,2.65,2.44,0.41,3.78,0.54,74.22,168.34,3.88,40.12,78.23,Indian Food Nutrition dataset provided by user
IND-0803,Spinach (Palak),Indian Food,,India,Source basis not specified,24.38,2.86,1.98,0.48,2.56,0.45,58.52,73.24,2.71,28.14,194.33,Indian Food Nutrition dataset provided by user
IND-0804,Bitter gourd (Karela),Indian Food,,India,Source basis not specified,20.79,1.65,2.84,0.21,3.48,1.15,15.65,23.14,0.68,96.42,68.23,Indian Food Nutrition dataset provided by user
IND-0805,Bottle gourd (Lauki/Ghiya),Indian Food,,India,Source basis not specified,14.58,0.62,2.52,0.12,1.42,1.38,1.86,18.06,0.47,10.24,14.65,Indian Food Nutrition dataset provided by user
IND-0806,Brinjal (Baingan),Indian Food,,India,Source basis not specified,24.86,1.41,4.03,0.18,3.42,2.34,3.11,18.25,0.38,12.04,18.42,Indian Food Nutrition dataset provided by user
IND-0807,Capsicum (Shimla mirch),Indian Food,,India,Source basis not specified,24.14,1.29,4.24,0.19,2.18,2.41,5.71,13.44,0.57,137.24,54.12,Indian Food Nutrition dataset provided by user
IND-0808,Cauliflower (Phool gobhi),Indian Food,,India,Source basis not specified,22.94,2.15,3.48,0.24,2.81,1.86,39.64,33.12,0.72,56.42,78.14,Indian Food Nutrition dataset provided by user
IND-0809,Cucumber (Kheera),Indian Food,,India,Source basis not specified,13.86,0.73,2.19,0.11,1.05,1.42,10.22,14.56,0.28,7.42,14.28,Indian Food Nutrition dataset provided by user
IND-0810,French beans,Indian Food,,India,Source basis not specified,26.05,1.82,3.96,0.21,3.22,1.48,4.86,50.14,0.86,16.24,48.56,Indian Food Nutrition dataset provided by user
IND-0811,Green chillies (Hari mirch),Indian Food,,India,Source basis not specified,45.65,2.38,6.12,0.55,4.24,2.14,14.65,18.42,1.22,111.42,42.18,Indian Food Nutrition dataset provided by user
IND-0812,Ladies finger/Okra (Bhindi),Indian Food,,India,Source basis not specified,27.49,1.88,4.24,0.19,3.64,1.48,6.86,66.14,0.76,16.42,64.28,Indian Food Nutrition dataset provided by user
IND-0813,Pumpkin (Kaddu),Indian Food,,India,Source basis not specified,23.42,1.04,4.62,0.12,1.78,2.65,2.14,24.12,0.48,15.62,18.45,Indian Food Nutrition dataset provided by user
IND-0814,Ridge gourd (Tori/Turai),Indian Food,,India,Source basis not specified,15.06,0.82,2.64,0.14,1.68,1.42,2.74,18.45,0.46,5.42,16.84,Indian Food Nutrition dataset provided by user
IND-0815,Round gourd (Tinda),Indian Food,,India,Source basis not specified,19.36,1.18,3.42,0.12,1.42,1.86,2.12,25.14,0.84,18.24,24.56,Indian Food Nutrition dataset provided by user
IND-0816,Snake gourd (Chichinda),Indian Food,,India,Source basis not specified,16.49,0.92,2.86,0.16,1.86,1.48,3.42,26.14,0.42,12.45,18.92,Indian Food Nutrition dataset provided by user
IND-0817,Tomato (Tamatar),Indian Food,,India,Source basis not specified,18.21,0.88,3.12,0.2,1.72,2.24,12.85,13.24,0.41,27.12,28.45,Indian Food Nutrition dataset provided by user
IND-0818,Beetroot (Chukandar),Indian Food,,India,Source basis not specified,35.61,1.61,7.24,0.12,2.83,5.42,54.12,18.24,0.79,8.42,78.56,Indian Food Nutrition dataset provided by user
IND-0819,Carrot (Gajar),Indian Food,,India,Source basis not specified,33.22,0.95,6.78,0.22,3.22,4.86,35.42,34.12,0.54,5.86,22.14,Indian Food Nutrition dataset provided by user
IND-0820,Colocasia/Taro root (Arbi),Indian Food,,India,Source basis not specified,89.63,2.21,19.24,0.18,2.86,1.42,8.42,40.12,1.14,5.24,28.56,Indian Food Nutrition dataset provided by user
IND-0821,Onion (Pyaaz),Indian Food,,India,Source basis not specified,48.76,1.42,9.84,0.15,2.14,4.72,4.24,31.25,0.48,7.42,19.45,Indian Food Nutrition dataset provided by user
IND-0822,Potato (Aloo),Indian Food,,India,Source basis not specified,70.27,1.62,15.24,0.14,1.72,1.12,6.42,10.25,0.52,17.42,16.85,Indian Food Nutrition dataset provided by user
IND-0823,Radish (Mooli),Indian Food,,India,Source basis not specified,17.21,0.68,3.14,0.1,1.62,1.86,21.42,35.12,0.42,15.42,18.56,Indian Food Nutrition dataset provided by user
IND-0824,Sweet potato (Shakarkandi),Indian Food,,India,Source basis not specified,86.04,1.57,19.86,0.15,3.01,4.18,27.42,28.14,0.72,17.12,14.28,Indian Food Nutrition dataset provided by user
IND-0825,Elephant foot yam (Zimikand/Suran),Indian Food,,India,Source basis not specified,79.35,1.84,17.42,0.16,2.42,1.24,9.12,50.14,0.62,12.14,16.54,Indian Food Nutrition dataset provided by user
IND-0826,Garlic (Lehsun),Indian Food,,India,Source basis not specified,123.09,6.36,24.28,0.52,2.86,2.42,15.24,181.42,1.72,14.24,12.56,Indian Food Nutrition dataset provided by user
IND-0827,Ginger (Adrak),Indian Food,,India,Source basis not specified,54.78,1.82,10.42,0.74,2.42,1.86,12.14,20.14,1.62,5.24,14.86,Indian Food Nutrition dataset provided by user
IND-0828,Mushroom (Button),Indian Food,,India,Source basis not specified,22.47,3.09,3.26,0.34,1.02,1.65,5.14,3.24,0.54,2.14,24.12,Indian Food Nutrition dataset provided by user
IND-0829,Apple (Seb),Indian Food,,India,Source basis not specified,52.11,0.26,13.81,0.17,2.4,10.39,1.0,6.0,0.12,4.6,3.0,Indian Food Nutrition dataset provided by user
IND-0830,Banana (Kela),Indian Food,,India,Source basis not specified,89.05,1.09,22.84,0.33,2.6,12.23,1.0,5.0,0.26,8.7,20.0,Indian Food Nutrition dataset provided by user
IND-0831,Grapes (Angoor),Indian Food,,India,Source basis not specified,69.21,0.72,18.1,0.16,0.9,15.48,2.0,10.0,0.36,3.2,2.0,Indian Food Nutrition dataset provided by user
IND-0832,Guava (Amrood),Indian Food,,India,Source basis not specified,68.14,2.55,14.32,0.95,5.4,8.92,2.0,18.0,0.26,228.3,49.0,Indian Food Nutrition dataset provided by user
IND-0833,Mango (Aam),Indian Food,,India,Source basis not specified,60.28,0.82,14.98,0.38,1.6,13.66,1.0,11.0,0.16,36.4,43.0,Indian Food Nutrition dataset provided by user
IND-0834,Orange (Santra),Indian Food,,India,Source basis not specified,47.12,0.94,11.75,0.12,2.4,9.35,0.0,40.0,0.1,53.2,30.0,Indian Food Nutrition dataset provided by user
IND-0835,Papaya (Papita),Indian Food,,India,Source basis not specified,43.07,0.47,10.82,0.26,1.7,7.82,8.0,20.0,0.25,60.9,37.0,Indian Food Nutrition dataset provided by user
IND-0836,Pineapple (Ananas),Indian Food,,India,Source basis not specified,50.15,0.54,13.12,0.12,1.4,9.85,1.0,13.0,0.29,47.8,18.0,Indian Food Nutrition dataset provided by user
IND-0837,Pomegranate (Anaar),Indian Food,,India,Source basis not specified,83.22,1.67,18.7,1.17,4.0,13.67,3.0,10.0,0.3,10.2,38.0,Indian Food Nutrition dataset provided by user
IND-0838,Watermelon (Tarbooj),Indian Food,,India,Source basis not specified,30.12,0.61,7.55,0.15,0.4,6.2,1.0,7.0,0.24,8.1,3.0,Indian Food Nutrition dataset provided by user
IND-0839,Cow Milk (Whole),Indian Food,,India,Source basis not specified,61.42,3.27,4.81,3.66,0.0,4.81,49.0,120.0,0.03,1.0,5.0,Indian Food Nutrition dataset provided by user
IND-0840,Buffalo Milk,Indian Food,,India,Source basis not specified,97.12,3.75,5.18,6.87,0.0,5.18,52.0,169.0,0.12,1.0,6.0,Indian Food Nutrition dataset provided by user
IND-0841,Curd/Dahi (Whole milk),Indian Food,,India,Source basis not specified,60.85,3.47,4.66,3.52,0.0,4.66,46.0,121.0,0.05,1.0,7.0,Indian Food Nutrition dataset provided by user
IND-0842,Paneer (Cottage cheese),Indian Food,,India,Source basis not specified,265.41,18.3,3.38,20.78,0.0,2.12,18.0,480.0,0.42,0.0,18.0,Indian Food Nutrition dataset provided by user
IND-0843,Khoya/Mawa,Indian Food,,India,Source basis not specified,321.45,14.62,25.32,18.54,0.0,20.12,98.0,650.0,0.85,1.0,24.0,Indian Food Nutrition dataset provided by user
IND-0844,Butter (White/Makhan),Indian Food,,India,Source basis not specified,717.3,0.85,0.58,81.11,0.0,0.58,11.0,24.0,0.16,0.0,3.0,Indian Food Nutrition dataset provided by user
IND-0845,Ghee (Desi ghee),Indian Food,,India,Source basis not specified,899.1,0.0,0.0,99.9,0.0,0.0,0.0,0.0,0.0,0.0,0.0,Indian Food Nutrition dataset provided by user
IND-0846,Egg Whole (Raw),Indian Food,,India,Source basis not specified,143.12,12.56,0.72,9.51,0.0,0.37,142.0,56.0,1.75,0.0,44.0,Indian Food Nutrition dataset provided by user
IND-0847,Egg White,Indian Food,,India,Source basis not specified,52.09,10.9,0.73,0.17,0.0,0.71,166.0,7.0,0.08,0.0,4.0,Indian Food Nutrition dataset provided by user
IND-0848,Egg Yolk,Indian Food,,India,Source basis not specified,322.45,15.86,3.59,26.54,0.0,0.56,48.0,129.0,2.73,0.0,56.0,Indian Food Nutrition dataset provided by user
IND-0849,Chicken (Broiler/Meat with skin),Indian Food,,India,Source basis not specified,215.34,18.6,0.0,15.06,0.0,0.0,70.0,15.0,1.26,1.6,6.0,Indian Food Nutrition dataset provided by user
IND-0850,Chicken Breast (Boneless skinless),Indian Food,,India,Source basis not specified,165.12,31.02,0.0,3.57,0.0,0.0,65.0,14.0,1.04,1.2,4.0,Indian Food Nutrition dataset provided by user
IND-0851,Mutton (Lean meat),Indian Food,,India,Source basis not specified,143.25,20.64,0.0,6.65,0.0,0.0,68.0,12.0,1.88,0.0,5.0,Indian Food Nutrition dataset provided by user
IND-0852,Fish (Rohu/Freshwater),Indian Food,,India,Source basis not specified,97.23,16.64,0.0,3.12,0.0,0.0,58.0,110.0,0.92,1.2,8.0,Indian Food Nutrition dataset provided by user
IND-0853,Fish (Katla/Catla),Indian Food,,India,Source basis not specified,111.45,19.24,0.0,3.48,0.0,0.0,55.0,120.0,0.98,1.4,9.0,Indian Food Nutrition dataset provided by user
IND-0854,Prawns/Shrimp,Indian Food,,India,Source basis not specified,85.12,17.84,0.91,0.98,0.0,0.0,148.0,52.0,2.41,2.1,4.0,Indian Food Nutrition dataset provided by user
IND-0855,Almonds (Badam),Indian Food,,India,Source basis not specified,579.24,21.15,21.55,49.93,12.5,4.35,1.0,269.0,3.71,0.0,44.0,Indian Food Nutrition dataset provided by user
IND-0856,Cashew nuts (Kaju),Indian Food,,India,Source basis not specified,553.12,18.22,30.19,43.85,3.3,5.91,12.0,37.0,6.68,0.5,25.0,Indian Food Nutrition dataset provided by user
IND-0857,Walnuts (Akhrot),Indian Food,,India,Source basis not specified,654.18,15.23,13.71,65.21,6.7,2.61,2.0,98.0,2.91,1.3,98.0,Indian Food Nutrition dataset provided by user
IND-0858,Peanuts (Moongfali),Indian Food,,India,Source basis not specified,567.33,25.8,16.13,49.24,8.5,4.72,18.0,92.0,4.58,0.0,240.0,Indian Food Nutrition dataset provided by user
IND-0859,Pistachios (Pista),Indian Food,,India,Source basis not specified,562.15,20.27,27.51,45.32,10.6,7.66,1.0,105.0,3.92,5.6,51.0,Indian Food Nutrition dataset provided by user
IND-0860,Raisins (Kishmish),Indian Food,,India,Source basis not specified,299.14,3.07,79.18,0.46,3.7,59.19,11.0,50.0,1.88,2.3,5.0,Indian Food Nutrition dataset provided by user
IND-0861,Dates (Khajoor/Dry),Indian Food,,India,Source basis not specified,277.25,1.81,74.97,0.15,6.7,66.47,1.0,64.0,1.02,0.4,15.0,Indian Food Nutrition dataset provided by user
IND-0862,Coconut (Fresh/Nariyal),Indian Food,,India,Source basis not specified,354.12,3.33,15.23,33.49,9.0,6.23,20.0,14.0,2.43,3.3,26.0,Indian Food Nutrition dataset provided by user
IND-0863,Sesame seeds (Til),Indian Food,,India,Source basis not specified,573.11,17.73,23.45,49.67,11.8,0.3,11.0,975.0,14.55,0.0,97.0,Indian Food Nutrition dataset provided by user
IND-0864,Flax seeds (Alsi),Indian Food,,India,Source basis not specified,534.22,18.29,28.88,42.16,27.3,1.55,30.0,255.0,5.73,0.6,87.0,Indian Food Nutrition dataset provided by user
IND-0865,Chia seeds,Indian Food,,India,Source basis not specified,486.15,16.54,42.12,30.74,34.4,0.77,16.0,631.0,7.72,1.6,49.0,Indian Food Nutrition dataset provided by user
IND-0866,Sunflower seeds,Indian Food,,India,Source basis not specified,584.21,20.78,20.0,51.46,8.6,2.61,9.0,78.0,5.25,1.4,227.0,Indian Food Nutrition dataset provided by user
IND-0867,Pumpkin seeds,Indian Food,,India,Source basis not specified,559.34,30.23,10.71,49.05,6.0,1.4,7.0,46.0,8.82,1.9,58.0,Indian Food Nutrition dataset provided by user
IND-0868,Sugar (White/Refined),Indian Food,,India,Source basis not specified,387.0,0.0,99.98,0.0,0.0,99.98,1.0,1.0,0.05,0.0,0.0,Indian Food Nutrition dataset provided by user
IND-0869,Jaggery (Gud),Indian Food,,India,Source basis not specified,383.15,0.4,95.0,0.1,0.0,85.2,30.0,80.0,2.64,0.0,0.0,Indian Food Nutrition dataset provided by user
IND-0870,Honey (Shahad),Indian Food,,India,Source basis not specified,304.22,0.3,82.4,0.0,0.2,82.12,4.0,6.0,0.42,0.5,2.0,Indian Food Nutrition dataset provided by user
IND-0871,Papad (Roasted/Lijjat),Indian Food,,India,Source basis not specified,326.12,20.45,59.12,1.12,8.42,0.5,1420.0,68.0,3.62,0.0,48.0,Indian Food Nutrition dataset provided by user
IND-0872,Papad (Fried),Indian Food,,India,Source basis not specified,468.25,16.24,48.12,24.15,7.12,0.4,1210.0,55.0,2.94,0.0,38.0,Indian Food Nutrition dataset provided by user
IND-0873,Masala Omelette (Double Egg),Indian Food,,India,Source basis not specified,245.62,14.28,3.12,19.45,0.85,1.86,385.0,78.0,2.15,6.4,38.0,Indian Food Nutrition dataset provided by user
IND-0874,Egg Bhurji (Anda Bhurji),Indian Food,,India,Source basis not specified,195.42,12.86,4.25,14.12,1.12,2.14,342.0,68.0,1.86,8.2,32.0,Indian Food Nutrition dataset provided by user
IND-0875,Boiled Egg White (2 pieces),Indian Food,,India,Source basis not specified,34.12,7.24,0.45,0.12,0.0,0.45,110.0,4.6,0.05,0.0,2.6,Indian Food Nutrition dataset provided by user
IND-0876,Egg Curry (2 Eggs with gravy),Indian Food,,India,Source basis not specified,218.45,13.45,6.84,15.22,2.14,3.12,410.0,82.0,2.45,14.2,42.0,Indian Food Nutrition dataset provided by user
IND-0877,Egg Biryani,Indian Food,,India,Source basis not specified,186.42,7.85,24.15,6.92,2.15,1.84,310.0,45.0,1.64,8.5,28.0,Indian Food Nutrition dataset provided by user
IND-0878,Egg Fried Rice,Indian Food,,India,Source basis not specified,168.25,6.45,22.14,6.12,1.64,1.25,285.0,32.0,1.24,12.4,22.0,Indian Food Nutrition dataset provided by user
IND-0879,Egg Roll/Kathi Roll,Indian Food,,India,Source basis not specified,265.12,9.85,28.45,12.64,2.14,2.45,450.0,64.0,1.85,10.2,26.0,Indian Food Nutrition dataset provided by user
IND-0880,Chicken Tikka (6 pieces),Indian Food,,India,Source basis not specified,182.45,24.65,3.25,7.84,0.85,1.42,420.0,48.0,1.45,12.6,18.0,Indian Food Nutrition dataset provided by user
IND-0881,Chicken Reshmi Kebab,Indian Food,,India,Source basis not specified,210.15,22.15,2.84,12.24,0.64,1.12,395.0,56.0,1.22,8.4,14.0,Indian Food Nutrition dataset provided by user
IND-0882,Chicken Seekh Kebab,Indian Food,,India,Source basis not specified,195.64,20.45,4.12,10.85,1.12,1.64,440.0,42.0,1.68,6.2,16.0,Indian Food Nutrition dataset provided by user
IND-0883,Chicken Malai Tikka,Indian Food,,India,Source basis not specified,235.42,21.84,3.15,15.12,0.54,1.86,380.0,72.0,1.14,4.2,22.0,Indian Food Nutrition dataset provided by user
IND-0884,Tandoori Chicken (Full Leg),Indian Food,,India,Source basis not specified,178.25,26.14,2.45,7.12,0.65,1.12,360.0,38.0,1.52,14.5,16.0,Indian Food Nutrition dataset provided by user
IND-0885,Chicken Biryani (Hyderabadi style),Indian Food,,India,Source basis not specified,198.45,11.45,23.65,6.85,2.14,1.92,340.0,36.0,1.42,9.8,24.0,Indian Food Nutrition dataset provided by user
IND-0886,Chicken Shawarma (Roll),Indian Food,,India,Source basis not specified,248.65,14.85,24.12,11.12,1.86,2.85,490.0,52.0,1.64,8.6,21.0,Indian Food Nutrition dataset provided by user
IND-0887,Chicken Fried Rice,Indian Food,,India,Source basis not specified,162.45,8.95,21.45,5.12,1.45,1.14,295.0,24.0,1.15,14.2,19.0,Indian Food Nutrition dataset provided by user
IND-0888,Chicken Noodles/Hakka Noodles,Indian Food,,India,Source basis not specified,174.25,9.45,23.12,5.64,1.92,1.86,340.0,28.0,1.28,18.4,24.0,Indian Food Nutrition dataset provided by user
IND-0889,Kadai Chicken (Kadhai Chicken),Indian Food,,India,Source basis not specified,165.42,14.65,4.85,9.84,1.86,2.64,365.0,44.0,1.42,28.6,32.0,Indian Food Nutrition dataset provided by user
IND-0890,Chicken Korma (Shahi),Indian Food,,India,Source basis not specified,188.64,13.25,5.42,12.84,1.42,3.12,320.0,68.0,1.24,6.4,28.0,Indian Food Nutrition dataset provided by user
IND-0891,Chicken Saagwala (Palak Chicken),Indian Food,,India,Source basis not specified,142.15,15.24,4.12,7.12,2.86,1.45,295.0,84.0,2.64,32.4,96.0,Indian Food Nutrition dataset provided by user
IND-0892,Chicken Do Pyaza,Indian Food,,India,Source basis not specified,172.45,14.12,6.84,10.15,2.12,3.84,345.0,46.0,1.38,12.8,34.0,Indian Food Nutrition dataset provided by user
IND-0893,Chicken Chettinad,Indian Food,,India,Source basis not specified,185.12,15.45,5.12,11.42,2.45,2.14,390.0,42.0,1.65,14.2,28.0,Indian Food Nutrition dataset provided by user
IND-0894,Chicken 65,Indian Food,,India,Source basis not specified,248.95,18.42,7.85,16.12,1.12,1.42,510.0,34.0,1.52,16.4,22.0,Indian Food Nutrition dataset provided by user
IND-0895,Chicken Manchurian,Indian Food,,India,Source basis not specified,182.45,13.64,8.95,10.25,1.45,4.12,460.0,28.0,1.18,18.6,25.0,Indian Food Nutrition dataset provided by user
IND-0896,Mutton Biryani (Hyderabadi style),Indian Food,,India,Source basis not specified,215.64,12.15,22.84,8.94,2.14,1.85,360.0,42.0,1.85,8.4,22.0,Indian Food Nutrition dataset provided by user
IND-0897,Mutton Rogan Josh,Indian Food,,India,Source basis not specified,192.45,14.85,4.85,12.64,1.92,2.45,340.0,58.0,2.14,10.2,28.0,Indian Food Nutrition dataset provided by user
IND-0898,Mutton Keema Matar,Indian Food,,India,Source basis not specified,178.65,15.24,6.12,10.45,2.64,2.14,350.0,46.0,2.28,24.5,42.0,Indian Food Nutrition dataset provided by user
IND-0899,Mutton Curry (Dhaba style),Indian Food,,India,Source basis not specified,185.42,15.84,4.12,11.64,1.85,2.12,365.0,48.0,2.05,11.4,26.0,Indian Food Nutrition dataset provided by user
IND-0900,Mutton Sukka (Dry),Indian Food,,India,Source basis not specified,245.12,18.95,3.85,17.42,1.64,1.84,410.0,52.0,2.64,12.8,24.0,Indian Food Nutrition dataset provided by user
IND-0901,Fish Fry (Rava crusted / South Indian),Indian Food,,India,Source basis not specified,210.45,18.25,7.84,12.14,1.12,0.85,420.0,64.0,1.45,8.4,18.0,Indian Food Nutrition dataset provided by user
IND-0902,Fish Curry (Goan style / Coconut),Indian Food,,India,Source basis not specified,138.65,14.25,4.12,7.18,1.64,1.95,310.0,48.0,1.24,14.6,34.0,Indian Food Nutrition dataset provided by user
IND-0903,Fish Curry (Kerala style / Kudampuli),Indian Food,,India,Source basis not specified,124.15,15.12,3.64,5.45,1.85,1.42,290.0,54.0,1.38,18.2,36.0,Indian Food Nutrition dataset provided by user
IND-0904,Fish Tikka (Tandoori),Indian Food,,India,Source basis not specified,142.15,20.14,2.85,5.64,0.85,1.12,380.0,68.0,1.15,10.2,16.0,Indian Food Nutrition dataset provided by user
IND-0905,Prawn Masala / Prawn Curry,Indian Food,,India,Source basis not specified,148.65,16.42,4.85,7.24,1.64,2.12,420.0,62.0,2.65,12.4,24.0,Indian Food Nutrition dataset provided by user
IND-0906,Prawn Biryani,Indian Food,,India,Source basis not specified,175.42,9.85,23.12,5.24,1.95,1.64,340.0,44.0,2.14,8.6,22.0,Indian Food Nutrition dataset provided by user
IND-0907,Paneer Butter Masala,Indian Food,,India,Source basis not specified,195.42,7.85,8.64,14.92,1.85,5.42,320.0,210.0,1.12,16.4,48.0,Indian Food Nutrition dataset provided by user
IND-0908,Kadai Paneer,Indian Food,,India,Source basis not specified,168.25,8.95,7.45,11.84,2.45,3.85,340.0,240.0,1.24,42.6,64.0,Indian Food Nutrition dataset provided by user
IND-0909,Palak Paneer (Saag Paneer),Indian Food,,India,Source basis not specified,135.64,8.45,5.12,9.12,2.86,2.14,290.0,260.0,2.45,38.4,180.0,Indian Food Nutrition dataset provided by user
IND-0910,Shahi Paneer (Mughlai),Indian Food,,India,Source basis not specified,210.45,7.42,9.45,16.14,1.42,6.85,280.0,220.0,0.95,12.4,42.0,Indian Food Nutrition dataset provided by user
IND-0911,Matar Paneer,Indian Food,,India,Source basis not specified,142.15,7.65,9.84,8.12,3.12,3.42,310.0,195.0,1.42,32.6,58.0,Indian Food Nutrition dataset provided by user
IND-0912,Paneer Bhurji,Indian Food,,India,Source basis not specified,185.64,12.45,4.12,13.24,1.45,2.12,330.0,320.0,1.28,18.4,46.0,Indian Food Nutrition dataset provided by user
IND-0913,Paneer Tikka (Tandoori / 6 pieces),Indian Food,,India,Source basis not specified,178.45,14.85,5.42,10.84,1.42,2.64,360.0,340.0,1.14,24.6,54.0,Indian Food Nutrition dataset provided by user
IND-0914,Paneer Lababdar,Indian Food,,India,Source basis not specified,205.12,8.45,8.12,15.64,1.85,5.12,310.0,230.0,1.08,18.2,52.0,Indian Food Nutrition dataset provided by user
IND-0915,Paneer Do Pyaza,Indian Food,,India,Source basis not specified,182.45,8.12,8.45,12.84,2.14,4.64,325.0,225.0,1.22,16.4,48.0,Indian Food Nutrition dataset provided by user
IND-0916,Paneer Pasanda,Indian Food,,India,Source basis not specified,225.64,8.95,10.12,17.42,1.64,6.12,295.0,245.0,1.15,14.8,46.0,Indian Food Nutrition dataset provided by user
IND-0917,Dal Makhani,Indian Food,,India,Source basis not specified,142.15,5.84,14.85,6.85,4.12,1.86,310.0,68.0,1.95,8.4,46.0,Indian Food Nutrition dataset provided by user
IND-0918,Dal Tadka (Yellow Dal / Toor Dal),Indian Food,,India,Source basis not specified,98.45,4.85,12.14,3.42,3.14,1.12,280.0,32.0,1.42,12.6,38.0,Indian Food Nutrition dataset provided by user
IND-0919,Dal Fry,Indian Food,,India,Source basis not specified,112.64,5.12,13.25,4.45,3.24,1.45,295.0,36.0,1.54,14.2,42.0,Indian Food Nutrition dataset provided by user
IND-0920,Chana Masala (Chole),Indian Food,,India,Source basis not specified,148.65,6.42,18.45,5.64,5.42,2.85,360.0,54.0,2.64,16.8,84.0,Indian Food Nutrition dataset provided by user
IND-0921,Rajma Masala (Kidney beans curry),Indian Food,,India,Source basis not specified,132.45,5.95,16.84,4.85,5.12,2.45,340.0,62.0,2.45,14.2,78.0,Indian Food Nutrition dataset provided by user
IND-0922,Pindi Chole (Dry),Indian Food,,India,Source basis not specified,178.45,7.85,21.12,7.12,6.84,2.14,380.0,68.0,3.12,12.4,92.0,Indian Food Nutrition dataset provided by user
IND-0923,Amritsari Kulcha (Potato paneer stuffed),Indian Food,,India,Source basis not specified,265.42,6.85,38.45,9.42,3.45,2.14,410.0,78.0,1.85,6.2,22.0,Indian Food Nutrition dataset provided by user
IND-0924,Bhature (1 piece),Indian Food,,India,Source basis not specified,295.12,5.42,36.14,14.25,1.85,1.85,340.0,42.0,1.42,0.5,14.0,Indian Food Nutrition dataset provided by user
IND-0925,Chole Bhature (Combo per 100g),Indian Food,,India,Source basis not specified,218.45,5.92,26.45,10.15,3.85,2.42,360.0,48.0,2.12,8.6,48.0,Indian Food Nutrition dataset provided by user
IND-0926,Poori Bhaji / Puri Masala (Aloo bhaji with puri),Indian Food,,India,Source basis not specified,224.65,4.12,25.12,12.14,2.85,1.86,320.0,36.0,1.64,14.2,28.0,Indian Food Nutrition dataset provided by user
IND-0927,Pav Bhaji (Bhaji with butter pav),Indian Food,,India,Source basis not specified,168.45,4.12,18.95,8.64,3.45,3.85,385.0,48.0,1.45,34.2,46.0,Indian Food Nutrition dataset provided by user
IND-0928,Misal Pav,Indian Food,,India,Source basis not specified,152.15,5.64,19.45,6.12,4.12,2.45,420.0,52.0,2.14,18.6,54.0,Indian Food Nutrition dataset provided by user
IND-0929,Vada Pav (1 piece / 100g),Indian Food,,India,Source basis not specified,245.64,5.12,32.45,10.84,2.85,2.14,410.0,34.0,1.65,8.4,26.0,Indian Food Nutrition dataset provided by user
IND-0930,Dabeli (Kutchi Dabeli),Indian Food,,India,Source basis not specified,228.45,4.85,34.12,8.12,3.12,7.45,360.0,38.0,1.84,6.8,24.0,Indian Food Nutrition dataset provided by user
IND-0931,Bhel Puri,Indian Food,,India,Source basis not specified,185.42,4.65,32.14,4.45,3.85,6.84,380.0,42.0,2.14,12.4,32.0,Indian Food Nutrition dataset provided by user
IND-0932,Sev Puri,Indian Food,,India,Source basis not specified,215.64,4.85,30.45,8.64,3.45,5.42,395.0,48.0,1.95,14.6,28.0,Indian Food Nutrition dataset provided by user
IND-0933,Pani Puri / Golgappa (with teekha meetha pani),Indian Food,,India,Source basis not specified,118.45,2.45,22.14,2.12,1.85,5.14,460.0,24.0,1.24,8.4,18.0,Indian Food Nutrition dataset provided by user
IND-0934,Dahi Puri / Dahi Sev Puri,Indian Food,,India,Source basis not specified,168.45,4.12,24.12,6.45,2.14,9.85,310.0,94.0,1.15,8.2,26.0,Indian Food Nutrition dataset provided by user
IND-0935,Aloo Tikki Chaat (with chole and dahi),Indian Food,,India,Source basis not specified,165.42,4.85,21.84,6.85,3.45,6.12,340.0,68.0,1.75,16.4,38.0,Indian Food Nutrition dataset provided by user
IND-0936,Papdi Chaat / Dahi Papdi Chaat,Indian Food,,India,Source basis not specified,182.45,4.95,23.64,7.85,2.85,8.42,320.0,110.0,1.38,10.2,32.0,Indian Food Nutrition dataset provided by user
IND-0937,Ragda Pattice,Indian Food,,India,Source basis not specified,158.64,5.12,22.45,5.84,4.12,4.12,360.0,46.0,2.05,18.4,48.0,Indian Food Nutrition dataset provided by user
IND-0938,"Samosa Chaat (with chole, curd and chutney)",Indian Food,,India,Source basis not specified,195.42,5.42,24.15,8.95,3.12,6.84,350.0,58.0,1.85,12.6,34.0,Indian Food Nutrition dataset provided by user
IND-0939,Kachori Chaat (Khasta kachori chaat),Indian Food,,India,Source basis not specified,210.64,5.64,25.84,9.85,3.24,7.12,370.0,62.0,1.92,10.4,36.0,Indian Food Nutrition dataset provided by user
IND-0940,Masala Puri (Bangalore style chaat),Indian Food,,India,Source basis not specified,148.65,4.85,22.14,4.64,3.64,3.85,390.0,38.0,1.64,16.2,42.0,Indian Food Nutrition dataset provided by user
IND-0941,Sev Khamani / Amiri Khaman,Indian Food,,India,Source basis not specified,172.45,6.42,21.85,6.84,3.85,5.12,340.0,54.0,1.48,12.4,36.0,Indian Food Nutrition dataset provided by user
IND-0942,Khandvi (Gujarati roll),Indian Food,,India,Source basis not specified,138.65,5.85,15.24,6.24,2.45,2.14,360.0,84.0,1.24,6.4,32.0,Indian Food Nutrition dataset provided by user
IND-0943,Handvo (Savory baked lentil cake),Indian Food,,India,Source basis not specified,195.42,7.12,26.45,6.85,4.85,3.12,380.0,92.0,1.85,14.6,44.0,Indian Food Nutrition dataset provided by user
IND-0944,Muthia (Steamed Gujarati fenugreek dumpling),Indian Food,,India,Source basis not specified,148.65,5.42,22.14,4.64,4.12,2.85,320.0,86.0,2.14,18.2,56.0,Indian Food Nutrition dataset provided by user
IND-0945,Thepla (Methi Thepla),Indian Food,,India,Source basis not specified,235.42,6.45,34.85,7.85,4.64,2.14,280.0,68.0,2.45,14.8,38.0,Indian Food Nutrition dataset provided by user
IND-0946,Poha (Batata Poha / Maharashtrian style),Indian Food,,India,Source basis not specified,158.45,3.64,26.45,4.25,2.85,1.85,240.0,28.0,2.14,16.8,24.0,Indian Food Nutrition dataset provided by user
IND-0947,Kanda Poha (Onion Poha),Indian Food,,India,Source basis not specified,152.15,3.45,25.84,3.95,2.64,2.14,230.0,32.0,1.95,14.2,22.0,Indian Food Nutrition dataset provided by user
IND-0948,Sabudana Khichdi (Tapioca pearl pilaf),Indian Food,,India,Source basis not specified,225.64,3.42,36.85,7.24,1.85,1.45,210.0,18.0,1.12,8.4,16.0,Indian Food Nutrition dataset provided by user
IND-0949,Sabudana Vada (2 pieces),Indian Food,,India,Source basis not specified,285.42,4.12,32.14,15.64,1.64,1.24,260.0,22.0,1.34,6.2,18.0,Indian Food Nutrition dataset provided by user
IND-0950,Upma (Rava / Sooji with vegetables),Indian Food,,India,Source basis not specified,128.45,3.24,18.64,4.85,2.85,1.64,260.0,24.0,1.12,12.4,22.0,Indian Food Nutrition dataset provided by user
IND-0951,Semiya Upma (Vermicelli upma),Indian Food,,India,Source basis not specified,132.64,3.12,19.45,4.64,2.45,1.45,250.0,22.0,1.05,10.8,19.0,Indian Food Nutrition dataset provided by user
IND-0952,Oats Upma (Vegetable oats),Indian Food,,India,Source basis not specified,118.45,4.12,16.85,3.85,3.42,1.85,240.0,32.0,1.64,16.4,32.0,Indian Food Nutrition dataset provided by user
IND-0953,Ven Pongal (Ghee Pongal / Khara Pongal),Indian Food,,India,Source basis not specified,165.42,4.65,21.84,6.85,2.14,0.85,220.0,26.0,1.42,4.2,28.0,Indian Food Nutrition dataset provided by user
IND-0954,Sweet Pongal (Sakkarai Pongal / Chakkara Pongal),Indian Food,,India,Source basis not specified,248.65,3.85,48.12,4.85,1.85,32.45,42.0,38.0,1.85,0.5,14.0,Indian Food Nutrition dataset provided by user
IND-0955,Rava Idli (with ghee and seasoning),Indian Food,,India,Source basis not specified,168.45,4.85,26.84,4.64,3.12,2.14,340.0,42.0,1.38,4.6,18.0,Indian Food Nutrition dataset provided by user
IND-0956,Kanchipuram Idli,Indian Food,,India,Source basis not specified,152.15,5.12,24.85,3.85,2.85,1.42,290.0,34.0,1.25,2.4,22.0,Indian Food Nutrition dataset provided by user
IND-0957,Podi Idli (Mini idli tossed in ghee and gunpowder),Indian Food,,India,Source basis not specified,195.42,5.84,26.45,7.64,3.45,1.12,380.0,48.0,2.14,0.0,26.0,Indian Food Nutrition dataset provided by user
IND-0958,Ghee Roast Dosa,Indian Food,,India,Source basis not specified,245.64,5.42,32.14,10.85,2.85,1.12,210.0,24.0,1.24,0.0,14.0,Indian Food Nutrition dataset provided by user
IND-0959,Onion Rava Dosa,Indian Food,,India,Source basis not specified,198.45,4.85,28.64,7.45,3.12,2.45,280.0,38.0,1.45,6.8,18.0,Indian Food Nutrition dataset provided by user
IND-0960,Mysore Masala Dosa,Indian Food,,India,Source basis not specified,185.42,4.64,24.15,7.85,3.24,2.64,310.0,28.0,1.52,12.4,32.0,Indian Food Nutrition dataset provided by user
IND-0961,Set Dosa (Sponge dosa / 3 pieces),Indian Food,,India,Source basis not specified,162.45,4.85,28.45,3.42,2.64,1.24,195.0,18.0,1.05,0.0,12.0,Indian Food Nutrition dataset provided by user
IND-0962,Pesarattu (Green gram whole dosa),Indian Food,,India,Source basis not specified,175.42,8.64,24.85,4.85,4.64,1.42,240.0,46.0,2.45,8.4,48.0,Indian Food Nutrition dataset provided by user
IND-0963,MLA Pesarattu (with upma filling),Indian Food,,India,Source basis not specified,192.64,7.85,28.45,5.84,4.12,1.85,280.0,42.0,2.12,8.2,42.0,Indian Food Nutrition dataset provided by user
IND-0964,Neer Dosa (Mangalore rice crepe),Indian Food,,India,Source basis not specified,124.15,2.45,26.12,0.64,1.12,0.45,120.0,8.0,0.45,0.0,6.0,Indian Food Nutrition dataset provided by user
IND-0965,Adai (Multilentil protein dosa),Indian Food,,India,Source basis not specified,188.45,9.45,26.45,4.85,5.42,1.84,260.0,58.0,2.85,4.6,56.0,Indian Food Nutrition dataset provided by user
IND-0966,Ragi Dosa (Finger millet dosa),Indian Food,,India,Source basis not specified,154.25,4.85,28.64,2.64,4.85,1.12,210.0,120.0,2.14,0.0,16.0,Indian Food Nutrition dataset provided by user
IND-0967,Kuzhi Paniyaram (Savory paniyaram / Appe),Indian Food,,India,Source basis not specified,172.45,4.85,26.84,5.12,2.85,1.64,240.0,24.0,1.15,4.2,16.0,Indian Food Nutrition dataset provided by user
IND-0968,Sweet Paniyaram (Unniyappam / Jaggery paniyaram),Indian Food,,India,Source basis not specified,242.15,3.64,44.85,5.42,2.14,28.45,85.0,42.0,1.85,1.2,14.0,Indian Food Nutrition dataset provided by user
IND-0969,Idiyappam / Sevai (String hoppers),Indian Food,,India,Source basis not specified,118.45,2.14,25.84,0.42,1.24,0.32,95.0,8.0,0.38,0.0,5.0,Indian Food Nutrition dataset provided by user
IND-0970,Lemon Sevai (Lemon string hoppers),Indian Food,,India,Source basis not specified,145.64,2.85,24.12,4.25,1.85,0.85,220.0,14.0,0.65,12.4,18.0,Indian Food Nutrition dataset provided by user
IND-0971,Coconut Sevai,Indian Food,,India,Source basis not specified,178.45,3.12,24.85,7.64,2.85,2.14,190.0,18.0,0.85,2.1,16.0,Indian Food Nutrition dataset provided by user
IND-0972,Tomato Sevai,Indian Food,,India,Source basis not specified,138.45,2.64,22.84,4.12,2.14,1.95,240.0,16.0,0.72,16.8,22.0,Indian Food Nutrition dataset provided by user
IND-0973,Curd Sevai / Dahi Sevai,Indian Food,,India,Source basis not specified,132.15,3.85,18.45,4.85,1.24,2.85,195.0,78.0,0.45,3.4,18.0,Indian Food Nutrition dataset provided by user
IND-0974,Puttu (Steamed rice flour and coconut cylinder),Indian Food,,India,Source basis not specified,175.42,3.85,32.45,3.42,3.12,1.85,110.0,16.0,0.85,1.2,12.0,Indian Food Nutrition dataset provided by user
IND-0975,Kadala Curry (Kerala black chickpea curry),Indian Food,,India,Source basis not specified,138.65,5.84,14.85,6.42,6.85,2.14,290.0,48.0,2.64,8.4,68.0,Indian Food Nutrition dataset provided by user
IND-0976,Kootu (South Indian vegetable lentil stew),Indian Food,,India,Source basis not specified,88.45,3.85,10.12,3.64,3.85,2.14,210.0,42.0,1.24,14.6,44.0,Indian Food Nutrition dataset provided by user
IND-0977,Poriyal (Beans / Carrot / Cabbage stir fry with coconut),Indian Food,,India,Source basis not specified,78.45,2.14,6.84,4.85,3.85,2.45,180.0,44.0,0.95,16.4,36.0,Indian Food Nutrition dataset provided by user
IND-0978,Kalan (Kerala spiced yogurt and yam/plantain curry),Indian Food,,India,Source basis not specified,115.42,3.12,8.45,7.64,2.14,3.85,220.0,92.0,0.85,6.8,32.0,Indian Food Nutrition dataset provided by user
IND-0979,Olan (Ash gourd and cowpea in coconut milk),Indian Food,,India,Source basis not specified,94.65,2.85,7.12,6.12,3.12,2.14,160.0,38.0,1.12,8.2,28.0,Indian Food Nutrition dataset provided by user
IND-0980,Pachadi (South Indian yogurt beetroot/pineapple relish),Indian Food,,India,Source basis not specified,82.15,2.64,9.45,3.85,2.14,6.12,195.0,78.0,0.72,12.4,26.0,Indian Food Nutrition dataset provided by user
IND-0981,Erissery (Pumpkin and red bean in roasted coconut),Indian Food,,India,Source basis not specified,128.45,4.12,12.85,6.85,4.85,3.42,190.0,46.0,1.85,14.2,42.0,Indian Food Nutrition dataset provided by user
IND-0982,Pulissery / Moru Curry (Spiced buttermilk curry),Indian Food,,India,Source basis not specified,62.45,2.45,4.12,3.85,0.64,3.42,210.0,84.0,0.35,4.2,18.0,Indian Food Nutrition dataset provided by user
IND-0983,Tomato Rasam,Indian Food,,India,Source basis not specified,28.45,1.12,3.85,0.95,1.42,1.45,180.0,18.0,0.65,22.4,24.0,Indian Food Nutrition dataset provided by user
IND-0984,Pepper Rasam (Milagu Rasam),Indian Food,,India,Source basis not specified,32.15,1.24,4.12,1.12,1.64,0.85,195.0,22.0,0.85,14.6,18.0,Indian Food Nutrition dataset provided by user
IND-0985,Garlic Rasam (Poondu Rasam),Indian Food,,India,Source basis not specified,35.64,1.45,4.85,1.24,1.85,1.12,190.0,28.0,0.92,16.2,22.0,Indian Food Nutrition dataset provided by user
IND-0986,Mysore Rasam,Indian Food,,India,Source basis not specified,42.15,1.85,5.42,1.64,2.14,1.42,210.0,24.0,0.95,18.4,28.0,Indian Food Nutrition dataset provided by user
IND-0987,Vatha Kuzhambu (Sundakkai / Manathakkali),Indian Food,,India,Source basis not specified,115.42,2.45,12.84,6.12,3.85,5.42,320.0,48.0,1.64,8.4,22.0,Indian Food Nutrition dataset provided by user
IND-0988,Ennai Kathirikai Kuzhambu (Stuffed baby brinjal curry),Indian Food,,India,Source basis not specified,142.65,2.85,10.12,10.15,4.12,3.64,310.0,52.0,1.42,12.6,28.0,Indian Food Nutrition dataset provided by user
IND-0989,Mor Kuzhambu (Tamil Nadu buttermilk stew),Indian Food,,India,Source basis not specified,78.45,3.12,5.42,4.85,1.12,3.85,240.0,98.0,0.58,6.8,24.0,Indian Food Nutrition dataset provided by user
IND-0990,Chettinad Veg Curry,Indian Food,,India,Source basis not specified,132.45,3.64,9.45,8.85,3.85,3.12,290.0,48.0,1.38,24.6,42.0,Indian Food Nutrition dataset provided by user
IND-0991,Gutti Vankaya Kura (Andhra stuffed brinjal curry),Indian Food,,India,Source basis not specified,158.42,3.85,11.24,11.12,4.64,3.85,340.0,62.0,1.85,16.4,36.0,Indian Food Nutrition dataset provided by user
IND-0992,Tomato Pappu (Andhra dal with tomatoes),Indian Food,,India,Source basis not specified,105.42,5.12,13.85,3.45,3.45,2.14,260.0,38.0,1.54,22.8,48.0,Indian Food Nutrition dataset provided by user
IND-0993,Gongura Pappu (Andhra dal with sorrel leaves),Indian Food,,India,Source basis not specified,112.65,5.64,12.45,4.85,4.12,1.42,280.0,74.0,2.85,28.4,62.0,Indian Food Nutrition dataset provided by user
IND-0994,Pesarapappu Charu (Moong dal rasam),Indian Food,,India,Source basis not specified,45.64,2.45,5.84,1.42,1.64,0.95,195.0,22.0,0.85,12.4,26.0,Indian Food Nutrition dataset provided by user
IND-0995,Kandi Podi (Andhra spiced toor dal powder for rice),Indian Food,,India,Source basis not specified,345.12,20.45,48.12,8.12,14.65,2.14,680.0,84.0,4.85,0.0,112.0,Indian Food Nutrition dataset provided by user
IND-0996,Karivepaku Podi (Curry leaf powder for rice),Indian Food,,India,Source basis not specified,312.45,14.85,42.15,9.42,18.42,1.85,590.0,420.0,12.45,18.4,86.0,Indian Food Nutrition dataset provided by user
IND-0997,Nallakaram Podi (Andhra spicy black chilli podi),Indian Food,,India,Source basis not specified,325.64,16.12,44.85,9.12,16.12,2.45,720.0,110.0,6.12,8.6,74.0,Indian Food Nutrition dataset provided by user
IND-0998,Idli Podi / Gunpowder (Tamil style with sesame),Indian Food,,India,Source basis not specified,378.45,18.64,42.14,15.85,12.45,1.85,640.0,260.0,6.85,0.0,88.0,Indian Food Nutrition dataset provided by user
IND-0999,Tomato Thokku / Pickle,Indian Food,,India,Source basis not specified,185.42,2.14,14.85,13.45,3.12,8.42,1850.0,42.0,1.85,18.6,22.0,Indian Food Nutrition dataset provided by user
IND-1000,Gongura Pachadi (Andhra roselle leaf pickle/chutney),Indian Food,,India,Source basis not specified,165.42,3.12,8.95,13.12,4.64,1.85,1620.0,96.0,3.45,24.8,42.0,Indian Food Nutrition dataset provided by user
IND-1001,Avakaya (Andhra raw mango pickle in mustard oil),Indian Food,,India,Source basis not specified,245.64,2.45,12.45,21.12,4.12,3.12,2450.0,48.0,1.95,28.4,18.0,Indian Food Nutrition dataset provided by user
IND-1002,Lime Pickle / Nimbu ka Achar,Indian Food,,India,Source basis not specified,112.45,1.42,16.84,4.64,2.85,8.12,2800.0,54.0,1.24,42.6,14.0,Indian Food Nutrition dataset provided by user
IND-1003,Mixed Veg Pickle / Pachranga Achar,Indian Food,,India,Source basis not specified,195.42,2.12,11.85,15.84,3.64,4.12,2200.0,46.0,1.75,22.4,26.0,Indian Food Nutrition dataset provided by user
IND-1004,Garlic Pickle / Lehsun ka Achar,Indian Food,,India,Source basis not specified,210.45,4.85,18.45,13.24,3.12,6.42,1980.0,110.0,2.14,12.4,18.0,Indian Food Nutrition dataset provided by user
IND-1005,Green Chilli Pickle / Hari Mirch ka Achar,Indian Food,,India,Source basis not specified,178.45,2.64,8.95,14.85,4.12,2.14,2150.0,38.0,1.64,68.4,24.0,Indian Food Nutrition dataset provided by user
IND-1006,Jalebi (Sugar syrup dipped spiral),Indian Food,,India,Source basis not specified,365.42,3.12,68.14,9.45,0.85,54.12,28.0,24.0,0.85,0.0,8.0,Indian Food Nutrition dataset provided by user
IND-1007,Imarti (Urad dal sweet flower),Indian Food,,India,Source basis not specified,348.65,5.12,64.85,8.12,1.85,48.64,34.0,38.0,1.24,0.0,14.0,Indian Food Nutrition dataset provided by user
IND-1008,Rasgulla (Bengali cottage cheese ball in syrup / 2 pieces),Indian Food,,India,Source basis not specified,146.15,4.12,32.45,0.45,0.0,31.12,18.0,84.0,0.35,0.0,12.0,Indian Food Nutrition dataset provided by user
IND-1009,Gulab Jamun (Khoya / 2 pieces in syrup),Indian Food,,India,Source basis not specified,324.65,4.85,48.12,12.84,0.45,42.15,42.0,110.0,0.72,0.0,18.0,Indian Food Nutrition dataset provided by user
IND-1010,Kaju Katli / Kaju Barfi,Indian Food,,India,Source basis not specified,428.45,9.85,54.12,19.84,1.85,44.12,14.0,38.0,2.85,0.0,16.0,Indian Food Nutrition dataset provided by user
IND-1011,Motichoor Ladoo / Boondi Ladoo,Indian Food,,India,Source basis not specified,415.64,5.64,58.45,18.12,1.64,46.12,28.0,32.0,1.42,0.0,18.0,Indian Food Nutrition dataset provided by user
IND-1012,Mysore Pak (Traditional ghee sweet),Indian Food,,India,Source basis not specified,524.15,6.45,48.12,34.12,1.85,38.45,24.0,42.0,1.64,0.0,16.0,Indian Food Nutrition dataset provided by user
IND-1013,Soan Papdi / Patisa,Indian Food,,India,Source basis not specified,468.45,6.85,59.12,22.84,2.14,45.12,32.0,48.0,1.85,0.0,18.0,Indian Food Nutrition dataset provided by user
IND-1014,Peda (Mathura Peda / Doodh Peda),Indian Food,,India,Source basis not specified,385.42,11.24,56.14,12.85,0.0,51.12,64.0,340.0,0.85,0.5,24.0,Indian Food Nutrition dataset provided by user
SIF-0001,Rava Idli,South Indian,Idli & Steamed Tiffin,South India,2 pieces (~80g),95.0,3.0,17.0,1.5,1.0,,,15.0,0.6,,,South Indian food dataset
SIF-0002,Kanchipuram Idli,South Indian,Idli & Steamed Tiffin,South India,2 pieces (~80g),95.0,3.0,17.0,1.5,1.0,,,15.0,0.6,,,South Indian food dataset
SIF-0003,Thatte Idli,South Indian,Idli & Steamed Tiffin,South India,2 pieces (~80g),95.0,3.0,17.0,1.5,1.0,,,15.0,0.6,,,South Indian food dataset
SIF-0004,Button Idli,South Indian,Idli & Steamed Tiffin,South India,2 pieces (~80g),95.0,3.0,17.0,1.5,1.0,,,15.0,0.6,,,South Indian food dataset
SIF-0005,Mallige Idli,South Indian,Idli & Steamed Tiffin,South India,2 pieces (~80g),95.0,3.0,17.0,1.5,1.0,,,15.0,0.6,,,South Indian food dataset
SIF-0006,Podi Idli,South Indian,Idli & Steamed Tiffin,South India,2 pieces (~80g),95.0,3.0,17.0,1.5,1.0,,,15.0,0.6,,,South Indian food dataset
SIF-0007,Ghee Podi Idli,South Indian,Idli & Steamed Tiffin,South India,2 pieces (~80g),95.0,3.0,17.0,1.5,1.0,,,15.0,0.6,,,South Indian food dataset
SIF-0008,Sambar Idli,South Indian,Idli & Steamed Tiffin,South India,2 pieces (~80g),95.0,3.0,17.0,1.5,1.0,,,15.0,0.6,,,South Indian food dataset
SIF-0009,Curd Idli,South Indian,Idli & Steamed Tiffin,South India,2 pieces (~80g),95.0,3.0,17.0,1.5,1.0,,,15.0,0.6,,,South Indian food dataset
SIF-0010,Kara Idli,South Indian,Idli & Steamed Tiffin,South India,2 pieces (~80g),95.0,3.0,17.0,1.5,1.0,,,15.0,0.6,,,South Indian food dataset
SIF-0011,Vegetable Idli,South Indian,Idli & Steamed Tiffin,South India,2 pieces (~80g),95.0,3.0,17.0,1.5,1.0,,,15.0,0.6,,,South Indian food dataset
SIF-0012,Ragi Idli,South Indian,Idli & Steamed Tiffin,South India,2 pieces (~80g),95.0,3.0,17.0,1.5,1.0,,,15.0,0.6,,,South Indian food dataset
SIF-0013,Oats Idli,South Indian,Idli & Steamed Tiffin,South India,2 pieces (~80g),95.0,3.0,17.0,1.5,1.0,,,15.0,0.6,,,South Indian food dataset
SIF-0014,Wheat Rava Idli,South Indian,Idli & Steamed Tiffin,South India,2 pieces (~80g),95.0,3.0,17.0,1.5,1.0,,,15.0,0.6,,,South Indian food dataset
SIF-0015,Sanna (Goan-style South Idli),South Indian,Idli & Steamed Tiffin,South India,2 pieces (~80g),95.0,3.0,17.0,1.5,1.0,,,15.0,0.6,,,South Indian food dataset
SIF-0016,Mini Idli,South Indian,Idli & Steamed Tiffin,South India,2 pieces (~80g),95.0,3.0,17.0,1.5,1.0,,,15.0,0.6,,,South Indian food dataset
SIF-0017,Idli Upma,South Indian,Idli & Steamed Tiffin,South India,2 pieces (~80g),95.0,3.0,17.0,1.5,1.0,,,15.0,0.6,,,South Indian food dataset
SIF-0018,Idli Fry,South Indian,Idli & Steamed Tiffin,South India,2 pieces (~80g),95.0,3.0,17.0,1.5,1.0,,,15.0,0.6,,,South Indian food dataset
SIF-0019,Stuffed Idli,South Indian,Idli & Steamed Tiffin,South India,2 pieces (~80g),95.0,3.0,17.0,1.5,1.0,,,15.0,0.6,,,South Indian food dataset
SIF-0020,Kal Idli,South Indian,Idli & Steamed Tiffin,South India,2 pieces (~80g),95.0,3.0,17.0,1.5,1.0,,,15.0,0.6,,,South Indian food dataset
SIF-0021,Uddina Idli,South Indian,Idli & Steamed Tiffin,South India,2 pieces (~80g),95.0,3.0,17.0,1.5,1.0,,,15.0,0.6,,,South Indian food dataset
SIF-0022,Millet Idli,South Indian,Idli & Steamed Tiffin,South India,2 pieces (~80g),95.0,3.0,17.0,1.5,1.0,,,15.0,0.6,,,South Indian food dataset
SIF-0023,Quinoa Idli,South Indian,Idli & Steamed Tiffin,South India,2 pieces (~80g),95.0,3.0,17.0,1.5,1.0,,,15.0,0.6,,,South Indian food dataset
SIF-0024,Beetroot Idli,South Indian,Idli & Steamed Tiffin,South India,2 pieces (~80g),95.0,3.0,17.0,1.5,1.0,,,15.0,0.6,,,South Indian food dataset
SIF-0025,Carrot Idli,South Indian,Idli & Steamed Tiffin,South India,2 pieces (~80g),95.0,3.0,17.0,1.5,1.0,,,15.0,0.6,,,South Indian food dataset
SIF-0026,Spinach Idli,South Indian,Idli & Steamed Tiffin,South India,2 pieces (~80g),95.0,3.0,17.0,1.5,1.0,,,15.0,0.6,,,South Indian food dataset
SIF-0027,Tomato Idli,South Indian,Idli & Steamed Tiffin,South India,2 pieces (~80g),95.0,3.0,17.0,1.5,1.0,,,15.0,0.6,,,South Indian food dataset
SIF-0028,Paal Idli,South Indian,Idli & Steamed Tiffin,South India,2 pieces (~80g),95.0,3.0,17.0,1.5,1.0,,,15.0,0.6,,,South Indian food dataset
SIF-0029,Idiyappam (String Hoppers),South Indian,Idli & Steamed Tiffin,South India,2 pieces (~80g),95.0,3.0,17.0,1.5,1.0,,,15.0,0.6,,,South Indian food dataset
SIF-0030,Vegetable Idiyappam,South Indian,Idli & Steamed Tiffin,South India,2 pieces (~80g),95.0,3.0,17.0,1.5,1.0,,,15.0,0.6,,,South Indian food dataset
SIF-0031,Sweet Idiyappam,South Indian,Idli & Steamed Tiffin,South India,2 pieces (~80g),95.0,3.0,17.0,1.5,1.0,,,15.0,0.6,,,South Indian food dataset
SIF-0032,Onion Dosa,South Indian,Dosa Varieties,South India,1 piece (~90g),145.0,3.8,20.0,4.5,0.7,,,15.0,0.9,,,South Indian food dataset
SIF-0033,Podi Dosa,South Indian,Dosa Varieties,South India,1 piece (~90g),145.0,3.8,20.0,4.5,0.7,,,15.0,0.9,,,South Indian food dataset
SIF-0034,Ghee Roast Dosa,South Indian,Dosa Varieties,South India,1 piece (~90g),145.0,3.8,20.0,4.5,0.7,,,15.0,0.9,,,South Indian food dataset
SIF-0035,Paper Roast Dosa,South Indian,Dosa Varieties,South India,1 piece (~90g),145.0,3.8,20.0,4.5,0.7,,,15.0,0.9,,,South Indian food dataset
SIF-0036,Mysore Masala Dosa,South Indian,Dosa Varieties,South India,1 piece (~90g),145.0,3.8,20.0,4.5,0.7,,,15.0,0.9,,,South Indian food dataset
SIF-0037,Rava Dosa,South Indian,Dosa Varieties,South India,1 piece (~90g),145.0,3.8,20.0,4.5,0.7,,,15.0,0.9,,,South Indian food dataset
SIF-0038,Rava Onion Dosa,South Indian,Dosa Varieties,South India,1 piece (~90g),145.0,3.8,20.0,4.5,0.7,,,15.0,0.9,,,South Indian food dataset
SIF-0039,Set Dosa,South Indian,Dosa Varieties,South India,1 piece (~90g),145.0,3.8,20.0,4.5,0.7,,,15.0,0.9,,,South Indian food dataset
SIF-0040,Neer Dosa,South Indian,Dosa Varieties,South India,1 piece (~90g),145.0,3.8,20.0,4.5,0.7,,,15.0,0.9,,,South Indian food dataset
SIF-0041,Pesarattu,South Indian,Dosa Varieties,South India,1 piece (~90g),145.0,3.8,20.0,4.5,0.7,,,15.0,0.9,,,South Indian food dataset
SIF-0042,Pesarattu Upma,South Indian,Dosa Varieties,South India,1 piece (~90g),145.0,3.8,20.0,4.5,0.7,,,15.0,0.9,,,South Indian food dataset
SIF-0043,Adai Dosa,South Indian,Dosa Varieties,South India,1 piece (~90g),145.0,3.8,20.0,4.5,0.7,,,15.0,0.9,,,South Indian food dataset
SIF-0044,Ragi Dosa,South Indian,Dosa Varieties,South India,1 piece (~90g),145.0,3.8,20.0,4.5,0.7,,,15.0,0.9,,,South Indian food dataset
SIF-0045,Wheat Dosa,South Indian,Dosa Varieties,South India,1 piece (~90g),145.0,3.8,20.0,4.5,0.7,,,15.0,0.9,,,South Indian food dataset
SIF-0046,Oats Dosa,South Indian,Dosa Varieties,South India,1 piece (~90g),145.0,3.8,20.0,4.5,0.7,,,15.0,0.9,,,South Indian food dataset
SIF-0047,Moong Dal Dosa,South Indian,Dosa Varieties,South India,1 piece (~90g),145.0,3.8,20.0,4.5,0.7,,,15.0,0.9,,,South Indian food dataset
SIF-0048,Cheese Dosa,South Indian,Dosa Varieties,South India,1 piece (~90g),145.0,3.8,20.0,4.5,0.7,,,15.0,0.9,,,South Indian food dataset
SIF-0049,Egg Dosa,South Indian,Dosa Varieties,South India,1 piece (~90g),145.0,3.8,20.0,4.5,0.7,,,15.0,0.9,,,South Indian food dataset
SIF-0050,Chicken Dosa (Kalyani style),South Indian,Dosa Varieties,South India,1 piece (~90g),145.0,3.8,20.0,4.5,0.7,,,15.0,0.9,,,South Indian food dataset
SIF-0051,Paneer Dosa,South Indian,Dosa Varieties,South India,1 piece (~90g),145.0,3.8,20.0,4.5,0.7,,,15.0,0.9,,,South Indian food dataset
SIF-0052,Kal Dosa,South Indian,Dosa Varieties,South India,1 piece (~90g),145.0,3.8,20.0,4.5,0.7,,,15.0,0.9,,,South Indian food dataset
SIF-0053,Kerala Appam Dosa Style,South Indian,Dosa Varieties,South India,1 piece (~90g),145.0,3.8,20.0,4.5,0.7,,,15.0,0.9,,,South Indian food dataset
SIF-0054,Sada Dosa,South Indian,Dosa Varieties,South India,1 piece (~90g),145.0,3.8,20.0,4.5,0.7,,,15.0,0.9,,,South Indian food dataset
SIF-0055,Roasted Dosa,South Indian,Dosa Varieties,South India,1 piece (~90g),145.0,3.8,20.0,4.5,0.7,,,15.0,0.9,,,South Indian food dataset
SIF-0056,Butter Dosa,South Indian,Dosa Varieties,South India,1 piece (~90g),145.0,3.8,20.0,4.5,0.7,,,15.0,0.9,,,South Indian food dataset
SIF-0057,Chutney Dosa,South Indian,Dosa Varieties,South India,1 piece (~90g),145.0,3.8,20.0,4.5,0.7,,,15.0,0.9,,,South Indian food dataset
SIF-0058,Tomato Onion Uttapam Dosa,South Indian,Dosa Varieties,South India,1 piece (~90g),145.0,3.8,20.0,4.5,0.7,,,15.0,0.9,,,South Indian food dataset
SIF-0059,Karam Dosa,South Indian,Dosa Varieties,South India,1 piece (~90g),145.0,3.8,20.0,4.5,0.7,,,15.0,0.9,,,South Indian food dataset
SIF-0060,Andhra Pesarattu Upma combo,South Indian,Dosa Varieties,South India,1 piece (~90g),145.0,3.8,20.0,4.5,0.7,,,15.0,0.9,,,South Indian food dataset
SIF-0061,Podi Dosa with Ghee,South Indian,Dosa Varieties,South India,1 piece (~90g),145.0,3.8,20.0,4.5,0.7,,,15.0,0.9,,,South Indian food dataset
SIF-0062,Instant Rava Dosa,South Indian,Dosa Varieties,South India,1 piece (~90g),145.0,3.8,20.0,4.5,0.7,,,15.0,0.9,,,South Indian food dataset
SIF-0063,Dosa with Kurma combo,South Indian,Dosa Varieties,South India,1 piece (~90g),145.0,3.8,20.0,4.5,0.7,,,15.0,0.9,,,South Indian food dataset
SIF-0064,Podi Idli Dosa combo,South Indian,Dosa Varieties,South India,1 piece (~90g),145.0,3.8,20.0,4.5,0.7,,,15.0,0.9,,,South Indian food dataset
SIF-0065,Multigrain Dosa,South Indian,Dosa Varieties,South India,1 piece (~90g),145.0,3.8,20.0,4.5,0.7,,,15.0,0.9,,,South Indian food dataset
SIF-0066,Millet Dosa,South Indian,Dosa Varieties,South India,1 piece (~90g),145.0,3.8,20.0,4.5,0.7,,,15.0,0.9,,,South Indian food dataset
SIF-0067,Beetroot Dosa,South Indian,Dosa Varieties,South India,1 piece (~90g),145.0,3.8,20.0,4.5,0.7,,,15.0,0.9,,,South Indian food dataset
SIF-0068,Carrot Dosa,South Indian,Dosa Varieties,South India,1 piece (~90g),145.0,3.8,20.0,4.5,0.7,,,15.0,0.9,,,South Indian food dataset
SIF-0069,Spinach Dosa,South Indian,Dosa Varieties,South India,1 piece (~90g),145.0,3.8,20.0,4.5,0.7,,,15.0,0.9,,,South Indian food dataset
SIF-0070,Tomato Dosa,South Indian,Dosa Varieties,South India,1 piece (~90g),145.0,3.8,20.0,4.5,0.7,,,15.0,0.9,,,South Indian food dataset
SIF-0071,Medu Vada,South Indian,Vada & Fritters,South India,2 pieces (~80g),180.0,5.5,18.0,9.5,1.8,,,25.0,1.2,,,South Indian food dataset
SIF-0072,Sambar Vada,South Indian,Vada & Fritters,South India,2 pieces (~80g),180.0,5.5,18.0,9.5,1.8,,,25.0,1.2,,,South Indian food dataset
SIF-0073,Curd Vada (Thayir Vadai),South Indian,Vada & Fritters,South India,2 pieces (~80g),180.0,5.5,18.0,9.5,1.8,,,25.0,1.2,,,South Indian food dataset
SIF-0074,Rasam Vada,South Indian,Vada & Fritters,South India,2 pieces (~80g),180.0,5.5,18.0,9.5,1.8,,,25.0,1.2,,,South Indian food dataset
SIF-0075,Paruppu Vadai,South Indian,Vada & Fritters,South India,2 pieces (~80g),180.0,5.5,18.0,9.5,1.8,,,25.0,1.2,,,South Indian food dataset
SIF-0076,Uddina Vada,South Indian,Vada & Fritters,South India,2 pieces (~80g),180.0,5.5,18.0,9.5,1.8,,,25.0,1.2,,,South Indian food dataset
SIF-0077,Mixed Dal Vada,South Indian,Vada & Fritters,South India,2 pieces (~80g),180.0,5.5,18.0,9.5,1.8,,,25.0,1.2,,,South Indian food dataset
SIF-0078,Cabbage Vada,South Indian,Vada & Fritters,South India,2 pieces (~80g),180.0,5.5,18.0,9.5,1.8,,,25.0,1.2,,,South Indian food dataset
SIF-0079,Keerai Vada,South Indian,Vada & Fritters,South India,2 pieces (~80g),180.0,5.5,18.0,9.5,1.8,,,25.0,1.2,,,South Indian food dataset
SIF-0080,Ammini Kozhukattai,South Indian,Vada & Fritters,South India,2 pieces (~80g),180.0,5.5,18.0,9.5,1.8,,,25.0,1.2,,,South Indian food dataset
SIF-0081,Thavala Vada,South Indian,Vada & Fritters,South India,2 pieces (~80g),180.0,5.5,18.0,9.5,1.8,,,25.0,1.2,,,South Indian food dataset
SIF-0082,Sabudana Vada (South style),South Indian,Vada & Fritters,South India,2 pieces (~80g),180.0,5.5,18.0,9.5,1.8,,,25.0,1.2,,,South Indian food dataset
SIF-0083,Palak Vada,South Indian,Vada & Fritters,South India,2 pieces (~80g),180.0,5.5,18.0,9.5,1.8,,,25.0,1.2,,,South Indian food dataset
SIF-0084,Corn Vada,South Indian,Vada & Fritters,South India,2 pieces (~80g),180.0,5.5,18.0,9.5,1.8,,,25.0,1.2,,,South Indian food dataset
SIF-0085,Onion Vada,South Indian,Vada & Fritters,South India,2 pieces (~80g),180.0,5.5,18.0,9.5,1.8,,,25.0,1.2,,,South Indian food dataset
SIF-0086,Chana Dal Vada,South Indian,Vada & Fritters,South India,2 pieces (~80g),180.0,5.5,18.0,9.5,1.8,,,25.0,1.2,,,South Indian food dataset
SIF-0087,Sundal Vada,South Indian,Vada & Fritters,South India,2 pieces (~80g),180.0,5.5,18.0,9.5,1.8,,,25.0,1.2,,,South Indian food dataset
SIF-0088,Mangalore Bonda,South Indian,Vada & Fritters,South India,2 pieces (~80g),180.0,5.5,18.0,9.5,1.8,,,25.0,1.2,,,South Indian food dataset
SIF-0089,Mysore Bonda,South Indian,Vada & Fritters,South India,2 pieces (~80g),180.0,5.5,18.0,9.5,1.8,,,25.0,1.2,,,South Indian food dataset
SIF-0090,Aloo Bonda,South Indian,Vada & Fritters,South India,2 pieces (~80g),180.0,5.5,18.0,9.5,1.8,,,25.0,1.2,,,South Indian food dataset
SIF-0091,Batata Vada (Udupi style),South Indian,Vada & Fritters,South India,2 pieces (~80g),180.0,5.5,18.0,9.5,1.8,,,25.0,1.2,,,South Indian food dataset
SIF-0092,Uzhunnu Vada,South Indian,Vada & Fritters,South India,2 pieces (~80g),180.0,5.5,18.0,9.5,1.8,,,25.0,1.2,,,South Indian food dataset
SIF-0093,Parippu Vada,South Indian,Vada & Fritters,South India,2 pieces (~80g),180.0,5.5,18.0,9.5,1.8,,,25.0,1.2,,,South Indian food dataset
SIF-0094,Uzhunnu Vada Kerala,South Indian,Vada & Fritters,South India,2 pieces (~80g),180.0,5.5,18.0,9.5,1.8,,,25.0,1.2,,,South Indian food dataset
SIF-0095,Ulundu Vadai,South Indian,Vada & Fritters,South India,2 pieces (~80g),180.0,5.5,18.0,9.5,1.8,,,25.0,1.2,,,South Indian food dataset
SIF-0096,Keerai Vadai,South Indian,Vada & Fritters,South India,2 pieces (~80g),180.0,5.5,18.0,9.5,1.8,,,25.0,1.2,,,South Indian food dataset
SIF-0097,Plain Uttapam,South Indian,Uttapam & Pancakes,South India,1 piece (~100g),175.0,4.5,26.0,5.0,1.2,,,20.0,1.0,,,South Indian food dataset
SIF-0098,Onion Uttapam,South Indian,Uttapam & Pancakes,South India,1 piece (~100g),175.0,4.5,26.0,5.0,1.2,,,20.0,1.0,,,South Indian food dataset
SIF-0099,Tomato Uttapam,South Indian,Uttapam & Pancakes,South India,1 piece (~100g),175.0,4.5,26.0,5.0,1.2,,,20.0,1.0,,,South Indian food dataset
SIF-0100,Mixed Vegetable Uttapam,South Indian,Uttapam & Pancakes,South India,1 piece (~100g),175.0,4.5,26.0,5.0,1.2,,,20.0,1.0,,,South Indian food dataset
SIF-0101,Podi Uttapam,South Indian,Uttapam & Pancakes,South India,1 piece (~100g),175.0,4.5,26.0,5.0,1.2,,,20.0,1.0,,,South Indian food dataset
SIF-0102,Cheese Uttapam,South Indian,Uttapam & Pancakes,South India,1 piece (~100g),175.0,4.5,26.0,5.0,1.2,,,20.0,1.0,,,South Indian food dataset
SIF-0103,Coconut Uttapam,South Indian,Uttapam & Pancakes,South India,1 piece (~100g),175.0,4.5,26.0,5.0,1.2,,,20.0,1.0,,,South Indian food dataset
SIF-0104,Capsicum Uttapam,South Indian,Uttapam & Pancakes,South India,1 piece (~100g),175.0,4.5,26.0,5.0,1.2,,,20.0,1.0,,,South Indian food dataset
SIF-0105,Paneer Uttapam,South Indian,Uttapam & Pancakes,South India,1 piece (~100g),175.0,4.5,26.0,5.0,1.2,,,20.0,1.0,,,South Indian food dataset
SIF-0106,Corn Uttapam,South Indian,Uttapam & Pancakes,South India,1 piece (~100g),175.0,4.5,26.0,5.0,1.2,,,20.0,1.0,,,South Indian food dataset
SIF-0107,Ragi Uttapam,South Indian,Uttapam & Pancakes,South India,1 piece (~100g),175.0,4.5,26.0,5.0,1.2,,,20.0,1.0,,,South Indian food dataset
SIF-0108,Rava Uttapam,South Indian,Uttapam & Pancakes,South India,1 piece (~100g),175.0,4.5,26.0,5.0,1.2,,,20.0,1.0,,,South Indian food dataset
SIF-0109,Rava Upma,South Indian,Upma & Pongal,South India,100g,155.0,3.8,22.0,5.5,1.4,,,18.0,0.9,,,South Indian food dataset
SIF-0110,Semiya Upma,South Indian,Upma & Pongal,South India,100g,155.0,3.8,22.0,5.5,1.4,,,18.0,0.9,,,South Indian food dataset
SIF-0111,Oats Upma,South Indian,Upma & Pongal,South India,100g,155.0,3.8,22.0,5.5,1.4,,,18.0,0.9,,,South Indian food dataset
SIF-0112,Ragi Upma,South Indian,Upma & Pongal,South India,100g,155.0,3.8,22.0,5.5,1.4,,,18.0,0.9,,,South Indian food dataset
SIF-0113,Wheat Upma,South Indian,Upma & Pongal,South India,100g,155.0,3.8,22.0,5.5,1.4,,,18.0,0.9,,,South Indian food dataset
SIF-0114,Poha Upma (South style),South Indian,Upma & Pongal,South India,100g,155.0,3.8,22.0,5.5,1.4,,,18.0,0.9,,,South Indian food dataset
SIF-0115,Corn Upma,South Indian,Upma & Pongal,South India,100g,155.0,3.8,22.0,5.5,1.4,,,18.0,0.9,,,South Indian food dataset
SIF-0116,Ven Pongal,South Indian,Upma & Pongal,South India,100g,155.0,3.8,22.0,5.5,1.4,,,18.0,0.9,,,South Indian food dataset
SIF-0117,Sweet Pongal (Sakkarai Pongal),South Indian,Upma & Pongal,South India,100g,155.0,3.8,22.0,5.5,1.4,,,18.0,0.9,,,South Indian food dataset
SIF-0118,Khara Pongal,South Indian,Upma & Pongal,South India,100g,155.0,3.8,22.0,5.5,1.4,,,18.0,0.9,,,South Indian food dataset
SIF-0119,Millet Pongal,South Indian,Upma & Pongal,South India,100g,155.0,3.8,22.0,5.5,1.4,,,18.0,0.9,,,South Indian food dataset
SIF-0120,Puliyogare Pongal combo,South Indian,Upma & Pongal,South India,100g,155.0,3.8,22.0,5.5,1.4,,,18.0,0.9,,,South Indian food dataset
SIF-0121,Curd Rice Pongal combo,South Indian,Upma & Pongal,South India,100g,155.0,3.8,22.0,5.5,1.4,,,18.0,0.9,,,South Indian food dataset
SIF-0122,Sambar Upma,South Indian,Upma & Pongal,South India,100g,155.0,3.8,22.0,5.5,1.4,,,18.0,0.9,,,South Indian food dataset
SIF-0123,Kara Upma,South Indian,Upma & Pongal,South India,100g,155.0,3.8,22.0,5.5,1.4,,,18.0,0.9,,,South Indian food dataset
SIF-0124,Tomato Upma,South Indian,Upma & Pongal,South India,100g,155.0,3.8,22.0,5.5,1.4,,,18.0,0.9,,,South Indian food dataset
SIF-0125,Vermicelli Kesari base savory,South Indian,Upma & Pongal,South India,100g,155.0,3.8,22.0,5.5,1.4,,,18.0,0.9,,,South Indian food dataset
SIF-0126,"Rava Kesari (sweet, breakfast)",South Indian,Upma & Pongal,South India,100g,155.0,3.8,22.0,5.5,1.4,,,18.0,0.9,,,South Indian food dataset
SIF-0127,Vellayappam,South Indian,Kerala Tiffin,Kerala,100g,165.0,3.5,30.0,3.0,1.5,,,20.0,1.0,,,South Indian food dataset
SIF-0128,Kallappam,South Indian,Kerala Tiffin,Kerala,100g,165.0,3.5,30.0,3.0,1.5,,,20.0,1.0,,,South Indian food dataset
SIF-0129,Palappam,South Indian,Kerala Tiffin,Kerala,100g,165.0,3.5,30.0,3.0,1.5,,,20.0,1.0,,,South Indian food dataset
SIF-0130,Puttu (Rice),South Indian,Kerala Tiffin,Kerala,100g,165.0,3.5,30.0,3.0,1.5,,,20.0,1.0,,,South Indian food dataset
SIF-0131,Puttu (Ragi),South Indian,Kerala Tiffin,Kerala,100g,165.0,3.5,30.0,3.0,1.5,,,20.0,1.0,,,South Indian food dataset
SIF-0132,Puttu (Wheat),South Indian,Kerala Tiffin,Kerala,100g,165.0,3.5,30.0,3.0,1.5,,,20.0,1.0,,,South Indian food dataset
SIF-0133,Kadala Curry (with Puttu),South Indian,Kerala Tiffin,Kerala,100g,165.0,3.5,30.0,3.0,1.5,,,20.0,1.0,,,South Indian food dataset
SIF-0134,Chatti Pathiri,South Indian,Kerala Tiffin,Kerala,100g,165.0,3.5,30.0,3.0,1.5,,,20.0,1.0,,,South Indian food dataset
SIF-0135,Kerala Porotta,South Indian,Kerala Tiffin,Kerala,100g,165.0,3.5,30.0,3.0,1.5,,,20.0,1.0,,,South Indian food dataset
SIF-0136,Parotta (Malabar),South Indian,Kerala Tiffin,Kerala,100g,165.0,3.5,30.0,3.0,1.5,,,20.0,1.0,,,South Indian food dataset
SIF-0137,Egg Porotta,South Indian,Kerala Tiffin,Kerala,100g,165.0,3.5,30.0,3.0,1.5,,,20.0,1.0,,,South Indian food dataset
SIF-0138,Chicken Porotta Combo,South Indian,Kerala Tiffin,Kerala,100g,165.0,3.5,30.0,3.0,1.5,,,20.0,1.0,,,South Indian food dataset
SIF-0139,Kappa (Tapioca Boiled),South Indian,Kerala Tiffin,Kerala,100g,165.0,3.5,30.0,3.0,1.5,,,20.0,1.0,,,South Indian food dataset
SIF-0140,Kappa Puzhukku,South Indian,Kerala Tiffin,Kerala,100g,165.0,3.5,30.0,3.0,1.5,,,20.0,1.0,,,South Indian food dataset
SIF-0141,Pathiri (Kerala Rice Bread),South Indian,Kerala Tiffin,Kerala,100g,165.0,3.5,30.0,3.0,1.5,,,20.0,1.0,,,South Indian food dataset
SIF-0142,Ari Pathiri,South Indian,Kerala Tiffin,Kerala,100g,165.0,3.5,30.0,3.0,1.5,,,20.0,1.0,,,South Indian food dataset
SIF-0143,Neyyappam,South Indian,Kerala Tiffin,Kerala,100g,165.0,3.5,30.0,3.0,1.5,,,20.0,1.0,,,South Indian food dataset
SIF-0144,Unniyappam,South Indian,Kerala Tiffin,Kerala,100g,165.0,3.5,30.0,3.0,1.5,,,20.0,1.0,,,South Indian food dataset
SIF-0145,Kuzhalappam,South Indian,Kerala Tiffin,Kerala,100g,165.0,3.5,30.0,3.0,1.5,,,20.0,1.0,,,South Indian food dataset
SIF-0146,Vattayappam,South Indian,Kerala Tiffin,Kerala,100g,165.0,3.5,30.0,3.0,1.5,,,20.0,1.0,,,South Indian food dataset
SIF-0147,Erachi Puttu,South Indian,Kerala Tiffin,Kerala,100g,165.0,3.5,30.0,3.0,1.5,,,20.0,1.0,,,South Indian food dataset
SIF-0148,Kozhukattai (Steamed Rice Dumpling),South Indian,Kerala Tiffin,Kerala,100g,165.0,3.5,30.0,3.0,1.5,,,20.0,1.0,,,South Indian food dataset
SIF-0149,Modak (South style),South Indian,Kerala Tiffin,Kerala,100g,165.0,3.5,30.0,3.0,1.5,,,20.0,1.0,,,South Indian food dataset
SIF-0150,Kadubu,South Indian,Kerala Tiffin,Kerala,100g,165.0,3.5,30.0,3.0,1.5,,,20.0,1.0,,,South Indian food dataset
SIF-0151,Kotte Kadubu,South Indian,Kerala Tiffin,Kerala,100g,165.0,3.5,30.0,3.0,1.5,,,20.0,1.0,,,South Indian food dataset
SIF-0152,Undrallu,South Indian,Kerala Tiffin,Kerala,100g,165.0,3.5,30.0,3.0,1.5,,,20.0,1.0,,,South Indian food dataset
SIF-0153,Coconut Rice,South Indian,Variety Rice,South India,100g,180.0,3.8,30.0,5.5,1.2,,,20.0,1.0,,,South Indian food dataset
SIF-0154,Tomato Rice,South Indian,Variety Rice,South India,100g,180.0,3.8,30.0,5.5,1.2,,,20.0,1.0,,,South Indian food dataset
SIF-0155,Bisi Bele Bath,South Indian,Variety Rice,South India,100g,180.0,3.8,30.0,5.5,1.2,,,20.0,1.0,,,South Indian food dataset
SIF-0156,Vangi Bath (Brinjal Rice),South Indian,Variety Rice,South India,100g,180.0,3.8,30.0,5.5,1.2,,,20.0,1.0,,,South Indian food dataset
SIF-0157,Mango Rice (Mavinakayi Chitranna),South Indian,Variety Rice,South India,100g,180.0,3.8,30.0,5.5,1.2,,,20.0,1.0,,,South Indian food dataset
SIF-0158,Peanut Rice,South Indian,Variety Rice,South India,100g,180.0,3.8,30.0,5.5,1.2,,,20.0,1.0,,,South Indian food dataset
SIF-0159,Capsicum Rice,South Indian,Variety Rice,South India,100g,180.0,3.8,30.0,5.5,1.2,,,20.0,1.0,,,South Indian food dataset
SIF-0160,Methi Rice,South Indian,Variety Rice,South India,100g,180.0,3.8,30.0,5.5,1.2,,,20.0,1.0,,,South Indian food dataset
SIF-0161,Beetroot Rice,South Indian,Variety Rice,South India,100g,180.0,3.8,30.0,5.5,1.2,,,20.0,1.0,,,South Indian food dataset
SIF-0162,Carrot Rice,South Indian,Variety Rice,South India,100g,180.0,3.8,30.0,5.5,1.2,,,20.0,1.0,,,South Indian food dataset
SIF-0163,Spinach Rice (Palak Rice),South Indian,Variety Rice,South India,100g,180.0,3.8,30.0,5.5,1.2,,,20.0,1.0,,,South Indian food dataset
SIF-0164,Gongura Rice,South Indian,Variety Rice,South India,100g,180.0,3.8,30.0,5.5,1.2,,,20.0,1.0,,,South Indian food dataset
SIF-0165,Chitranna,South Indian,Variety Rice,South India,100g,180.0,3.8,30.0,5.5,1.2,,,20.0,1.0,,,South Indian food dataset
SIF-0166,Khara Bath,South Indian,Variety Rice,South India,100g,180.0,3.8,30.0,5.5,1.2,,,20.0,1.0,,,South Indian food dataset
SIF-0167,Puliyogare,South Indian,Variety Rice,South India,100g,180.0,3.8,30.0,5.5,1.2,,,20.0,1.0,,,South Indian food dataset
SIF-0168,Sambar Sadam,South Indian,Variety Rice,South India,100g,180.0,3.8,30.0,5.5,1.2,,,20.0,1.0,,,South Indian food dataset
SIF-0169,Rasam Sadam,South Indian,Variety Rice,South India,100g,180.0,3.8,30.0,5.5,1.2,,,20.0,1.0,,,South Indian food dataset
SIF-0170,Curry Leaf Rice (Karuveppilai Sadam),South Indian,Variety Rice,South India,100g,180.0,3.8,30.0,5.5,1.2,,,20.0,1.0,,,South Indian food dataset
SIF-0171,Coriander Rice,South Indian,Variety Rice,South India,100g,180.0,3.8,30.0,5.5,1.2,,,20.0,1.0,,,South Indian food dataset
SIF-0172,Mint Rice (Pudina Rice),South Indian,Variety Rice,South India,100g,180.0,3.8,30.0,5.5,1.2,,,20.0,1.0,,,South Indian food dataset
SIF-0173,Ellu Sadam (Sesame Rice),South Indian,Variety Rice,South India,100g,180.0,3.8,30.0,5.5,1.2,,,20.0,1.0,,,South Indian food dataset
SIF-0174,Kariveppilai Sadam,South Indian,Variety Rice,South India,100g,180.0,3.8,30.0,5.5,1.2,,,20.0,1.0,,,South Indian food dataset
SIF-0175,Elumichai Sadam,South Indian,Variety Rice,South India,100g,180.0,3.8,30.0,5.5,1.2,,,20.0,1.0,,,South Indian food dataset
SIF-0176,Thakkali Sadam,South Indian,Variety Rice,South India,100g,180.0,3.8,30.0,5.5,1.2,,,20.0,1.0,,,South Indian food dataset
SIF-0177,Pudina Sadam,South Indian,Variety Rice,South India,100g,180.0,3.8,30.0,5.5,1.2,,,20.0,1.0,,,South Indian food dataset
SIF-0178,Vegetable Sadam,South Indian,Variety Rice,South India,100g,180.0,3.8,30.0,5.5,1.2,,,20.0,1.0,,,South Indian food dataset
SIF-0179,Ghee Rice,South Indian,Variety Rice,South India,100g,180.0,3.8,30.0,5.5,1.2,,,20.0,1.0,,,South Indian food dataset
SIF-0180,Jeera Rice (South style),South Indian,Variety Rice,South India,100g,180.0,3.8,30.0,5.5,1.2,,,20.0,1.0,,,South Indian food dataset
SIF-0181,Coconut Milk Rice,South Indian,Variety Rice,South India,100g,180.0,3.8,30.0,5.5,1.2,,,20.0,1.0,,,South Indian food dataset
SIF-0182,Avial Rice combo,South Indian,Variety Rice,South India,100g,180.0,3.8,30.0,5.5,1.2,,,20.0,1.0,,,South Indian food dataset
SIF-0183,Sambar Rice combo,South Indian,Variety Rice,South India,100g,180.0,3.8,30.0,5.5,1.2,,,20.0,1.0,,,South Indian food dataset
SIF-0184,Curd Rice with Pomegranate,South Indian,Variety Rice,South India,100g,180.0,3.8,30.0,5.5,1.2,,,20.0,1.0,,,South Indian food dataset
SIF-0185,Puliyogare with Peanut,South Indian,Variety Rice,South India,100g,180.0,3.8,30.0,5.5,1.2,,,20.0,1.0,,,South Indian food dataset
SIF-0186,Kollu Sadam (Horse Gram Rice),South Indian,Variety Rice,South India,100g,180.0,3.8,30.0,5.5,1.2,,,20.0,1.0,,,South Indian food dataset
SIF-0187,Payaru Sadam,South Indian,Variety Rice,South India,100g,180.0,3.8,30.0,5.5,1.2,,,20.0,1.0,,,South Indian food dataset
SIF-0188,Kadamba Sadam,South Indian,Variety Rice,South India,100g,180.0,3.8,30.0,5.5,1.2,,,20.0,1.0,,,South Indian food dataset
SIF-0189,Andhra Pulihora,South Indian,Variety Rice,South India,100g,180.0,3.8,30.0,5.5,1.2,,,20.0,1.0,,,South Indian food dataset
SIF-0190,Drumstick Sambar,South Indian,Sambar Varieties,South India,100g,85.0,4.0,12.0,2.5,2.8,,,25.0,1.2,,,South Indian food dataset
SIF-0191,Brinjal Sambar,South Indian,Sambar Varieties,South India,100g,85.0,4.0,12.0,2.5,2.8,,,25.0,1.2,,,South Indian food dataset
SIF-0192,Okra Sambar (Vendakkai Sambar),South Indian,Sambar Varieties,South India,100g,85.0,4.0,12.0,2.5,2.8,,,25.0,1.2,,,South Indian food dataset
SIF-0193,Radish Sambar,South Indian,Sambar Varieties,South India,100g,85.0,4.0,12.0,2.5,2.8,,,25.0,1.2,,,South Indian food dataset
SIF-0194,Pumpkin Sambar,South Indian,Sambar Varieties,South India,100g,85.0,4.0,12.0,2.5,2.8,,,25.0,1.2,,,South Indian food dataset
SIF-0195,Onion Sambar (Vengaya Sambar),South Indian,Sambar Varieties,South India,100g,85.0,4.0,12.0,2.5,2.8,,,25.0,1.2,,,South Indian food dataset
SIF-0196,Mixed Vegetable Sambar,South Indian,Sambar Varieties,South India,100g,85.0,4.0,12.0,2.5,2.8,,,25.0,1.2,,,South Indian food dataset
SIF-0197,Arachuvitta Sambar,South Indian,Sambar Varieties,South India,100g,85.0,4.0,12.0,2.5,2.8,,,25.0,1.2,,,South Indian food dataset
SIF-0198,Udupi Sambar,South Indian,Sambar Varieties,South India,100g,85.0,4.0,12.0,2.5,2.8,,,25.0,1.2,,,South Indian food dataset
SIF-0199,Hotel Style Sambar,South Indian,Sambar Varieties,South India,100g,85.0,4.0,12.0,2.5,2.8,,,25.0,1.2,,,South Indian food dataset
SIF-0200,Idli Sambar,South Indian,Sambar Varieties,South India,100g,85.0,4.0,12.0,2.5,2.8,,,25.0,1.2,,,South Indian food dataset
SIF-0201,Pongal Sambar,South Indian,Sambar Varieties,South India,100g,85.0,4.0,12.0,2.5,2.8,,,25.0,1.2,,,South Indian food dataset
SIF-0202,Bombay Style Sambar,South Indian,Sambar Varieties,South India,100g,85.0,4.0,12.0,2.5,2.8,,,25.0,1.2,,,South Indian food dataset
SIF-0203,Poondu Sambar (Garlic Sambar),South Indian,Sambar Varieties,South India,100g,85.0,4.0,12.0,2.5,2.8,,,25.0,1.2,,,South Indian food dataset
SIF-0204,Kathrikai Sambar,South Indian,Sambar Varieties,South India,100g,85.0,4.0,12.0,2.5,2.8,,,25.0,1.2,,,South Indian food dataset
SIF-0205,Chow Chow Sambar,South Indian,Sambar Varieties,South India,100g,85.0,4.0,12.0,2.5,2.8,,,25.0,1.2,,,South Indian food dataset
SIF-0206,Beans Sambar,South Indian,Sambar Varieties,South India,100g,85.0,4.0,12.0,2.5,2.8,,,25.0,1.2,,,South Indian food dataset
SIF-0207,Carrot Sambar,South Indian,Sambar Varieties,South India,100g,85.0,4.0,12.0,2.5,2.8,,,25.0,1.2,,,South Indian food dataset
SIF-0208,Ash Gourd Sambar,South Indian,Sambar Varieties,South India,100g,85.0,4.0,12.0,2.5,2.8,,,25.0,1.2,,,South Indian food dataset
SIF-0209,Rasam (Plain),South Indian,Rasam Varieties,South India,100g,35.0,1.5,5.5,0.8,1.0,,,12.0,0.5,,,South Indian food dataset
SIF-0210,Pepper Rasam (Milagu Rasam),South Indian,Rasam Varieties,South India,100g,35.0,1.5,5.5,0.8,1.0,,,12.0,0.5,,,South Indian food dataset
SIF-0211,Tomato Rasam,South Indian,Rasam Varieties,South India,100g,35.0,1.5,5.5,0.8,1.0,,,12.0,0.5,,,South Indian food dataset
SIF-0212,Garlic Rasam (Poondu Rasam),South Indian,Rasam Varieties,South India,100g,35.0,1.5,5.5,0.8,1.0,,,12.0,0.5,,,South Indian food dataset
SIF-0213,Lemon Rasam (Elumichai Rasam),South Indian,Rasam Varieties,South India,100g,35.0,1.5,5.5,0.8,1.0,,,12.0,0.5,,,South Indian food dataset
SIF-0214,Pineapple Rasam,South Indian,Rasam Varieties,South India,100g,35.0,1.5,5.5,0.8,1.0,,,12.0,0.5,,,South Indian food dataset
SIF-0215,Mysore Rasam,South Indian,Rasam Varieties,South India,100g,35.0,1.5,5.5,0.8,1.0,,,12.0,0.5,,,South Indian food dataset
SIF-0216,Paruppu Rasam (Dal Rasam),South Indian,Rasam Varieties,South India,100g,35.0,1.5,5.5,0.8,1.0,,,12.0,0.5,,,South Indian food dataset
SIF-0217,Kollu Rasam (Horse Gram Rasam),South Indian,Rasam Varieties,South India,100g,35.0,1.5,5.5,0.8,1.0,,,12.0,0.5,,,South Indian food dataset
SIF-0218,Jeera Rasam,South Indian,Rasam Varieties,South India,100g,35.0,1.5,5.5,0.8,1.0,,,12.0,0.5,,,South Indian food dataset
SIF-0219,Rasam Vada combo,South Indian,Rasam Varieties,South India,100g,35.0,1.5,5.5,0.8,1.0,,,12.0,0.5,,,South Indian food dataset
SIF-0220,Sadam Rasam combo,South Indian,Rasam Varieties,South India,100g,35.0,1.5,5.5,0.8,1.0,,,12.0,0.5,,,South Indian food dataset
SIF-0221,Nellikai Rasam (Gooseberry Rasam),South Indian,Rasam Varieties,South India,100g,35.0,1.5,5.5,0.8,1.0,,,12.0,0.5,,,South Indian food dataset
SIF-0222,Manathakkali Rasam,South Indian,Rasam Varieties,South India,100g,35.0,1.5,5.5,0.8,1.0,,,12.0,0.5,,,South Indian food dataset
SIF-0223,Ginger Rasam (Inji Rasam),South Indian,Rasam Varieties,South India,100g,35.0,1.5,5.5,0.8,1.0,,,12.0,0.5,,,South Indian food dataset
SIF-0224,Curry Leaf Rasam,South Indian,Rasam Varieties,South India,100g,35.0,1.5,5.5,0.8,1.0,,,12.0,0.5,,,South Indian food dataset
SIF-0225,Andhra Charu,South Indian,Rasam Varieties,South India,100g,35.0,1.5,5.5,0.8,1.0,,,12.0,0.5,,,South Indian food dataset
SIF-0226,Vatha Kuzhambu,South Indian,Kuzhambu Varieties,Tamil Nadu,100g,95.0,3.0,10.0,4.5,2.0,,,25.0,1.1,,,South Indian food dataset
SIF-0227,Kara Kuzhambu,South Indian,Kuzhambu Varieties,Tamil Nadu,100g,95.0,3.0,10.0,4.5,2.0,,,25.0,1.1,,,South Indian food dataset
SIF-0228,Mor Kuzhambu,South Indian,Kuzhambu Varieties,Tamil Nadu,100g,95.0,3.0,10.0,4.5,2.0,,,25.0,1.1,,,South Indian food dataset
SIF-0229,Kathirikai Kuzhambu,South Indian,Kuzhambu Varieties,Tamil Nadu,100g,95.0,3.0,10.0,4.5,2.0,,,25.0,1.1,,,South Indian food dataset
SIF-0230,Vendakkai Kuzhambu,South Indian,Kuzhambu Varieties,Tamil Nadu,100g,95.0,3.0,10.0,4.5,2.0,,,25.0,1.1,,,South Indian food dataset
SIF-0231,Puli Kuzhambu,South Indian,Kuzhambu Varieties,Tamil Nadu,100g,95.0,3.0,10.0,4.5,2.0,,,25.0,1.1,,,South Indian food dataset
SIF-0232,Kadamba Kuzhambu,South Indian,Kuzhambu Varieties,Tamil Nadu,100g,95.0,3.0,10.0,4.5,2.0,,,25.0,1.1,,,South Indian food dataset
SIF-0233,Ennai Kathirikai Kuzhambu,South Indian,Kuzhambu Varieties,Tamil Nadu,100g,95.0,3.0,10.0,4.5,2.0,,,25.0,1.1,,,South Indian food dataset
SIF-0234,Milagu Kuzhambu,South Indian,Kuzhambu Varieties,Tamil Nadu,100g,95.0,3.0,10.0,4.5,2.0,,,25.0,1.1,,,South Indian food dataset
SIF-0235,Poondu Kuzhambu,South Indian,Kuzhambu Varieties,Tamil Nadu,100g,95.0,3.0,10.0,4.5,2.0,,,25.0,1.1,,,South Indian food dataset
SIF-0236,Pirandai Kuzhambu,South Indian,Kuzhambu Varieties,Tamil Nadu,100g,95.0,3.0,10.0,4.5,2.0,,,25.0,1.1,,,South Indian food dataset
SIF-0237,Manathakkali Vatha Kuzhambu,South Indian,Kuzhambu Varieties,Tamil Nadu,100g,95.0,3.0,10.0,4.5,2.0,,,25.0,1.1,,,South Indian food dataset
SIF-0238,Araichuvitta Kuzhambu,South Indian,Kuzhambu Varieties,Tamil Nadu,100g,95.0,3.0,10.0,4.5,2.0,,,25.0,1.1,,,South Indian food dataset
SIF-0239,Nellikai Kuzhambu,South Indian,Kuzhambu Varieties,Tamil Nadu,100g,95.0,3.0,10.0,4.5,2.0,,,25.0,1.1,,,South Indian food dataset
SIF-0240,Vazhakkai Kuzhambu,South Indian,Kuzhambu Varieties,Tamil Nadu,100g,95.0,3.0,10.0,4.5,2.0,,,25.0,1.1,,,South Indian food dataset
SIF-0241,Chettinad Kara Kuzhambu,South Indian,Kuzhambu Varieties,Tamil Nadu,100g,95.0,3.0,10.0,4.5,2.0,,,25.0,1.1,,,South Indian food dataset
SIF-0242,Paruppu Urundai Kuzhambu,South Indian,Kuzhambu Varieties,Tamil Nadu,100g,95.0,3.0,10.0,4.5,2.0,,,25.0,1.1,,,South Indian food dataset
SIF-0243,Urulaikizhangu Kuzhambu,South Indian,Kuzhambu Varieties,Tamil Nadu,100g,95.0,3.0,10.0,4.5,2.0,,,25.0,1.1,,,South Indian food dataset
SIF-0244,Mixed Vegetable Kootu,South Indian,Kootu Varieties,Tamil Nadu,100g,90.0,3.5,9.0,4.0,2.5,,,60.0,1.3,,,South Indian food dataset
SIF-0245,Pumpkin Kootu (Poosanikai Kootu),South Indian,Kootu Varieties,Tamil Nadu,100g,90.0,3.5,9.0,4.0,2.5,,,60.0,1.3,,,South Indian food dataset
SIF-0246,Chow Chow Kootu,South Indian,Kootu Varieties,Tamil Nadu,100g,90.0,3.5,9.0,4.0,2.5,,,60.0,1.3,,,South Indian food dataset
SIF-0247,Cabbage Kootu,South Indian,Kootu Varieties,Tamil Nadu,100g,90.0,3.5,9.0,4.0,2.5,,,60.0,1.3,,,South Indian food dataset
SIF-0248,Beans Kootu,South Indian,Kootu Varieties,Tamil Nadu,100g,90.0,3.5,9.0,4.0,2.5,,,60.0,1.3,,,South Indian food dataset
SIF-0249,Carrot Kootu,South Indian,Kootu Varieties,Tamil Nadu,100g,90.0,3.5,9.0,4.0,2.5,,,60.0,1.3,,,South Indian food dataset
SIF-0250,Ash Gourd Kootu (Poosanikai Kootu),South Indian,Kootu Varieties,Tamil Nadu,100g,90.0,3.5,9.0,4.0,2.5,,,60.0,1.3,,,South Indian food dataset
SIF-0251,Snake Gourd Kootu,South Indian,Kootu Varieties,Tamil Nadu,100g,90.0,3.5,9.0,4.0,2.5,,,60.0,1.3,,,South Indian food dataset
SIF-0252,Ridge Gourd Kootu,South Indian,Kootu Varieties,Tamil Nadu,100g,90.0,3.5,9.0,4.0,2.5,,,60.0,1.3,,,South Indian food dataset
SIF-0253,Bottle Gourd Kootu,South Indian,Kootu Varieties,Tamil Nadu,100g,90.0,3.5,9.0,4.0,2.5,,,60.0,1.3,,,South Indian food dataset
SIF-0254,Vazhakkai Kootu (Raw Banana Kootu),South Indian,Kootu Varieties,Tamil Nadu,100g,90.0,3.5,9.0,4.0,2.5,,,60.0,1.3,,,South Indian food dataset
SIF-0255,Avarakkai Kootu,South Indian,Kootu Varieties,Tamil Nadu,100g,90.0,3.5,9.0,4.0,2.5,,,60.0,1.3,,,South Indian food dataset
SIF-0256,Keerai Kootu (Spinach Kootu),South Indian,Kootu Varieties,Tamil Nadu,100g,90.0,3.5,9.0,4.0,2.5,,,60.0,1.3,,,South Indian food dataset
SIF-0257,Kothavarangai Kootu,South Indian,Kootu Varieties,Tamil Nadu,100g,90.0,3.5,9.0,4.0,2.5,,,60.0,1.3,,,South Indian food dataset
SIF-0258,Paruppu Kootu,South Indian,Kootu Varieties,Tamil Nadu,100g,90.0,3.5,9.0,4.0,2.5,,,60.0,1.3,,,South Indian food dataset
SIF-0259,Cabbage Poriyal,South Indian,Poriyal & Thoran,South India,100g,95.0,2.2,10.0,5.0,2.8,,,45.0,0.9,,,South Indian food dataset
SIF-0260,Beans Poriyal,South Indian,Poriyal & Thoran,South India,100g,95.0,2.2,10.0,5.0,2.8,,,45.0,0.9,,,South Indian food dataset
SIF-0261,Carrot Poriyal,South Indian,Poriyal & Thoran,South India,100g,95.0,2.2,10.0,5.0,2.8,,,45.0,0.9,,,South Indian food dataset
SIF-0262,Beetroot Poriyal,South Indian,Poriyal & Thoran,South India,100g,95.0,2.2,10.0,5.0,2.8,,,45.0,0.9,,,South Indian food dataset
SIF-0263,Chow Chow Poriyal,South Indian,Poriyal & Thoran,South India,100g,95.0,2.2,10.0,5.0,2.8,,,45.0,0.9,,,South Indian food dataset
SIF-0264,Snake Gourd Poriyal,South Indian,Poriyal & Thoran,South India,100g,95.0,2.2,10.0,5.0,2.8,,,45.0,0.9,,,South Indian food dataset
SIF-0265,Ridge Gourd Poriyal,South Indian,Poriyal & Thoran,South India,100g,95.0,2.2,10.0,5.0,2.8,,,45.0,0.9,,,South Indian food dataset
SIF-0266,Cluster Beans Poriyal,South Indian,Poriyal & Thoran,South India,100g,95.0,2.2,10.0,5.0,2.8,,,45.0,0.9,,,South Indian food dataset
SIF-0267,Raw Banana Poriyal,South Indian,Poriyal & Thoran,South India,100g,95.0,2.2,10.0,5.0,2.8,,,45.0,0.9,,,South Indian food dataset
SIF-0268,Yam Poriyal (Senaikizhangu Poriyal),South Indian,Poriyal & Thoran,South India,100g,95.0,2.2,10.0,5.0,2.8,,,45.0,0.9,,,South Indian food dataset
SIF-0269,Broad Beans Poriyal (Mochakottai Poriyal),South Indian,Poriyal & Thoran,South India,100g,95.0,2.2,10.0,5.0,2.8,,,45.0,0.9,,,South Indian food dataset
SIF-0270,Ash Gourd Poriyal,South Indian,Poriyal & Thoran,South India,100g,95.0,2.2,10.0,5.0,2.8,,,45.0,0.9,,,South Indian food dataset
SIF-0271,Bottle Gourd Poriyal,South Indian,Poriyal & Thoran,South India,100g,95.0,2.2,10.0,5.0,2.8,,,45.0,0.9,,,South Indian food dataset
SIF-0272,Okra Poriyal (Vendakkai Poriyal),South Indian,Poriyal & Thoran,South India,100g,95.0,2.2,10.0,5.0,2.8,,,45.0,0.9,,,South Indian food dataset
SIF-0273,Keerai Poriyal (Spinach Poriyal),South Indian,Poriyal & Thoran,South India,100g,95.0,2.2,10.0,5.0,2.8,,,45.0,0.9,,,South Indian food dataset
SIF-0274,Cabbage Thoran,South Indian,Poriyal & Thoran,South India,100g,95.0,2.2,10.0,5.0,2.8,,,45.0,0.9,,,South Indian food dataset
SIF-0275,Beans Thoran,South Indian,Poriyal & Thoran,South India,100g,95.0,2.2,10.0,5.0,2.8,,,45.0,0.9,,,South Indian food dataset
SIF-0276,Carrot Thoran,South Indian,Poriyal & Thoran,South India,100g,95.0,2.2,10.0,5.0,2.8,,,45.0,0.9,,,South Indian food dataset
SIF-0277,Beetroot Thoran,South Indian,Poriyal & Thoran,South India,100g,95.0,2.2,10.0,5.0,2.8,,,45.0,0.9,,,South Indian food dataset
SIF-0278,Cabbage Mezhukkupuratti,South Indian,Poriyal & Thoran,South India,100g,95.0,2.2,10.0,5.0,2.8,,,45.0,0.9,,,South Indian food dataset
SIF-0279,Vazhakkai Mezhukkupuratti,South Indian,Poriyal & Thoran,South India,100g,95.0,2.2,10.0,5.0,2.8,,,45.0,0.9,,,South Indian food dataset
SIF-0280,Chena Thoran,South Indian,Poriyal & Thoran,South India,100g,95.0,2.2,10.0,5.0,2.8,,,45.0,0.9,,,South Indian food dataset
SIF-0281,Payar Thoran (Cowpea Thoran),South Indian,Poriyal & Thoran,South India,100g,95.0,2.2,10.0,5.0,2.8,,,45.0,0.9,,,South Indian food dataset
SIF-0282,Mango Thoran,South Indian,Poriyal & Thoran,South India,100g,95.0,2.2,10.0,5.0,2.8,,,45.0,0.9,,,South Indian food dataset
SIF-0283,Jackfruit Thoran (Chakka Thoran),South Indian,Poriyal & Thoran,South India,100g,95.0,2.2,10.0,5.0,2.8,,,45.0,0.9,,,South Indian food dataset
SIF-0284,Kovakka Thoran (Ivy Gourd Thoran),South Indian,Poriyal & Thoran,South India,100g,95.0,2.2,10.0,5.0,2.8,,,45.0,0.9,,,South Indian food dataset
SIF-0285,Kaya Varuthathu (Banana Chips style),South Indian,Poriyal & Thoran,South India,100g,95.0,2.2,10.0,5.0,2.8,,,45.0,0.9,,,South Indian food dataset
SIF-0286,Koorka Thoran,South Indian,Poriyal & Thoran,South India,100g,95.0,2.2,10.0,5.0,2.8,,,45.0,0.9,,,South Indian food dataset
SIF-0287,Beetroot Pachadi Style Poriyal,South Indian,Poriyal & Thoran,South India,100g,95.0,2.2,10.0,5.0,2.8,,,45.0,0.9,,,South Indian food dataset
SIF-0288,Peas Poriyal,South Indian,Poriyal & Thoran,South India,100g,95.0,2.2,10.0,5.0,2.8,,,45.0,0.9,,,South Indian food dataset
SIF-0289,Olan,South Indian,Kerala Sadhya Items,Kerala,100g,100.0,2.5,12.0,5.0,2.2,,,50.0,1.0,,,South Indian food dataset
SIF-0290,Kalan,South Indian,Kerala Sadhya Items,Kerala,100g,100.0,2.5,12.0,5.0,2.2,,,50.0,1.0,,,South Indian food dataset
SIF-0291,Erissery,South Indian,Kerala Sadhya Items,Kerala,100g,100.0,2.5,12.0,5.0,2.2,,,50.0,1.0,,,South Indian food dataset
SIF-0292,Pachadi (Vegetable Yogurt),South Indian,Kerala Sadhya Items,Kerala,100g,100.0,2.5,12.0,5.0,2.2,,,50.0,1.0,,,South Indian food dataset
SIF-0293,Kichadi (Kerala),South Indian,Kerala Sadhya Items,Kerala,100g,100.0,2.5,12.0,5.0,2.2,,,50.0,1.0,,,South Indian food dataset
SIF-0294,Puliyinji,South Indian,Kerala Sadhya Items,Kerala,100g,100.0,2.5,12.0,5.0,2.2,,,50.0,1.0,,,South Indian food dataset
SIF-0295,Inji Curry,South Indian,Kerala Sadhya Items,Kerala,100g,100.0,2.5,12.0,5.0,2.2,,,50.0,1.0,,,South Indian food dataset
SIF-0296,Mango Pachadi,South Indian,Kerala Sadhya Items,Kerala,100g,100.0,2.5,12.0,5.0,2.2,,,50.0,1.0,,,South Indian food dataset
SIF-0297,Pineapple Pulissery,South Indian,Kerala Sadhya Items,Kerala,100g,100.0,2.5,12.0,5.0,2.2,,,50.0,1.0,,,South Indian food dataset
SIF-0298,Pulissery,South Indian,Kerala Sadhya Items,Kerala,100g,100.0,2.5,12.0,5.0,2.2,,,50.0,1.0,,,South Indian food dataset
SIF-0299,Naranga Curry,South Indian,Kerala Sadhya Items,Kerala,100g,100.0,2.5,12.0,5.0,2.2,,,50.0,1.0,,,South Indian food dataset
SIF-0300,Koottu Curry (Kerala Sadhya),South Indian,Kerala Sadhya Items,Kerala,100g,100.0,2.5,12.0,5.0,2.2,,,50.0,1.0,,,South Indian food dataset
SIF-0301,Thoran Sadhya Combo,South Indian,Kerala Sadhya Items,Kerala,100g,100.0,2.5,12.0,5.0,2.2,,,50.0,1.0,,,South Indian food dataset
SIF-0302,Parippu Curry (Sadhya Dal),South Indian,Kerala Sadhya Items,Kerala,100g,100.0,2.5,12.0,5.0,2.2,,,50.0,1.0,,,South Indian food dataset
SIF-0303,Sambar (Sadhya style),South Indian,Kerala Sadhya Items,Kerala,100g,100.0,2.5,12.0,5.0,2.2,,,50.0,1.0,,,South Indian food dataset
SIF-0304,Rasam (Sadhya style),South Indian,Kerala Sadhya Items,Kerala,100g,100.0,2.5,12.0,5.0,2.2,,,50.0,1.0,,,South Indian food dataset
SIF-0305,Payasam (Sadhya),South Indian,Kerala Sadhya Items,Kerala,100g,100.0,2.5,12.0,5.0,2.2,,,50.0,1.0,,,South Indian food dataset
SIF-0306,Pappadam (Sadhya),South Indian,Kerala Sadhya Items,Kerala,100g,100.0,2.5,12.0,5.0,2.2,,,50.0,1.0,,,South Indian food dataset
SIF-0307,Banana Chips (Sadhya),South Indian,Kerala Sadhya Items,Kerala,100g,100.0,2.5,12.0,5.0,2.2,,,50.0,1.0,,,South Indian food dataset
SIF-0308,Sharkara Varatti,South Indian,Kerala Sadhya Items,Kerala,100g,100.0,2.5,12.0,5.0,2.2,,,50.0,1.0,,,South Indian food dataset
SIF-0309,Kichadi Beetroot,South Indian,Kerala Sadhya Items,Kerala,100g,100.0,2.5,12.0,5.0,2.2,,,50.0,1.0,,,South Indian food dataset
SIF-0310,Kalan with Yam,South Indian,Kerala Sadhya Items,Kerala,100g,100.0,2.5,12.0,5.0,2.2,,,50.0,1.0,,,South Indian food dataset
SIF-0311,Ash Gourd Pulissery,South Indian,Kerala Sadhya Items,Kerala,100g,100.0,2.5,12.0,5.0,2.2,,,50.0,1.0,,,South Indian food dataset
SIF-0312,Cucumber Pachadi,South Indian,Kerala Sadhya Items,Kerala,100g,100.0,2.5,12.0,5.0,2.2,,,50.0,1.0,,,South Indian food dataset
SIF-0313,Beetroot Pachadi,South Indian,Kerala Sadhya Items,Kerala,100g,100.0,2.5,12.0,5.0,2.2,,,50.0,1.0,,,South Indian food dataset
SIF-0314,Tomato Pachadi,South Indian,Kerala Sadhya Items,Kerala,100g,100.0,2.5,12.0,5.0,2.2,,,50.0,1.0,,,South Indian food dataset
SIF-0315,Vellarikka Pachadi,South Indian,Kerala Sadhya Items,Kerala,100g,100.0,2.5,12.0,5.0,2.2,,,50.0,1.0,,,South Indian food dataset
SIF-0316,Onam Sadhya Combo Plate,South Indian,Kerala Sadhya Items,Kerala,100g,100.0,2.5,12.0,5.0,2.2,,,50.0,1.0,,,South Indian food dataset
SIF-0317,Vishu Kanji,South Indian,Kerala Sadhya Items,Kerala,100g,100.0,2.5,12.0,5.0,2.2,,,50.0,1.0,,,South Indian food dataset
SIF-0318,Coconut Chutney (White),South Indian,Chutneys & Podis,South India,1 serving (~30g),70.0,2.0,5.5,4.5,1.2,,,25.0,0.7,,,South Indian food dataset
SIF-0319,Coconut Chutney (Red),South Indian,Chutneys & Podis,South India,1 serving (~30g),70.0,2.0,5.5,4.5,1.2,,,25.0,0.7,,,South Indian food dataset
SIF-0320,Mint Chutney,South Indian,Chutneys & Podis,South India,1 serving (~30g),70.0,2.0,5.5,4.5,1.2,,,25.0,0.7,,,South Indian food dataset
SIF-0321,Garlic Chutney (Andhra),South Indian,Chutneys & Podis,South India,1 serving (~30g),70.0,2.0,5.5,4.5,1.2,,,25.0,0.7,,,South Indian food dataset
SIF-0322,Tomato Garlic Chutney,South Indian,Chutneys & Podis,South India,1 serving (~30g),70.0,2.0,5.5,4.5,1.2,,,25.0,0.7,,,South Indian food dataset
SIF-0323,Curry Leaf Chutney,South Indian,Chutneys & Podis,South India,1 serving (~30g),70.0,2.0,5.5,4.5,1.2,,,25.0,0.7,,,South Indian food dataset
SIF-0324,Ginger Chutney (Allam Pachadi),South Indian,Chutneys & Podis,South India,1 serving (~30g),70.0,2.0,5.5,4.5,1.2,,,25.0,0.7,,,South Indian food dataset
SIF-0325,Gongura Chutney,South Indian,Chutneys & Podis,South India,1 serving (~30g),70.0,2.0,5.5,4.5,1.2,,,25.0,0.7,,,South Indian food dataset
SIF-0326,Sesame Chutney (Karuppu Ellu Chutney),South Indian,Chutneys & Podis,South India,1 serving (~30g),70.0,2.0,5.5,4.5,1.2,,,25.0,0.7,,,South Indian food dataset
SIF-0327,Roasted Chana Chutney,South Indian,Chutneys & Podis,South India,1 serving (~30g),70.0,2.0,5.5,4.5,1.2,,,25.0,0.7,,,South Indian food dataset
SIF-0328,Coconut Coriander Chutney,South Indian,Chutneys & Podis,South India,1 serving (~30g),70.0,2.0,5.5,4.5,1.2,,,25.0,0.7,,,South Indian food dataset
SIF-0329,Mango Chutney (Raw),South Indian,Chutneys & Podis,South India,1 serving (~30g),70.0,2.0,5.5,4.5,1.2,,,25.0,0.7,,,South Indian food dataset
SIF-0330,Capsicum Chutney,South Indian,Chutneys & Podis,South India,1 serving (~30g),70.0,2.0,5.5,4.5,1.2,,,25.0,0.7,,,South Indian food dataset
SIF-0331,Beetroot Chutney,South Indian,Chutneys & Podis,South India,1 serving (~30g),70.0,2.0,5.5,4.5,1.2,,,25.0,0.7,,,South Indian food dataset
SIF-0332,Carrot Chutney,South Indian,Chutneys & Podis,South India,1 serving (~30g),70.0,2.0,5.5,4.5,1.2,,,25.0,0.7,,,South Indian food dataset
SIF-0333,Cabbage Chutney,South Indian,Chutneys & Podis,South India,1 serving (~30g),70.0,2.0,5.5,4.5,1.2,,,25.0,0.7,,,South Indian food dataset
SIF-0334,Brinjal Chutney (Vankaya Pachadi),South Indian,Chutneys & Podis,South India,1 serving (~30g),70.0,2.0,5.5,4.5,1.2,,,25.0,0.7,,,South Indian food dataset
SIF-0335,Drumstick Leaves Chutney,South Indian,Chutneys & Podis,South India,1 serving (~30g),70.0,2.0,5.5,4.5,1.2,,,25.0,0.7,,,South Indian food dataset
SIF-0336,Radish Chutney,South Indian,Chutneys & Podis,South India,1 serving (~30g),70.0,2.0,5.5,4.5,1.2,,,25.0,0.7,,,South Indian food dataset
SIF-0337,Kothamalli Thogayal,South Indian,Chutneys & Podis,South India,1 serving (~30g),70.0,2.0,5.5,4.5,1.2,,,25.0,0.7,,,South Indian food dataset
SIF-0338,Milagai Thogayal,South Indian,Chutneys & Podis,South India,1 serving (~30g),70.0,2.0,5.5,4.5,1.2,,,25.0,0.7,,,South Indian food dataset
SIF-0339,Poondu Thogayal (Garlic Thogayal),South Indian,Chutneys & Podis,South India,1 serving (~30g),70.0,2.0,5.5,4.5,1.2,,,25.0,0.7,,,South Indian food dataset
SIF-0340,Manathakkali Thogayal,South Indian,Chutneys & Podis,South India,1 serving (~30g),70.0,2.0,5.5,4.5,1.2,,,25.0,0.7,,,South Indian food dataset
SIF-0341,Vendaya Thogayal,South Indian,Chutneys & Podis,South India,1 serving (~30g),70.0,2.0,5.5,4.5,1.2,,,25.0,0.7,,,South Indian food dataset
SIF-0342,Paruppu Thogayal,South Indian,Chutneys & Podis,South India,1 serving (~30g),70.0,2.0,5.5,4.5,1.2,,,25.0,0.7,,,South Indian food dataset
SIF-0343,Kovakkai Thogayal,South Indian,Chutneys & Podis,South India,1 serving (~30g),70.0,2.0,5.5,4.5,1.2,,,25.0,0.7,,,South Indian food dataset
SIF-0344,Idli Podi (Gunpowder),South Indian,Chutneys & Podis,South India,1 serving (~30g),70.0,2.0,5.5,4.5,1.2,,,25.0,0.7,,,South Indian food dataset
SIF-0345,Milagai Podi,South Indian,Chutneys & Podis,South India,1 serving (~30g),70.0,2.0,5.5,4.5,1.2,,,25.0,0.7,,,South Indian food dataset
SIF-0346,Sambar Podi,South Indian,Chutneys & Podis,South India,1 serving (~30g),70.0,2.0,5.5,4.5,1.2,,,25.0,0.7,,,South Indian food dataset
SIF-0347,Rasam Podi,South Indian,Chutneys & Podis,South India,1 serving (~30g),70.0,2.0,5.5,4.5,1.2,,,25.0,0.7,,,South Indian food dataset
SIF-0348,Curry Powder (South Indian),South Indian,Chutneys & Podis,South India,1 serving (~30g),70.0,2.0,5.5,4.5,1.2,,,25.0,0.7,,,South Indian food dataset
SIF-0349,Lime Pickle (South Indian),South Indian,Pickles,South India,1 tbsp (~15g),48.0,0.8,4.5,3.0,0.6,,,10.0,0.5,,,South Indian food dataset
SIF-0350,Gongura Pickle,South Indian,Pickles,South India,1 tbsp (~15g),48.0,0.8,4.5,3.0,0.6,,,10.0,0.5,,,South Indian food dataset
SIF-0351,Ginger Pickle (South),South Indian,Pickles,South India,1 tbsp (~15g),48.0,0.8,4.5,3.0,0.6,,,10.0,0.5,,,South Indian food dataset
SIF-0352,Garlic Pickle (South),South Indian,Pickles,South India,1 tbsp (~15g),48.0,0.8,4.5,3.0,0.6,,,10.0,0.5,,,South Indian food dataset
SIF-0353,Green Chilli Pickle (South),South Indian,Pickles,South India,1 tbsp (~15g),48.0,0.8,4.5,3.0,0.6,,,10.0,0.5,,,South Indian food dataset
SIF-0354,Amla Pickle (South),South Indian,Pickles,South India,1 tbsp (~15g),48.0,0.8,4.5,3.0,0.6,,,10.0,0.5,,,South Indian food dataset
SIF-0355,Prawn Pickle,South Indian,Pickles,South India,1 tbsp (~15g),48.0,0.8,4.5,3.0,0.6,,,10.0,0.5,,,South Indian food dataset
SIF-0356,Fish Pickle (Kerala),South Indian,Pickles,South India,1 tbsp (~15g),48.0,0.8,4.5,3.0,0.6,,,10.0,0.5,,,South Indian food dataset
SIF-0357,Bitter Gourd Pickle,South Indian,Pickles,South India,1 tbsp (~15g),48.0,0.8,4.5,3.0,0.6,,,10.0,0.5,,,South Indian food dataset
SIF-0358,Tomato Thokku,South Indian,Pickles,South India,1 tbsp (~15g),48.0,0.8,4.5,3.0,0.6,,,10.0,0.5,,,South Indian food dataset
SIF-0359,Vadumangai Pickle (Baby Mango),South Indian,Pickles,South India,1 tbsp (~15g),48.0,0.8,4.5,3.0,0.6,,,10.0,0.5,,,South Indian food dataset
SIF-0360,Narthangai Pickle (Citron Pickle),South Indian,Pickles,South India,1 tbsp (~15g),48.0,0.8,4.5,3.0,0.6,,,10.0,0.5,,,South Indian food dataset
SIF-0361,Usili Podi Pickle,South Indian,Pickles,South India,1 tbsp (~15g),48.0,0.8,4.5,3.0,0.6,,,10.0,0.5,,,South Indian food dataset
SIF-0362,Karuveppilai Podi Pickle,South Indian,Pickles,South India,1 tbsp (~15g),48.0,0.8,4.5,3.0,0.6,,,10.0,0.5,,,South Indian food dataset
SIF-0363,Idli Milagai Podi Pickle Style,South Indian,Pickles,South India,1 tbsp (~15g),48.0,0.8,4.5,3.0,0.6,,,10.0,0.5,,,South Indian food dataset
SIF-0364,Murukku (Plain),South Indian,Snacks,South India,100g,470.0,7.5,50.0,26.0,3.0,,,55.0,2.3,,,South Indian food dataset
SIF-0365,Butter Murukku,South Indian,Snacks,South India,100g,470.0,7.5,50.0,26.0,3.0,,,55.0,2.3,,,South Indian food dataset
SIF-0366,Kai Murukku,South Indian,Snacks,South India,100g,470.0,7.5,50.0,26.0,3.0,,,55.0,2.3,,,South Indian food dataset
SIF-0367,Ribbon Pakoda,South Indian,Snacks,South India,100g,470.0,7.5,50.0,26.0,3.0,,,55.0,2.3,,,South Indian food dataset
SIF-0368,Thattai,South Indian,Snacks,South India,100g,470.0,7.5,50.0,26.0,3.0,,,55.0,2.3,,,South Indian food dataset
SIF-0369,Seedai,South Indian,Snacks,South India,100g,470.0,7.5,50.0,26.0,3.0,,,55.0,2.3,,,South Indian food dataset
SIF-0370,Uppu Seedai,South Indian,Snacks,South India,100g,470.0,7.5,50.0,26.0,3.0,,,55.0,2.3,,,South Indian food dataset
SIF-0371,Vella Seedai,South Indian,Snacks,South India,100g,470.0,7.5,50.0,26.0,3.0,,,55.0,2.3,,,South Indian food dataset
SIF-0372,Mixture (South Indian),South Indian,Snacks,South India,100g,470.0,7.5,50.0,26.0,3.0,,,55.0,2.3,,,South Indian food dataset
SIF-0373,Chekkalu,South Indian,Snacks,South India,100g,470.0,7.5,50.0,26.0,3.0,,,55.0,2.3,,,South Indian food dataset
SIF-0374,Karam Boondi,South Indian,Snacks,South India,100g,470.0,7.5,50.0,26.0,3.0,,,55.0,2.3,,,South Indian food dataset
SIF-0375,Goli Baje,South Indian,Snacks,South India,100g,470.0,7.5,50.0,26.0,3.0,,,55.0,2.3,,,South Indian food dataset
SIF-0376,Mangalore Buns,South Indian,Snacks,South India,100g,470.0,7.5,50.0,26.0,3.0,,,55.0,2.3,,,South Indian food dataset
SIF-0377,Congress Kadalai,South Indian,Snacks,South India,100g,470.0,7.5,50.0,26.0,3.0,,,55.0,2.3,,,South Indian food dataset
SIF-0378,Kodubale,South Indian,Snacks,South India,100g,470.0,7.5,50.0,26.0,3.0,,,55.0,2.3,,,South Indian food dataset
SIF-0379,Nippat,South Indian,Snacks,South India,100g,470.0,7.5,50.0,26.0,3.0,,,55.0,2.3,,,South Indian food dataset
SIF-0380,Chegodilu,South Indian,Snacks,South India,100g,470.0,7.5,50.0,26.0,3.0,,,55.0,2.3,,,South Indian food dataset
SIF-0381,Janthikalu,South Indian,Snacks,South India,100g,470.0,7.5,50.0,26.0,3.0,,,55.0,2.3,,,South Indian food dataset
SIF-0382,"Pakoda (Onion, South style)",South Indian,Snacks,South India,100g,470.0,7.5,50.0,26.0,3.0,,,55.0,2.3,,,South Indian food dataset
SIF-0383,Punugulu,South Indian,Snacks,South India,100g,470.0,7.5,50.0,26.0,3.0,,,55.0,2.3,,,South Indian food dataset
SIF-0384,Garelu (Andhra Vada),South Indian,Snacks,South India,100g,470.0,7.5,50.0,26.0,3.0,,,55.0,2.3,,,South Indian food dataset
SIF-0385,Sunnundalu (savory version),South Indian,Snacks,South India,100g,470.0,7.5,50.0,26.0,3.0,,,55.0,2.3,,,South Indian food dataset
SIF-0386,Boorelu (savory),South Indian,Snacks,South India,100g,470.0,7.5,50.0,26.0,3.0,,,55.0,2.3,,,South Indian food dataset
SIF-0387,Pesara Garelu,South Indian,Snacks,South India,100g,470.0,7.5,50.0,26.0,3.0,,,55.0,2.3,,,South Indian food dataset
SIF-0388,Minapa Garelu,South Indian,Snacks,South India,100g,470.0,7.5,50.0,26.0,3.0,,,55.0,2.3,,,South Indian food dataset
SIF-0389,Vada Curry,South Indian,Snacks,South India,100g,470.0,7.5,50.0,26.0,3.0,,,55.0,2.3,,,South Indian food dataset
SIF-0390,Paruppu Vadai Snack,South Indian,Snacks,South India,100g,470.0,7.5,50.0,26.0,3.0,,,55.0,2.3,,,South Indian food dataset
SIF-0391,Banana Chips (Kerala),South Indian,Snacks,South India,100g,470.0,7.5,50.0,26.0,3.0,,,55.0,2.3,,,South Indian food dataset
SIF-0392,Jackfruit Chips (Kerala),South Indian,Snacks,South India,100g,470.0,7.5,50.0,26.0,3.0,,,55.0,2.3,,,South Indian food dataset
SIF-0393,Tapioca Chips (Kerala),South Indian,Snacks,South India,100g,470.0,7.5,50.0,26.0,3.0,,,55.0,2.3,,,South Indian food dataset
SIF-0394,Sharkara Upperi,South Indian,Snacks,South India,100g,470.0,7.5,50.0,26.0,3.0,,,55.0,2.3,,,South Indian food dataset
SIF-0395,Kai Bajji,South Indian,Snacks,South India,100g,470.0,7.5,50.0,26.0,3.0,,,55.0,2.3,,,South Indian food dataset
SIF-0396,Mysore Pak Snack Style,South Indian,Snacks,South India,100g,470.0,7.5,50.0,26.0,3.0,,,55.0,2.3,,,South Indian food dataset
SIF-0397,Mixture Chivda South,South Indian,Snacks,South India,100g,470.0,7.5,50.0,26.0,3.0,,,55.0,2.3,,,South Indian food dataset
SIF-0398,Ellu Murukku (Sesame Murukku),South Indian,Snacks,South India,100g,470.0,7.5,50.0,26.0,3.0,,,55.0,2.3,,,South Indian food dataset
SIF-0399,Thenkuzhal,South Indian,Snacks,South India,100g,470.0,7.5,50.0,26.0,3.0,,,55.0,2.3,,,South Indian food dataset
SIF-0400,Manoharam,South Indian,Snacks,South India,100g,470.0,7.5,50.0,26.0,3.0,,,55.0,2.3,,,South Indian food dataset
SIF-0401,Verkadalai Urundai (Peanut Ball),South Indian,Snacks,South India,100g,470.0,7.5,50.0,26.0,3.0,,,55.0,2.3,,,South Indian food dataset
SIF-0402,Ellu Urundai (Sesame Ball),South Indian,Snacks,South India,100g,470.0,7.5,50.0,26.0,3.0,,,55.0,2.3,,,South Indian food dataset
SIF-0403,Payasam (Semiya),South Indian,Sweets,South India,100g,370.0,5.0,48.0,17.5,1.0,,,75.0,1.0,,,South Indian food dataset
SIF-0404,Payasam (Paal Payasam),South Indian,Sweets,South India,100g,370.0,5.0,48.0,17.5,1.0,,,75.0,1.0,,,South Indian food dataset
SIF-0405,Ada Pradhaman,South Indian,Sweets,South India,100g,370.0,5.0,48.0,17.5,1.0,,,75.0,1.0,,,South Indian food dataset
SIF-0406,Parippu Payasam,South Indian,Sweets,South India,100g,370.0,5.0,48.0,17.5,1.0,,,75.0,1.0,,,South Indian food dataset
SIF-0407,Chakka Pradhaman (Jackfruit Payasam),South Indian,Sweets,South India,100g,370.0,5.0,48.0,17.5,1.0,,,75.0,1.0,,,South Indian food dataset
SIF-0408,Gothambu Payasam (Wheat Payasam),South Indian,Sweets,South India,100g,370.0,5.0,48.0,17.5,1.0,,,75.0,1.0,,,South Indian food dataset
SIF-0409,Rava Kesari,South Indian,Sweets,South India,100g,370.0,5.0,48.0,17.5,1.0,,,75.0,1.0,,,South Indian food dataset
SIF-0410,Semiya Kesari,South Indian,Sweets,South India,100g,370.0,5.0,48.0,17.5,1.0,,,75.0,1.0,,,South Indian food dataset
SIF-0411,"Pongal (Sweet, Sakkarai Pongal)",South Indian,Sweets,South India,100g,370.0,5.0,48.0,17.5,1.0,,,75.0,1.0,,,South Indian food dataset
SIF-0412,Adhirasam,South Indian,Sweets,South India,100g,370.0,5.0,48.0,17.5,1.0,,,75.0,1.0,,,South Indian food dataset
SIF-0413,Mysore Pak,South Indian,Sweets,South India,100g,370.0,5.0,48.0,17.5,1.0,,,75.0,1.0,,,South Indian food dataset
SIF-0414,Boondi Ladoo (South),South Indian,Sweets,South India,100g,370.0,5.0,48.0,17.5,1.0,,,75.0,1.0,,,South Indian food dataset
SIF-0415,Rava Ladoo,South Indian,Sweets,South India,100g,370.0,5.0,48.0,17.5,1.0,,,75.0,1.0,,,South Indian food dataset
SIF-0416,Coconut Ladoo,South Indian,Sweets,South India,100g,370.0,5.0,48.0,17.5,1.0,,,75.0,1.0,,,South Indian food dataset
SIF-0417,Nei Urundai (Ghee Ball),South Indian,Sweets,South India,100g,370.0,5.0,48.0,17.5,1.0,,,75.0,1.0,,,South Indian food dataset
SIF-0418,Ellu Urundai,South Indian,Sweets,South India,100g,370.0,5.0,48.0,17.5,1.0,,,75.0,1.0,,,South Indian food dataset
SIF-0419,Poornam Boorelu,South Indian,Sweets,South India,100g,370.0,5.0,48.0,17.5,1.0,,,75.0,1.0,,,South Indian food dataset
SIF-0420,Kajjikayalu,South Indian,Sweets,South India,100g,370.0,5.0,48.0,17.5,1.0,,,75.0,1.0,,,South Indian food dataset
SIF-0421,Sunnundalu,South Indian,Sweets,South India,100g,370.0,5.0,48.0,17.5,1.0,,,75.0,1.0,,,South Indian food dataset
SIF-0422,Bandar Ladoo,South Indian,Sweets,South India,100g,370.0,5.0,48.0,17.5,1.0,,,75.0,1.0,,,South Indian food dataset
SIF-0423,Kova Sweet,South Indian,Sweets,South India,100g,370.0,5.0,48.0,17.5,1.0,,,75.0,1.0,,,South Indian food dataset
SIF-0424,Palkova,South Indian,Sweets,South India,100g,370.0,5.0,48.0,17.5,1.0,,,75.0,1.0,,,South Indian food dataset
SIF-0425,Milk Peda (South style),South Indian,Sweets,South India,100g,370.0,5.0,48.0,17.5,1.0,,,75.0,1.0,,,South Indian food dataset
SIF-0426,Basundi (South style),South Indian,Sweets,South India,100g,370.0,5.0,48.0,17.5,1.0,,,75.0,1.0,,,South Indian food dataset
SIF-0427,Halwa (Tirunelveli style),South Indian,Sweets,South India,100g,370.0,5.0,48.0,17.5,1.0,,,75.0,1.0,,,South Indian food dataset
SIF-0428,Karachi Halwa (South popular),South Indian,Sweets,South India,100g,370.0,5.0,48.0,17.5,1.0,,,75.0,1.0,,,South Indian food dataset
SIF-0429,Dharwad Peda,South Indian,Sweets,South India,100g,370.0,5.0,48.0,17.5,1.0,,,75.0,1.0,,,South Indian food dataset
SIF-0430,Mysore Peda,South Indian,Sweets,South India,100g,370.0,5.0,48.0,17.5,1.0,,,75.0,1.0,,,South Indian food dataset
SIF-0431,Chiroti,South Indian,Sweets,South India,100g,370.0,5.0,48.0,17.5,1.0,,,75.0,1.0,,,South Indian food dataset
SIF-0432,Belgaum Kunda,South Indian,Sweets,South India,100g,370.0,5.0,48.0,17.5,1.0,,,75.0,1.0,,,South Indian food dataset
SIF-0433,Athirasam,South Indian,Sweets,South India,100g,370.0,5.0,48.0,17.5,1.0,,,75.0,1.0,,,South Indian food dataset
SIF-0434,Neyyappam (Sweet),South Indian,Sweets,South India,100g,370.0,5.0,48.0,17.5,1.0,,,75.0,1.0,,,South Indian food dataset
SIF-0435,Unniyappam (Sweet),South Indian,Sweets,South India,100g,370.0,5.0,48.0,17.5,1.0,,,75.0,1.0,,,South Indian food dataset
SIF-0436,Chakkarai Pongal,South Indian,Sweets,South India,100g,370.0,5.0,48.0,17.5,1.0,,,75.0,1.0,,,South Indian food dataset
SIF-0437,Verkadalai Mittai (Peanut Chikki),South Indian,Sweets,South India,100g,370.0,5.0,48.0,17.5,1.0,,,75.0,1.0,,,South Indian food dataset
SIF-0438,Ellu Mittai (Sesame Chikki),South Indian,Sweets,South India,100g,370.0,5.0,48.0,17.5,1.0,,,75.0,1.0,,,South Indian food dataset
SIF-0439,Kadalai Mittai,South Indian,Sweets,South India,100g,370.0,5.0,48.0,17.5,1.0,,,75.0,1.0,,,South Indian food dataset
SIF-0440,Poli (Sweet Flatbread),South Indian,Sweets,South India,100g,370.0,5.0,48.0,17.5,1.0,,,75.0,1.0,,,South Indian food dataset
SIF-0441,Puran Poli South Style,South Indian,Sweets,South India,100g,370.0,5.0,48.0,17.5,1.0,,,75.0,1.0,,,South Indian food dataset
SIF-0442,Obbattu,South Indian,Sweets,South India,100g,370.0,5.0,48.0,17.5,1.0,,,75.0,1.0,,,South Indian food dataset
SIF-0443,Holige,South Indian,Sweets,South India,100g,370.0,5.0,48.0,17.5,1.0,,,75.0,1.0,,,South Indian food dataset
SIF-0444,Chettinad Chicken Curry,South Indian,Non-Veg - Tamil Nadu,Tamil Nadu,100g,210.0,17.0,6.0,13.5,0.6,,,25.0,1.7,,,South Indian food dataset
SIF-0445,Chettinad Mutton Curry,South Indian,Non-Veg - Tamil Nadu,Tamil Nadu,100g,210.0,17.0,6.0,13.5,0.6,,,25.0,1.7,,,South Indian food dataset
SIF-0446,Chettinad Fish Curry,South Indian,Non-Veg - Tamil Nadu,Tamil Nadu,100g,210.0,17.0,6.0,13.5,0.6,,,25.0,1.7,,,South Indian food dataset
SIF-0447,Chettinad Prawn Curry,South Indian,Non-Veg - Tamil Nadu,Tamil Nadu,100g,210.0,17.0,6.0,13.5,0.6,,,25.0,1.7,,,South Indian food dataset
SIF-0448,Chettinad Egg Curry,South Indian,Non-Veg - Tamil Nadu,Tamil Nadu,100g,210.0,17.0,6.0,13.5,0.6,,,25.0,1.7,,,South Indian food dataset
SIF-0449,Chettinad Pepper Chicken,South Indian,Non-Veg - Tamil Nadu,Tamil Nadu,100g,210.0,17.0,6.0,13.5,0.6,,,25.0,1.7,,,South Indian food dataset
SIF-0450,Nattukozhi Kuzhambu (Country Chicken Curry),South Indian,Non-Veg - Tamil Nadu,Tamil Nadu,100g,210.0,17.0,6.0,13.5,0.6,,,25.0,1.7,,,South Indian food dataset
SIF-0451,Kola Urundai (Meat Balls),South Indian,Non-Veg - Tamil Nadu,Tamil Nadu,100g,210.0,17.0,6.0,13.5,0.6,,,25.0,1.7,,,South Indian food dataset
SIF-0452,Chicken Chukka (Tamil style),South Indian,Non-Veg - Tamil Nadu,Tamil Nadu,100g,210.0,17.0,6.0,13.5,0.6,,,25.0,1.7,,,South Indian food dataset
SIF-0453,Mutton Chukka,South Indian,Non-Veg - Tamil Nadu,Tamil Nadu,100g,210.0,17.0,6.0,13.5,0.6,,,25.0,1.7,,,South Indian food dataset
SIF-0454,Sura Puttu (Shark Fish),South Indian,Non-Veg - Tamil Nadu,Tamil Nadu,100g,210.0,17.0,6.0,13.5,0.6,,,25.0,1.7,,,South Indian food dataset
SIF-0455,Meen Kuzhambu (Fish Curry),South Indian,Non-Veg - Tamil Nadu,Tamil Nadu,100g,210.0,17.0,6.0,13.5,0.6,,,25.0,1.7,,,South Indian food dataset
SIF-0456,Prawn Masala (Tamil),South Indian,Non-Veg - Tamil Nadu,Tamil Nadu,100g,210.0,17.0,6.0,13.5,0.6,,,25.0,1.7,,,South Indian food dataset
SIF-0457,Crab Masala (Tamil),South Indian,Non-Veg - Tamil Nadu,Tamil Nadu,100g,210.0,17.0,6.0,13.5,0.6,,,25.0,1.7,,,South Indian food dataset
SIF-0458,Chicken 65 (Chennai style),South Indian,Non-Veg - Tamil Nadu,Tamil Nadu,100g,210.0,17.0,6.0,13.5,0.6,,,25.0,1.7,,,South Indian food dataset
SIF-0459,Mutton Sukka,South Indian,Non-Veg - Tamil Nadu,Tamil Nadu,100g,210.0,17.0,6.0,13.5,0.6,,,25.0,1.7,,,South Indian food dataset
SIF-0460,Chicken Varuval,South Indian,Non-Veg - Tamil Nadu,Tamil Nadu,100g,210.0,17.0,6.0,13.5,0.6,,,25.0,1.7,,,South Indian food dataset
SIF-0461,Mutton Varuval,South Indian,Non-Veg - Tamil Nadu,Tamil Nadu,100g,210.0,17.0,6.0,13.5,0.6,,,25.0,1.7,,,South Indian food dataset
SIF-0462,Fish Varuval,South Indian,Non-Veg - Tamil Nadu,Tamil Nadu,100g,210.0,17.0,6.0,13.5,0.6,,,25.0,1.7,,,South Indian food dataset
SIF-0463,Egg Kurma,South Indian,Non-Veg - Tamil Nadu,Tamil Nadu,100g,210.0,17.0,6.0,13.5,0.6,,,25.0,1.7,,,South Indian food dataset
SIF-0464,Chicken Kurma (Tamil style),South Indian,Non-Veg - Tamil Nadu,Tamil Nadu,100g,210.0,17.0,6.0,13.5,0.6,,,25.0,1.7,,,South Indian food dataset
SIF-0465,Mutton Kurma,South Indian,Non-Veg - Tamil Nadu,Tamil Nadu,100g,210.0,17.0,6.0,13.5,0.6,,,25.0,1.7,,,South Indian food dataset
SIF-0466,Kerala Fish Curry,South Indian,Non-Veg - Kerala,Kerala,100g,205.0,15.5,6.5,13.0,0.7,,,30.0,1.6,,,South Indian food dataset
SIF-0467,Meen Pollichathu,South Indian,Non-Veg - Kerala,Kerala,100g,205.0,15.5,6.5,13.0,0.7,,,30.0,1.6,,,South Indian food dataset
SIF-0468,Karimeen Pollichathu,South Indian,Non-Veg - Kerala,Kerala,100g,205.0,15.5,6.5,13.0,0.7,,,30.0,1.6,,,South Indian food dataset
SIF-0469,Chemmeen Curry (Prawn Curry),South Indian,Non-Veg - Kerala,Kerala,100g,205.0,15.5,6.5,13.0,0.7,,,30.0,1.6,,,South Indian food dataset
SIF-0470,Chemmeen Roast,South Indian,Non-Veg - Kerala,Kerala,100g,205.0,15.5,6.5,13.0,0.7,,,30.0,1.6,,,South Indian food dataset
SIF-0471,Kerala Chicken Curry,South Indian,Non-Veg - Kerala,Kerala,100g,205.0,15.5,6.5,13.0,0.7,,,30.0,1.6,,,South Indian food dataset
SIF-0472,Kerala Chicken Stew,South Indian,Non-Veg - Kerala,Kerala,100g,205.0,15.5,6.5,13.0,0.7,,,30.0,1.6,,,South Indian food dataset
SIF-0473,Kerala Mutton Stew,South Indian,Non-Veg - Kerala,Kerala,100g,205.0,15.5,6.5,13.0,0.7,,,30.0,1.6,,,South Indian food dataset
SIF-0474,Beef Fry (Kerala),South Indian,Non-Veg - Kerala,Kerala,100g,205.0,15.5,6.5,13.0,0.7,,,30.0,1.6,,,South Indian food dataset
SIF-0475,Beef Ularthiyathu,South Indian,Non-Veg - Kerala,Kerala,100g,205.0,15.5,6.5,13.0,0.7,,,30.0,1.6,,,South Indian food dataset
SIF-0476,Duck Roast (Kerala),South Indian,Non-Veg - Kerala,Kerala,100g,205.0,15.5,6.5,13.0,0.7,,,30.0,1.6,,,South Indian food dataset
SIF-0477,Malabar Fish Curry,South Indian,Non-Veg - Kerala,Kerala,100g,205.0,15.5,6.5,13.0,0.7,,,30.0,1.6,,,South Indian food dataset
SIF-0478,Kottayam Fish Curry,South Indian,Non-Veg - Kerala,Kerala,100g,205.0,15.5,6.5,13.0,0.7,,,30.0,1.6,,,South Indian food dataset
SIF-0479,Meen Moilee (Fish Molee),South Indian,Non-Veg - Kerala,Kerala,100g,205.0,15.5,6.5,13.0,0.7,,,30.0,1.6,,,South Indian food dataset
SIF-0480,Njandu Curry (Crab Curry),South Indian,Non-Veg - Kerala,Kerala,100g,205.0,15.5,6.5,13.0,0.7,,,30.0,1.6,,,South Indian food dataset
SIF-0481,Kanava Roast (Squid Roast),South Indian,Non-Veg - Kerala,Kerala,100g,205.0,15.5,6.5,13.0,0.7,,,30.0,1.6,,,South Indian food dataset
SIF-0482,Kerala Egg Roast,South Indian,Non-Veg - Kerala,Kerala,100g,205.0,15.5,6.5,13.0,0.7,,,30.0,1.6,,,South Indian food dataset
SIF-0483,Nadan Chicken Curry,South Indian,Non-Veg - Kerala,Kerala,100g,205.0,15.5,6.5,13.0,0.7,,,30.0,1.6,,,South Indian food dataset
SIF-0484,Chicken Ularthiyathu,South Indian,Non-Veg - Kerala,Kerala,100g,205.0,15.5,6.5,13.0,0.7,,,30.0,1.6,,,South Indian food dataset
SIF-0485,Mutton Ularthiyathu,South Indian,Non-Veg - Kerala,Kerala,100g,205.0,15.5,6.5,13.0,0.7,,,30.0,1.6,,,South Indian food dataset
SIF-0486,Kappa with Fish Curry Combo,South Indian,Non-Veg - Kerala,Kerala,100g,205.0,15.5,6.5,13.0,0.7,,,30.0,1.6,,,South Indian food dataset
SIF-0487,Meen Varuthathu (Fried Fish),South Indian,Non-Veg - Kerala,Kerala,100g,205.0,15.5,6.5,13.0,0.7,,,30.0,1.6,,,South Indian food dataset
SIF-0488,Karimeen Fry,South Indian,Non-Veg - Kerala,Kerala,100g,205.0,15.5,6.5,13.0,0.7,,,30.0,1.6,,,South Indian food dataset
SIF-0489,Prawn Ularthiyathu,South Indian,Non-Veg - Kerala,Kerala,100g,205.0,15.5,6.5,13.0,0.7,,,30.0,1.6,,,South Indian food dataset
SIF-0490,Malabar Prawn Biryani Combo,South Indian,Non-Veg - Kerala,Kerala,100g,205.0,15.5,6.5,13.0,0.7,,,30.0,1.6,,,South Indian food dataset
SIF-0491,Mangalorean Fish Curry,South Indian,Non-Veg - Karnataka,Karnataka,100g,210.0,16.0,7.0,13.5,0.7,,,28.0,1.6,,,South Indian food dataset
SIF-0492,Kori Gassi (Chicken Curry),South Indian,Non-Veg - Karnataka,Karnataka,100g,210.0,16.0,7.0,13.5,0.7,,,28.0,1.6,,,South Indian food dataset
SIF-0493,Kori Rotti Combo,South Indian,Non-Veg - Karnataka,Karnataka,100g,210.0,16.0,7.0,13.5,0.7,,,28.0,1.6,,,South Indian food dataset
SIF-0494,Mangalorean Prawn Ghee Roast,South Indian,Non-Veg - Karnataka,Karnataka,100g,210.0,16.0,7.0,13.5,0.7,,,28.0,1.6,,,South Indian food dataset
SIF-0495,Chicken Ghee Roast,South Indian,Non-Veg - Karnataka,Karnataka,100g,210.0,16.0,7.0,13.5,0.7,,,28.0,1.6,,,South Indian food dataset
SIF-0496,Mutton Ghee Roast,South Indian,Non-Veg - Karnataka,Karnataka,100g,210.0,16.0,7.0,13.5,0.7,,,28.0,1.6,,,South Indian food dataset
SIF-0497,Coorg Pandi Curry (Pork Curry),South Indian,Non-Veg - Karnataka,Karnataka,100g,210.0,16.0,7.0,13.5,0.7,,,28.0,1.6,,,South Indian food dataset
SIF-0498,Coorg Chicken Curry,South Indian,Non-Veg - Karnataka,Karnataka,100g,210.0,16.0,7.0,13.5,0.7,,,28.0,1.6,,,South Indian food dataset
SIF-0499,Bunt Style Chicken Sukka,South Indian,Non-Veg - Karnataka,Karnataka,100g,210.0,16.0,7.0,13.5,0.7,,,28.0,1.6,,,South Indian food dataset
SIF-0500,Mangalorean Squid Curry,South Indian,Non-Veg - Karnataka,Karnataka,100g,210.0,16.0,7.0,13.5,0.7,,,28.0,1.6,,,South Indian food dataset
SIF-0501,Neer Dosa with Chicken Curry Combo,South Indian,Non-Veg - Karnataka,Karnataka,100g,210.0,16.0,7.0,13.5,0.7,,,28.0,1.6,,,South Indian food dataset
SIF-0502,Kundapur Chicken,South Indian,Non-Veg - Karnataka,Karnataka,100g,210.0,16.0,7.0,13.5,0.7,,,28.0,1.6,,,South Indian food dataset
SIF-0503,Bangude Pulimunchi (Mackerel Curry),South Indian,Non-Veg - Karnataka,Karnataka,100g,210.0,16.0,7.0,13.5,0.7,,,28.0,1.6,,,South Indian food dataset
SIF-0504,Karnataka Mutton Curry,South Indian,Non-Veg - Karnataka,Karnataka,100g,210.0,16.0,7.0,13.5,0.7,,,28.0,1.6,,,South Indian food dataset
SIF-0505,North Karnataka Chicken Curry,South Indian,Non-Veg - Karnataka,Karnataka,100g,210.0,16.0,7.0,13.5,0.7,,,28.0,1.6,,,South Indian food dataset
SIF-0506,Nati Koli Saaru (Country Chicken Curry),South Indian,Non-Veg - Karnataka,Karnataka,100g,210.0,16.0,7.0,13.5,0.7,,,28.0,1.6,,,South Indian food dataset
SIF-0507,Kane Fry (Ladyfish Fry),South Indian,Non-Veg - Karnataka,Karnataka,100g,210.0,16.0,7.0,13.5,0.7,,,28.0,1.6,,,South Indian food dataset
SIF-0508,Anjal Fry (Kingfish Fry),South Indian,Non-Veg - Karnataka,Karnataka,100g,210.0,16.0,7.0,13.5,0.7,,,28.0,1.6,,,South Indian food dataset
SIF-0509,Andhra Chicken Curry,South Indian,Non-Veg - Andhra/Telangana,Andhra Pradesh/Telangana,100g,215.0,16.5,7.5,14.0,0.7,,,25.0,1.8,,,South Indian food dataset
SIF-0510,Andhra Mutton Curry,South Indian,Non-Veg - Andhra/Telangana,Andhra Pradesh/Telangana,100g,215.0,16.5,7.5,14.0,0.7,,,25.0,1.8,,,South Indian food dataset
SIF-0511,Guntur Chicken,South Indian,Non-Veg - Andhra/Telangana,Andhra Pradesh/Telangana,100g,215.0,16.5,7.5,14.0,0.7,,,25.0,1.8,,,South Indian food dataset
SIF-0512,Gongura Chicken,South Indian,Non-Veg - Andhra/Telangana,Andhra Pradesh/Telangana,100g,215.0,16.5,7.5,14.0,0.7,,,25.0,1.8,,,South Indian food dataset
SIF-0513,Gongura Mutton,South Indian,Non-Veg - Andhra/Telangana,Andhra Pradesh/Telangana,100g,215.0,16.5,7.5,14.0,0.7,,,25.0,1.8,,,South Indian food dataset
SIF-0514,Kodi Vepudu (Andhra Chicken Fry),South Indian,Non-Veg - Andhra/Telangana,Andhra Pradesh/Telangana,100g,215.0,16.5,7.5,14.0,0.7,,,25.0,1.8,,,South Indian food dataset
SIF-0515,Chepala Pulusu (Fish Curry),South Indian,Non-Veg - Andhra/Telangana,Andhra Pradesh/Telangana,100g,215.0,16.5,7.5,14.0,0.7,,,25.0,1.8,,,South Indian food dataset
SIF-0516,Royyala Iguru (Prawn Curry),South Indian,Non-Veg - Andhra/Telangana,Andhra Pradesh/Telangana,100g,215.0,16.5,7.5,14.0,0.7,,,25.0,1.8,,,South Indian food dataset
SIF-0517,Natu Kodi Pulusu (Country Chicken Curry),South Indian,Non-Veg - Andhra/Telangana,Andhra Pradesh/Telangana,100g,215.0,16.5,7.5,14.0,0.7,,,25.0,1.8,,,South Indian food dataset
SIF-0518,Hyderabadi Chicken Curry,South Indian,Non-Veg - Andhra/Telangana,Andhra Pradesh/Telangana,100g,215.0,16.5,7.5,14.0,0.7,,,25.0,1.8,,,South Indian food dataset
SIF-0519,Hyderabadi Mutton Curry,South Indian,Non-Veg - Andhra/Telangana,Andhra Pradesh/Telangana,100g,215.0,16.5,7.5,14.0,0.7,,,25.0,1.8,,,South Indian food dataset
SIF-0520,Bagara Baingan Combo,South Indian,Non-Veg - Andhra/Telangana,Andhra Pradesh/Telangana,100g,215.0,16.5,7.5,14.0,0.7,,,25.0,1.8,,,South Indian food dataset
SIF-0521,Chicken Kheema,South Indian,Non-Veg - Andhra/Telangana,Andhra Pradesh/Telangana,100g,215.0,16.5,7.5,14.0,0.7,,,25.0,1.8,,,South Indian food dataset
SIF-0522,Mutton Kheema,South Indian,Non-Veg - Andhra/Telangana,Andhra Pradesh/Telangana,100g,215.0,16.5,7.5,14.0,0.7,,,25.0,1.8,,,South Indian food dataset
SIF-0523,Kodi Kura,South Indian,Non-Veg - Andhra/Telangana,Andhra Pradesh/Telangana,100g,215.0,16.5,7.5,14.0,0.7,,,25.0,1.8,,,South Indian food dataset
SIF-0524,Chicken Fry (Andhra style),South Indian,Non-Veg - Andhra/Telangana,Andhra Pradesh/Telangana,100g,215.0,16.5,7.5,14.0,0.7,,,25.0,1.8,,,South Indian food dataset
SIF-0525,Mutton Fry (Andhra style),South Indian,Non-Veg - Andhra/Telangana,Andhra Pradesh/Telangana,100g,215.0,16.5,7.5,14.0,0.7,,,25.0,1.8,,,South Indian food dataset
SIF-0526,Fish Pulusu,South Indian,Non-Veg - Andhra/Telangana,Andhra Pradesh/Telangana,100g,215.0,16.5,7.5,14.0,0.7,,,25.0,1.8,,,South Indian food dataset
SIF-0527,Prawn Vepudu,South Indian,Non-Veg - Andhra/Telangana,Andhra Pradesh/Telangana,100g,215.0,16.5,7.5,14.0,0.7,,,25.0,1.8,,,South Indian food dataset
SIF-0528,Crab Curry (Andhra),South Indian,Non-Veg - Andhra/Telangana,Andhra Pradesh/Telangana,100g,215.0,16.5,7.5,14.0,0.7,,,25.0,1.8,,,South Indian food dataset
SIF-0529,Telangana Mutton Curry,South Indian,Non-Veg - Andhra/Telangana,Andhra Pradesh/Telangana,100g,215.0,16.5,7.5,14.0,0.7,,,25.0,1.8,,,South Indian food dataset
SIF-0530,Sarva Pindi Non-Veg Combo,South Indian,Non-Veg - Andhra/Telangana,Andhra Pradesh/Telangana,100g,215.0,16.5,7.5,14.0,0.7,,,25.0,1.8,,,South Indian food dataset
SIF-0531,Hyderabadi Chicken Biryani,South Indian,Biryani & Rice Combos,South India,100g,200.0,8.5,25.0,7.5,1.1,,,25.0,1.4,,,South Indian food dataset
SIF-0532,Hyderabadi Mutton Biryani,South Indian,Biryani & Rice Combos,South India,100g,200.0,8.5,25.0,7.5,1.1,,,25.0,1.4,,,South Indian food dataset
SIF-0533,Hyderabadi Egg Biryani,South Indian,Biryani & Rice Combos,South India,100g,200.0,8.5,25.0,7.5,1.1,,,25.0,1.4,,,South Indian food dataset
SIF-0534,Hyderabadi Vegetable Biryani,South Indian,Biryani & Rice Combos,South India,100g,200.0,8.5,25.0,7.5,1.1,,,25.0,1.4,,,South Indian food dataset
SIF-0535,Ambur Chicken Biryani,South Indian,Biryani & Rice Combos,South India,100g,200.0,8.5,25.0,7.5,1.1,,,25.0,1.4,,,South Indian food dataset
SIF-0536,Ambur Mutton Biryani,South Indian,Biryani & Rice Combos,South India,100g,200.0,8.5,25.0,7.5,1.1,,,25.0,1.4,,,South Indian food dataset
SIF-0537,Dindigul Thalappakatti Biryani,South Indian,Biryani & Rice Combos,South India,100g,200.0,8.5,25.0,7.5,1.1,,,25.0,1.4,,,South Indian food dataset
SIF-0538,Thalassery Chicken Biryani,South Indian,Biryani & Rice Combos,South India,100g,200.0,8.5,25.0,7.5,1.1,,,25.0,1.4,,,South Indian food dataset
SIF-0539,Malabar Mutton Biryani,South Indian,Biryani & Rice Combos,South India,100g,200.0,8.5,25.0,7.5,1.1,,,25.0,1.4,,,South Indian food dataset
SIF-0540,Bhatkali Chicken Biryani,South Indian,Biryani & Rice Combos,South India,100g,200.0,8.5,25.0,7.5,1.1,,,25.0,1.4,,,South Indian food dataset
SIF-0541,Kalyani Biryani,South Indian,Biryani & Rice Combos,South India,100g,200.0,8.5,25.0,7.5,1.1,,,25.0,1.4,,,South Indian food dataset
SIF-0542,Chettinad Chicken Biryani,South Indian,Biryani & Rice Combos,South India,100g,200.0,8.5,25.0,7.5,1.1,,,25.0,1.4,,,South Indian food dataset
SIF-0543,Coorg Pork Biryani,South Indian,Biryani & Rice Combos,South India,100g,200.0,8.5,25.0,7.5,1.1,,,25.0,1.4,,,South Indian food dataset
SIF-0544,Kollam Fish Biryani,South Indian,Biryani & Rice Combos,South India,100g,200.0,8.5,25.0,7.5,1.1,,,25.0,1.4,,,South Indian food dataset
SIF-0545,Kacchi Biryani (Hyderabadi),South Indian,Biryani & Rice Combos,South India,100g,200.0,8.5,25.0,7.5,1.1,,,25.0,1.4,,,South Indian food dataset
SIF-0546,Kaima Rice (Kerala Ghee Rice with Meat),South Indian,Biryani & Rice Combos,South India,100g,200.0,8.5,25.0,7.5,1.1,,,25.0,1.4,,,South Indian food dataset
SIF-0547,Egg Curry (South Indian),South Indian,Egg Dishes,South India,100g,165.0,10.5,5.5,11.0,0.5,,,35.0,1.5,,,South Indian food dataset
SIF-0548,Egg Masala,South Indian,Egg Dishes,South India,100g,165.0,10.5,5.5,11.0,0.5,,,35.0,1.5,,,South Indian food dataset
SIF-0549,Egg Roast (Kerala),South Indian,Egg Dishes,South India,100g,165.0,10.5,5.5,11.0,0.5,,,35.0,1.5,,,South Indian food dataset
SIF-0550,Kothu Egg Parotta,South Indian,Egg Dishes,South India,100g,165.0,10.5,5.5,11.0,0.5,,,35.0,1.5,,,South Indian food dataset
SIF-0551,Egg Bhurji (South style),South Indian,Egg Dishes,South India,100g,165.0,10.5,5.5,11.0,0.5,,,35.0,1.5,,,South Indian food dataset
SIF-0552,Boiled Egg Curry,South Indian,Egg Dishes,South India,100g,165.0,10.5,5.5,11.0,0.5,,,35.0,1.5,,,South Indian food dataset
SIF-0553,Muttai Kulambu,South Indian,Egg Dishes,South India,100g,165.0,10.5,5.5,11.0,0.5,,,35.0,1.5,,,South Indian food dataset
SIF-0554,Egg Fried Rice (South style),South Indian,Egg Dishes,South India,100g,165.0,10.5,5.5,11.0,0.5,,,35.0,1.5,,,South Indian food dataset
SIF-0555,Egg Podimas,South Indian,Egg Dishes,South India,100g,165.0,10.5,5.5,11.0,0.5,,,35.0,1.5,,,South Indian food dataset
SIF-0556,Kothu Parotta with Egg,South Indian,Egg Dishes,South India,100g,165.0,10.5,5.5,11.0,0.5,,,35.0,1.5,,,South Indian food dataset
SIF-0557,Egg Puttu Combo,South Indian,Egg Dishes,South India,100g,165.0,10.5,5.5,11.0,0.5,,,35.0,1.5,,,South Indian food dataset
SIF-0558,Filter Coffee,South Indian,Beverages,South India,100ml,50.0,1.2,9.0,1.2,0.2,,,35.0,0.3,,,South Indian food dataset
SIF-0559,South Indian Degree Coffee,South Indian,Beverages,South India,100ml,50.0,1.2,9.0,1.2,0.2,,,35.0,0.3,,,South Indian food dataset
SIF-0560,Sulaimani Chai,South Indian,Beverages,South India,100ml,50.0,1.2,9.0,1.2,0.2,,,35.0,0.3,,,South Indian food dataset
SIF-0561,Kashaya (Herbal Decoction),South Indian,Beverages,South India,100ml,50.0,1.2,9.0,1.2,0.2,,,35.0,0.3,,,South Indian food dataset
SIF-0562,Buttermilk (Moru / Sambharam),South Indian,Beverages,South India,100ml,50.0,1.2,9.0,1.2,0.2,,,35.0,0.3,,,South Indian food dataset
SIF-0563,Neer Mor (Spiced Buttermilk),South Indian,Beverages,South India,100ml,50.0,1.2,9.0,1.2,0.2,,,35.0,0.3,,,South Indian food dataset
SIF-0564,Panakam,South Indian,Beverages,South India,100ml,50.0,1.2,9.0,1.2,0.2,,,35.0,0.3,,,South Indian food dataset
SIF-0565,Neera (Palm Sap),South Indian,Beverages,South India,100ml,50.0,1.2,9.0,1.2,0.2,,,35.0,0.3,,,South Indian food dataset
SIF-0566,Toddy (Kallu),South Indian,Beverages,South India,100ml,50.0,1.2,9.0,1.2,0.2,,,35.0,0.3,,,South Indian food dataset
SIF-0567,Jigarthanda,South Indian,Beverages,South India,100ml,50.0,1.2,9.0,1.2,0.2,,,35.0,0.3,,,South Indian food dataset
SIF-0568,Badam Milk (South style),South Indian,Beverages,South India,100ml,50.0,1.2,9.0,1.2,0.2,,,35.0,0.3,,,South Indian food dataset
SIF-0569,Sukku Kaapi (Dry Ginger Coffee),South Indian,Beverages,South India,100ml,50.0,1.2,9.0,1.2,0.2,,,35.0,0.3,,,South Indian food dataset
SIF-0570,Ragi Malt (Ragi Java),South Indian,Beverages,South India,100ml,50.0,1.2,9.0,1.2,0.2,,,35.0,0.3,,,South Indian food dataset
SIF-0571,Sattu Style Drink (South),South Indian,Beverages,South India,100ml,50.0,1.2,9.0,1.2,0.2,,,35.0,0.3,,,South Indian food dataset
SIF-0572,Tender Coconut Water,South Indian,Beverages,South India,100ml,50.0,1.2,9.0,1.2,0.2,,,35.0,0.3,,,South Indian food dataset
SIF-0573,Nannari Sherbet,South Indian,Beverages,South India,100ml,50.0,1.2,9.0,1.2,0.2,,,35.0,0.3,,,South Indian food dataset
SIF-0574,Rose Milk (South style),South Indian,Beverages,South India,100ml,50.0,1.2,9.0,1.2,0.2,,,35.0,0.3,,,South Indian food dataset
SIF-0575,Elaneer Payasam Drink Style,South Indian,Beverages,South India,100ml,50.0,1.2,9.0,1.2,0.2,,,35.0,0.3,,,South Indian food dataset
SIF-0576,Panagam (Jaggery Lemon Drink),South Indian,Beverages,South India,100ml,50.0,1.2,9.0,1.2,0.2,,,35.0,0.3,,,South Indian food dataset
SIF-0577,Sambaram Spiced,South Indian,Beverages,South India,100ml,50.0,1.2,9.0,1.2,0.2,,,35.0,0.3,,,South Indian food dataset
SIF-0578,Kanji Water (Rice Water),South Indian,Beverages,South India,100ml,50.0,1.2,9.0,1.2,0.2,,,35.0,0.3,,,South Indian food dataset
SIF-0579,Raw Rice (Ponni),South Indian,Raw Ingredients,South India,100g,320.0,8.0,55.0,8.0,5.0,,,60.0,3.0,,,South Indian food dataset
SIF-0580,Raw Rice (Sona Masuri),South Indian,Raw Ingredients,South India,100g,320.0,8.0,55.0,8.0,5.0,,,60.0,3.0,,,South Indian food dataset
SIF-0581,Idli Rice (Parboiled),South Indian,Raw Ingredients,South India,100g,320.0,8.0,55.0,8.0,5.0,,,60.0,3.0,,,South Indian food dataset
SIF-0582,Basmati Rice (South use),South Indian,Raw Ingredients,South India,100g,320.0,8.0,55.0,8.0,5.0,,,60.0,3.0,,,South Indian food dataset
SIF-0583,Urad Dal (Idli/Dosa use),South Indian,Raw Ingredients,South India,100g,320.0,8.0,55.0,8.0,5.0,,,60.0,3.0,,,South Indian food dataset
SIF-0584,Toor Dal (Sambar use),South Indian,Raw Ingredients,South India,100g,320.0,8.0,55.0,8.0,5.0,,,60.0,3.0,,,South Indian food dataset
SIF-0585,Moong Dal (South use),South Indian,Raw Ingredients,South India,100g,320.0,8.0,55.0,8.0,5.0,,,60.0,3.0,,,South Indian food dataset
SIF-0586,Chana Dal (South use),South Indian,Raw Ingredients,South India,100g,320.0,8.0,55.0,8.0,5.0,,,60.0,3.0,,,South Indian food dataset
SIF-0587,Coconut (Grated Fresh),South Indian,Raw Ingredients,South India,100g,320.0,8.0,55.0,8.0,5.0,,,60.0,3.0,,,South Indian food dataset
SIF-0588,Coconut Milk (Thick),South Indian,Raw Ingredients,South India,100g,320.0,8.0,55.0,8.0,5.0,,,60.0,3.0,,,South Indian food dataset
SIF-0589,Coconut Milk (Thin),South Indian,Raw Ingredients,South India,100g,320.0,8.0,55.0,8.0,5.0,,,60.0,3.0,,,South Indian food dataset
SIF-0590,Tamarind Pulp,South Indian,Raw Ingredients,South India,100g,320.0,8.0,55.0,8.0,5.0,,,60.0,3.0,,,South Indian food dataset
SIF-0591,Curry Leaves (Fresh),South Indian,Raw Ingredients,South India,100g,320.0,8.0,55.0,8.0,5.0,,,60.0,3.0,,,South Indian food dataset
SIF-0592,Mustard Seeds (South use),South Indian,Raw Ingredients,South India,100g,320.0,8.0,55.0,8.0,5.0,,,60.0,3.0,,,South Indian food dataset
SIF-0593,Urad Dal (Tempering),South Indian,Raw Ingredients,South India,100g,320.0,8.0,55.0,8.0,5.0,,,60.0,3.0,,,South Indian food dataset
SIF-0594,Chana Dal (Tempering),South Indian,Raw Ingredients,South India,100g,320.0,8.0,55.0,8.0,5.0,,,60.0,3.0,,,South Indian food dataset
SIF-0595,Asafoetida (South use),South Indian,Raw Ingredients,South India,100g,320.0,8.0,55.0,8.0,5.0,,,60.0,3.0,,,South Indian food dataset
SIF-0596,Dry Red Chilli (Byadgi),South Indian,Raw Ingredients,South India,100g,320.0,8.0,55.0,8.0,5.0,,,60.0,3.0,,,South Indian food dataset
SIF-0597,Sambar Powder,South Indian,Raw Ingredients,South India,100g,320.0,8.0,55.0,8.0,5.0,,,60.0,3.0,,,South Indian food dataset
SIF-0598,Rasam Powder,South Indian,Raw Ingredients,South India,100g,320.0,8.0,55.0,8.0,5.0,,,60.0,3.0,,,South Indian food dataset
SIF-0599,Garam Masala (South),South Indian,Raw Ingredients,South India,100g,320.0,8.0,55.0,8.0,5.0,,,60.0,3.0,,,South Indian food dataset
SIF-0600,Coriander Seeds (South use),South Indian,Raw Ingredients,South India,100g,320.0,8.0,55.0,8.0,5.0,,,60.0,3.0,,,South Indian food dataset
SIF-0601,Fenugreek Seeds (South use),South Indian,Raw Ingredients,South India,100g,320.0,8.0,55.0,8.0,5.0,,,60.0,3.0,,,South Indian food dataset
SIF-0602,Black Pepper (Malabar),South Indian,Raw Ingredients,South India,100g,320.0,8.0,55.0,8.0,5.0,,,60.0,3.0,,,South Indian food dataset
SIF-0603,Cardamom (South use),South Indian,Raw Ingredients,South India,100g,320.0,8.0,55.0,8.0,5.0,,,60.0,3.0,,,South Indian food dataset
SIF-0604,Cinnamon (South use),South Indian,Raw Ingredients,South India,100g,320.0,8.0,55.0,8.0,5.0,,,60.0,3.0,,,South Indian food dataset
SIF-0605,Cloves (South use),South Indian,Raw Ingredients,South India,100g,320.0,8.0,55.0,8.0,5.0,,,60.0,3.0,,,South Indian food dataset
SIF-0606,Jaggery (Karupatti),South Indian,Raw Ingredients,South India,100g,320.0,8.0,55.0,8.0,5.0,,,60.0,3.0,,,South Indian food dataset
SIF-0607,Palm Jaggery,South Indian,Raw Ingredients,South India,100g,320.0,8.0,55.0,8.0,5.0,,,60.0,3.0,,,South Indian food dataset
SIF-0608,Gingelly Oil (Sesame Oil),South Indian,Raw Ingredients,South India,100g,320.0,8.0,55.0,8.0,5.0,,,60.0,3.0,,,South Indian food dataset
SIF-0609,Coconut Oil,South Indian,Raw Ingredients,South India,100g,320.0,8.0,55.0,8.0,5.0,,,60.0,3.0,,,South Indian food dataset
SIF-0610,Groundnut Oil (South use),South Indian,Raw Ingredients,South India,100g,320.0,8.0,55.0,8.0,5.0,,,60.0,3.0,,,South Indian food dataset
SIF-0611,Drumstick (Murungakkai),South Indian,Regional Vegetables,South India,100g,30.0,1.5,6.0,0.3,2.3,,,45.0,0.8,,,South Indian food dataset
SIF-0612,Ash Gourd (Poosanikai),South Indian,Regional Vegetables,South India,100g,30.0,1.5,6.0,0.3,2.3,,,45.0,0.8,,,South Indian food dataset
SIF-0613,Snake Gourd (Pudalangai),South Indian,Regional Vegetables,South India,100g,30.0,1.5,6.0,0.3,2.3,,,45.0,0.8,,,South Indian food dataset
SIF-0614,Ridge Gourd (Peerkangai),South Indian,Regional Vegetables,South India,100g,30.0,1.5,6.0,0.3,2.3,,,45.0,0.8,,,South Indian food dataset
SIF-0615,Bottle Gourd (Sorakkai),South Indian,Regional Vegetables,South India,100g,30.0,1.5,6.0,0.3,2.3,,,45.0,0.8,,,South Indian food dataset
SIF-0616,Ivy Gourd (Kovakkai),South Indian,Regional Vegetables,South India,100g,30.0,1.5,6.0,0.3,2.3,,,45.0,0.8,,,South Indian food dataset
SIF-0617,Raw Banana (Vazhakkai),South Indian,Regional Vegetables,South India,100g,30.0,1.5,6.0,0.3,2.3,,,45.0,0.8,,,South Indian food dataset
SIF-0618,Banana Flower (Vazhaipoo),South Indian,Regional Vegetables,South India,100g,30.0,1.5,6.0,0.3,2.3,,,45.0,0.8,,,South Indian food dataset
SIF-0619,Banana Stem (Vazhaithandu),South Indian,Regional Vegetables,South India,100g,30.0,1.5,6.0,0.3,2.3,,,45.0,0.8,,,South Indian food dataset
SIF-0620,Yam (Senaikizhangu),South Indian,Regional Vegetables,South India,100g,30.0,1.5,6.0,0.3,2.3,,,45.0,0.8,,,South Indian food dataset
SIF-0621,Colocasia (Sepankizhangu),South Indian,Regional Vegetables,South India,100g,30.0,1.5,6.0,0.3,2.3,,,45.0,0.8,,,South Indian food dataset
SIF-0622,Cluster Beans (Kothavarangai),South Indian,Regional Vegetables,South India,100g,30.0,1.5,6.0,0.3,2.3,,,45.0,0.8,,,South Indian food dataset
SIF-0623,Broad Beans (Mochakottai),South Indian,Regional Vegetables,South India,100g,30.0,1.5,6.0,0.3,2.3,,,45.0,0.8,,,South Indian food dataset
SIF-0624,Okra (Vendakkai),South Indian,Regional Vegetables,South India,100g,30.0,1.5,6.0,0.3,2.3,,,45.0,0.8,,,South Indian food dataset
SIF-0625,Brinjal (Kathirikai),South Indian,Regional Vegetables,South India,100g,30.0,1.5,6.0,0.3,2.3,,,45.0,0.8,,,South Indian food dataset
SIF-0626,Chow Chow (Bangalore Kathirikai),South Indian,Regional Vegetables,South India,100g,30.0,1.5,6.0,0.3,2.3,,,45.0,0.8,,,South Indian food dataset
SIF-0627,Beetroot (South use),South Indian,Regional Vegetables,South India,100g,30.0,1.5,6.0,0.3,2.3,,,45.0,0.8,,,South Indian food dataset
SIF-0628,Carrot (South use),South Indian,Regional Vegetables,South India,100g,30.0,1.5,6.0,0.3,2.3,,,45.0,0.8,,,South Indian food dataset
SIF-0629,Cabbage (South use),South Indian,Regional Vegetables,South India,100g,30.0,1.5,6.0,0.3,2.3,,,45.0,0.8,,,South Indian food dataset
SIF-0630,Radish (Mullangi),South Indian,Regional Vegetables,South India,100g,30.0,1.5,6.0,0.3,2.3,,,45.0,0.8,,,South Indian food dataset
SIF-0631,Green Chilli (South use),South Indian,Regional Vegetables,South India,100g,30.0,1.5,6.0,0.3,2.3,,,45.0,0.8,,,South Indian food dataset
SIF-0632,Curry Leaves (Karuveppilai),South Indian,Regional Vegetables,South India,100g,30.0,1.5,6.0,0.3,2.3,,,45.0,0.8,,,South Indian food dataset
SIF-0633,Coriander Leaves (Kothamalli),South Indian,Regional Vegetables,South India,100g,30.0,1.5,6.0,0.3,2.3,,,45.0,0.8,,,South Indian food dataset
SIF-0634,"Mint Leaves (Pudina, South use)",South Indian,Regional Vegetables,South India,100g,30.0,1.5,6.0,0.3,2.3,,,45.0,0.8,,,South Indian food dataset
SIF-0635,Amaranth Leaves (Mulai Keerai),South Indian,Regional Vegetables,South India,100g,30.0,1.5,6.0,0.3,2.3,,,45.0,0.8,,,South Indian food dataset
SIF-0636,Spinach (Pasalai Keerai),South Indian,Regional Vegetables,South India,100g,30.0,1.5,6.0,0.3,2.3,,,45.0,0.8,,,South Indian food dataset
SIF-0637,Drumstick Leaves (Murungai Keerai),South Indian,Regional Vegetables,South India,100g,30.0,1.5,6.0,0.3,2.3,,,45.0,0.8,,,South Indian food dataset
SIF-0638,Ponnanganni Keerai,South Indian,Regional Vegetables,South India,100g,30.0,1.5,6.0,0.3,2.3,,,45.0,0.8,,,South Indian food dataset
SIF-0639,Manathakkali Keerai,South Indian,Regional Vegetables,South India,100g,30.0,1.5,6.0,0.3,2.3,,,45.0,0.8,,,South Indian food dataset
SIF-0640,Sorrel Leaves (Pulicha Keerai),South Indian,Regional Vegetables,South India,100g,30.0,1.5,6.0,0.3,2.3,,,45.0,0.8,,,South Indian food dataset
SIF-0641,Tapioca (Kappa/Maravalli Kizhangu),South Indian,Regional Vegetables,South India,100g,30.0,1.5,6.0,0.3,2.3,,,45.0,0.8,,,South Indian food dataset
SIF-0642,Potato Gravy (South Indian style),South Indian,Vegetable Preparations,South India,100g,110.0,2.5,12.0,5.5,2.2,,,35.0,0.9,,,South Indian food dataset
SIF-0643,Potato Masala (South Indian style),South Indian,Vegetable Preparations,South India,100g,110.0,2.5,12.0,5.5,2.2,,,35.0,0.9,,,South Indian food dataset
SIF-0644,Potato Curry (South Indian style),South Indian,Vegetable Preparations,South India,100g,110.0,2.5,12.0,5.5,2.2,,,35.0,0.9,,,South Indian food dataset
SIF-0645,Potato Kootu (South Indian style),South Indian,Vegetable Preparations,South India,100g,110.0,2.5,12.0,5.5,2.2,,,35.0,0.9,,,South Indian food dataset
SIF-0646,Potato Kuzhambu (South Indian style),South Indian,Vegetable Preparations,South India,100g,110.0,2.5,12.0,5.5,2.2,,,35.0,0.9,,,South Indian food dataset
SIF-0647,Potato Poriyal (South Indian style),South Indian,Vegetable Preparations,South India,100g,110.0,2.5,12.0,5.5,2.2,,,35.0,0.9,,,South Indian food dataset
SIF-0648,Potato Sabzi (South Indian style),South Indian,Vegetable Preparations,South India,100g,110.0,2.5,12.0,5.5,2.2,,,35.0,0.9,,,South Indian food dataset
SIF-0649,Potato Fry (South Indian style),South Indian,Vegetable Preparations,South India,100g,110.0,2.5,12.0,5.5,2.2,,,35.0,0.9,,,South Indian food dataset
SIF-0650,Brinjal Gravy (South Indian style),South Indian,Vegetable Preparations,South India,100g,110.0,2.5,12.0,5.5,2.2,,,35.0,0.9,,,South Indian food dataset
SIF-0651,Brinjal Masala (South Indian style),South Indian,Vegetable Preparations,South India,100g,110.0,2.5,12.0,5.5,2.2,,,35.0,0.9,,,South Indian food dataset
SIF-0652,Brinjal Curry (South Indian style),South Indian,Vegetable Preparations,South India,100g,110.0,2.5,12.0,5.5,2.2,,,35.0,0.9,,,South Indian food dataset
SIF-0653,Brinjal Kootu (South Indian style),South Indian,Vegetable Preparations,South India,100g,110.0,2.5,12.0,5.5,2.2,,,35.0,0.9,,,South Indian food dataset
SIF-0654,Brinjal Kuzhambu (South Indian style),South Indian,Vegetable Preparations,South India,100g,110.0,2.5,12.0,5.5,2.2,,,35.0,0.9,,,South Indian food dataset
SIF-0655,Brinjal Poriyal (South Indian style),South Indian,Vegetable Preparations,South India,100g,110.0,2.5,12.0,5.5,2.2,,,35.0,0.9,,,South Indian food dataset
SIF-0656,Brinjal Sabzi (South Indian style),South Indian,Vegetable Preparations,South India,100g,110.0,2.5,12.0,5.5,2.2,,,35.0,0.9,,,South Indian food dataset
SIF-0657,Brinjal Fry (South Indian style),South Indian,Vegetable Preparations,South India,100g,110.0,2.5,12.0,5.5,2.2,,,35.0,0.9,,,South Indian food dataset
SIF-0658,Okra Gravy (South Indian style),South Indian,Vegetable Preparations,South India,100g,110.0,2.5,12.0,5.5,2.2,,,35.0,0.9,,,South Indian food dataset
SIF-0659,Okra Masala (South Indian style),South Indian,Vegetable Preparations,South India,100g,110.0,2.5,12.0,5.5,2.2,,,35.0,0.9,,,South Indian food dataset
SIF-0660,Okra Curry (South Indian style),South Indian,Vegetable Preparations,South India,100g,110.0,2.5,12.0,5.5,2.2,,,35.0,0.9,,,South Indian food dataset
SIF-0661,Okra Kootu (South Indian style),South Indian,Vegetable Preparations,South India,100g,110.0,2.5,12.0,5.5,2.2,,,35.0,0.9,,,South Indian food dataset
SIF-0662,Okra Kuzhambu (South Indian style),South Indian,Vegetable Preparations,South India,100g,110.0,2.5,12.0,5.5,2.2,,,35.0,0.9,,,South Indian food dataset
SIF-0663,Okra Poriyal (South Indian style),South Indian,Vegetable Preparations,South India,100g,110.0,2.5,12.0,5.5,2.2,,,35.0,0.9,,,South Indian food dataset
SIF-0664,Okra Sabzi (South Indian style),South Indian,Vegetable Preparations,South India,100g,110.0,2.5,12.0,5.5,2.2,,,35.0,0.9,,,South Indian food dataset
SIF-0665,Okra Fry (South Indian style),South Indian,Vegetable Preparations,South India,100g,110.0,2.5,12.0,5.5,2.2,,,35.0,0.9,,,South Indian food dataset
SIF-0666,Cabbage Gravy (South Indian style),South Indian,Vegetable Preparations,South India,100g,110.0,2.5,12.0,5.5,2.2,,,35.0,0.9,,,South Indian food dataset
SIF-0667,Cabbage Masala (South Indian style),South Indian,Vegetable Preparations,South India,100g,110.0,2.5,12.0,5.5,2.2,,,35.0,0.9,,,South Indian food dataset
SIF-0668,Cabbage Curry (South Indian style),South Indian,Vegetable Preparations,South India,100g,110.0,2.5,12.0,5.5,2.2,,,35.0,0.9,,,South Indian food dataset
SIF-0669,Cabbage Kootu (South Indian style),South Indian,Vegetable Preparations,South India,100g,110.0,2.5,12.0,5.5,2.2,,,35.0,0.9,,,South Indian food dataset
SIF-0670,Cabbage Kuzhambu (South Indian style),South Indian,Vegetable Preparations,South India,100g,110.0,2.5,12.0,5.5,2.2,,,35.0,0.9,,,South Indian food dataset
SIF-0671,Cabbage Poriyal (South Indian style),South Indian,Vegetable Preparations,South India,100g,110.0,2.5,12.0,5.5,2.2,,,35.0,0.9,,,South Indian food dataset
SIF-0672,Cabbage Sabzi (South Indian style),South Indian,Vegetable Preparations,South India,100g,110.0,2.5,12.0,5.5,2.2,,,35.0,0.9,,,South Indian food dataset
SIF-0673,Cabbage Fry (South Indian style),South Indian,Vegetable Preparations,South India,100g,110.0,2.5,12.0,5.5,2.2,,,35.0,0.9,,,South Indian food dataset
SIF-0674,Cauliflower Gravy (South Indian style),South Indian,Vegetable Preparations,South India,100g,110.0,2.5,12.0,5.5,2.2,,,35.0,0.9,,,South Indian food dataset
SIF-0675,Cauliflower Masala (South Indian style),South Indian,Vegetable Preparations,South India,100g,110.0,2.5,12.0,5.5,2.2,,,35.0,0.9,,,South Indian food dataset
SIF-0676,Cauliflower Curry (South Indian style),South Indian,Vegetable Preparations,South India,100g,110.0,2.5,12.0,5.5,2.2,,,35.0,0.9,,,South Indian food dataset
SIF-0677,Cauliflower Kootu (South Indian style),South Indian,Vegetable Preparations,South India,100g,110.0,2.5,12.0,5.5,2.2,,,35.0,0.9,,,South Indian food dataset
SIF-0678,Cauliflower Kuzhambu (South Indian style),South Indian,Vegetable Preparations,South India,100g,110.0,2.5,12.0,5.5,2.2,,,35.0,0.9,,,South Indian food dataset
SIF-0679,Cauliflower Poriyal (South Indian style),South Indian,Vegetable Preparations,South India,100g,110.0,2.5,12.0,5.5,2.2,,,35.0,0.9,,,South Indian food dataset
SIF-0680,Cauliflower Sabzi (South Indian style),South Indian,Vegetable Preparations,South India,100g,110.0,2.5,12.0,5.5,2.2,,,35.0,0.9,,,South Indian food dataset
SIF-0681,Cauliflower Fry (South Indian style),South Indian,Vegetable Preparations,South India,100g,110.0,2.5,12.0,5.5,2.2,,,35.0,0.9,,,South Indian food dataset
SIF-0682,Carrot Gravy (South Indian style),South Indian,Vegetable Preparations,South India,100g,110.0,2.5,12.0,5.5,2.2,,,35.0,0.9,,,South Indian food dataset
SIF-0683,Carrot Masala (South Indian style),South Indian,Vegetable Preparations,South India,100g,110.0,2.5,12.0,5.5,2.2,,,35.0,0.9,,,South Indian food dataset
SIF-0684,Carrot Curry (South Indian style),South Indian,Vegetable Preparations,South India,100g,110.0,2.5,12.0,5.5,2.2,,,35.0,0.9,,,South Indian food dataset
SIF-0685,Carrot Kootu (South Indian style),South Indian,Vegetable Preparations,South India,100g,110.0,2.5,12.0,5.5,2.2,,,35.0,0.9,,,South Indian food dataset
SIF-0686,Carrot Kuzhambu (South Indian style),South Indian,Vegetable Preparations,South India,100g,110.0,2.5,12.0,5.5,2.2,,,35.0,0.9,,,South Indian food dataset
SIF-0687,Carrot Poriyal (South Indian style),South Indian,Vegetable Preparations,South India,100g,110.0,2.5,12.0,5.5,2.2,,,35.0,0.9,,,South Indian food dataset
SIF-0688,Carrot Sabzi (South Indian style),South Indian,Vegetable Preparations,South India,100g,110.0,2.5,12.0,5.5,2.2,,,35.0,0.9,,,South Indian food dataset
SIF-0689,Carrot Fry (South Indian style),South Indian,Vegetable Preparations,South India,100g,110.0,2.5,12.0,5.5,2.2,,,35.0,0.9,,,South Indian food dataset
SIF-0690,Beetroot Gravy (South Indian style),South Indian,Vegetable Preparations,South India,100g,110.0,2.5,12.0,5.5,2.2,,,35.0,0.9,,,South Indian food dataset
SIF-0691,Beetroot Masala (South Indian style),South Indian,Vegetable Preparations,South India,100g,110.0,2.5,12.0,5.5,2.2,,,35.0,0.9,,,South Indian food dataset
SIF-0692,Beetroot Curry (South Indian style),South Indian,Vegetable Preparations,South India,100g,110.0,2.5,12.0,5.5,2.2,,,35.0,0.9,,,South Indian food dataset
SIF-0693,Beetroot Kootu (South Indian style),South Indian,Vegetable Preparations,South India,100g,110.0,2.5,12.0,5.5,2.2,,,35.0,0.9,,,South Indian food dataset
SIF-0694,Beetroot Kuzhambu (South Indian style),South Indian,Vegetable Preparations,South India,100g,110.0,2.5,12.0,5.5,2.2,,,35.0,0.9,,,South Indian food dataset
SIF-0695,Beetroot Poriyal (South Indian style),South Indian,Vegetable Preparations,South India,100g,110.0,2.5,12.0,5.5,2.2,,,35.0,0.9,,,South Indian food dataset
SIF-0696,Beetroot Sabzi (South Indian style),South Indian,Vegetable Preparations,South India,100g,110.0,2.5,12.0,5.5,2.2,,,35.0,0.9,,,South Indian food dataset
SIF-0697,Beetroot Fry (South Indian style),South Indian,Vegetable Preparations,South India,100g,110.0,2.5,12.0,5.5,2.2,,,35.0,0.9,,,South Indian food dataset
SIF-0698,Pumpkin Gravy (South Indian style),South Indian,Vegetable Preparations,South India,100g,110.0,2.5,12.0,5.5,2.2,,,35.0,0.9,,,South Indian food dataset
SIF-0699,Pumpkin Masala (South Indian style),South Indian,Vegetable Preparations,South India,100g,110.0,2.5,12.0,5.5,2.2,,,35.0,0.9,,,South Indian food dataset
SIF-0700,Pumpkin Curry (South Indian style),South Indian,Vegetable Preparations,South India,100g,110.0,2.5,12.0,5.5,2.2,,,35.0,0.9,,,South Indian food dataset
SIF-0701,Pumpkin Kootu (South Indian style),South Indian,Vegetable Preparations,South India,100g,110.0,2.5,12.0,5.5,2.2,,,35.0,0.9,,,South Indian food dataset
SIF-0702,Pumpkin Kuzhambu (South Indian style),South Indian,Vegetable Preparations,South India,100g,110.0,2.5,12.0,5.5,2.2,,,35.0,0.9,,,South Indian food dataset
SIF-0703,Pumpkin Poriyal (South Indian style),South Indian,Vegetable Preparations,South India,100g,110.0,2.5,12.0,5.5,2.2,,,35.0,0.9,,,South Indian food dataset
SIF-0704,Pumpkin Sabzi (South Indian style),South Indian,Vegetable Preparations,South India,100g,110.0,2.5,12.0,5.5,2.2,,,35.0,0.9,,,South Indian food dataset
SIF-0705,Pumpkin Fry (South Indian style),South Indian,Vegetable Preparations,South India,100g,110.0,2.5,12.0,5.5,2.2,,,35.0,0.9,,,South Indian food dataset
SIF-0706,Ash Gourd Gravy (South Indian style),South Indian,Vegetable Preparations,South India,100g,110.0,2.5,12.0,5.5,2.2,,,35.0,0.9,,,South Indian food dataset
SIF-0707,Ash Gourd Masala (South Indian style),South Indian,Vegetable Preparations,South India,100g,110.0,2.5,12.0,5.5,2.2,,,35.0,0.9,,,South Indian food dataset
SIF-0708,Ash Gourd Curry (South Indian style),South Indian,Vegetable Preparations,South India,100g,110.0,2.5,12.0,5.5,2.2,,,35.0,0.9,,,South Indian food dataset
SIF-0709,Ash Gourd Kootu (South Indian style),South Indian,Vegetable Preparations,South India,100g,110.0,2.5,12.0,5.5,2.2,,,35.0,0.9,,,South Indian food dataset
SIF-0710,Ash Gourd Kuzhambu (South Indian style),South Indian,Vegetable Preparations,South India,100g,110.0,2.5,12.0,5.5,2.2,,,35.0,0.9,,,South Indian food dataset
SIF-0711,Ash Gourd Poriyal (South Indian style),South Indian,Vegetable Preparations,South India,100g,110.0,2.5,12.0,5.5,2.2,,,35.0,0.9,,,South Indian food dataset
SIF-0712,Ash Gourd Sabzi (South Indian style),South Indian,Vegetable Preparations,South India,100g,110.0,2.5,12.0,5.5,2.2,,,35.0,0.9,,,South Indian food dataset
SIF-0713,Ash Gourd Fry (South Indian style),South Indian,Vegetable Preparations,South India,100g,110.0,2.5,12.0,5.5,2.2,,,35.0,0.9,,,South Indian food dataset
SIF-0714,Snake Gourd Gravy (South Indian style),South Indian,Vegetable Preparations,South India,100g,110.0,2.5,12.0,5.5,2.2,,,35.0,0.9,,,South Indian food dataset
SIF-0715,Snake Gourd Masala (South Indian style),South Indian,Vegetable Preparations,South India,100g,110.0,2.5,12.0,5.5,2.2,,,35.0,0.9,,,South Indian food dataset
SIF-0716,Snake Gourd Curry (South Indian style),South Indian,Vegetable Preparations,South India,100g,110.0,2.5,12.0,5.5,2.2,,,35.0,0.9,,,South Indian food dataset
SIF-0717,Snake Gourd Kootu (South Indian style),South Indian,Vegetable Preparations,South India,100g,110.0,2.5,12.0,5.5,2.2,,,35.0,0.9,,,South Indian food dataset
SIF-0718,Snake Gourd Kuzhambu (South Indian style),South Indian,Vegetable Preparations,South India,100g,110.0,2.5,12.0,5.5,2.2,,,35.0,0.9,,,South Indian food dataset
SIF-0719,Snake Gourd Poriyal (South Indian style),South Indian,Vegetable Preparations,South India,100g,110.0,2.5,12.0,5.5,2.2,,,35.0,0.9,,,South Indian food dataset
SIF-0720,Snake Gourd Sabzi (South Indian style),South Indian,Vegetable Preparations,South India,100g,110.0,2.5,12.0,5.5,2.2,,,35.0,0.9,,,South Indian food dataset
SIF-0721,Snake Gourd Fry (South Indian style),South Indian,Vegetable Preparations,South India,100g,110.0,2.5,12.0,5.5,2.2,,,35.0,0.9,,,South Indian food dataset
SIF-0722,Ridge Gourd Gravy (South Indian style),South Indian,Vegetable Preparations,South India,100g,110.0,2.5,12.0,5.5,2.2,,,35.0,0.9,,,South Indian food dataset
SIF-0723,Ridge Gourd Masala (South Indian style),South Indian,Vegetable Preparations,South India,100g,110.0,2.5,12.0,5.5,2.2,,,35.0,0.9,,,South Indian food dataset
SIF-0724,Ridge Gourd Curry (South Indian style),South Indian,Vegetable Preparations,South India,100g,110.0,2.5,12.0,5.5,2.2,,,35.0,0.9,,,South Indian food dataset
SIF-0725,Ridge Gourd Kootu (South Indian style),South Indian,Vegetable Preparations,South India,100g,110.0,2.5,12.0,5.5,2.2,,,35.0,0.9,,,South Indian food dataset
SIF-0726,Ridge Gourd Kuzhambu (South Indian style),South Indian,Vegetable Preparations,South India,100g,110.0,2.5,12.0,5.5,2.2,,,35.0,0.9,,,South Indian food dataset
SIF-0727,Ridge Gourd Poriyal (South Indian style),South Indian,Vegetable Preparations,South India,100g,110.0,2.5,12.0,5.5,2.2,,,35.0,0.9,,,South Indian food dataset
SIF-0728,Ridge Gourd Sabzi (South Indian style),South Indian,Vegetable Preparations,South India,100g,110.0,2.5,12.0,5.5,2.2,,,35.0,0.9,,,South Indian food dataset
SIF-0729,Ridge Gourd Fry (South Indian style),South Indian,Vegetable Preparations,South India,100g,110.0,2.5,12.0,5.5,2.2,,,35.0,0.9,,,South Indian food dataset
SIF-0730,Bottle Gourd Gravy (South Indian style),South Indian,Vegetable Preparations,South India,100g,110.0,2.5,12.0,5.5,2.2,,,35.0,0.9,,,South Indian food dataset
SIF-0731,Bottle Gourd Masala (South Indian style),South Indian,Vegetable Preparations,South India,100g,110.0,2.5,12.0,5.5,2.2,,,35.0,0.9,,,South Indian food dataset
SIF-0732,Bottle Gourd Curry (South Indian style),South Indian,Vegetable Preparations,South India,100g,110.0,2.5,12.0,5.5,2.2,,,35.0,0.9,,,South Indian food dataset
SIF-0733,Bottle Gourd Kootu (South Indian style),South Indian,Vegetable Preparations,South India,100g,110.0,2.5,12.0,5.5,2.2,,,35.0,0.9,,,South Indian food dataset
SIF-0734,Bottle Gourd Kuzhambu (South Indian style),South Indian,Vegetable Preparations,South India,100g,110.0,2.5,12.0,5.5,2.2,,,35.0,0.9,,,South Indian food dataset
SIF-0735,Bottle Gourd Poriyal (South Indian style),South Indian,Vegetable Preparations,South India,100g,110.0,2.5,12.0,5.5,2.2,,,35.0,0.9,,,South Indian food dataset
SIF-0736,Bottle Gourd Sabzi (South Indian style),South Indian,Vegetable Preparations,South India,100g,110.0,2.5,12.0,5.5,2.2,,,35.0,0.9,,,South Indian food dataset
SIF-0737,Bottle Gourd Fry (South Indian style),South Indian,Vegetable Preparations,South India,100g,110.0,2.5,12.0,5.5,2.2,,,35.0,0.9,,,South Indian food dataset
SIF-0738,Ivy Gourd Gravy (South Indian style),South Indian,Vegetable Preparations,South India,100g,110.0,2.5,12.0,5.5,2.2,,,35.0,0.9,,,South Indian food dataset
SIF-0739,Ivy Gourd Masala (South Indian style),South Indian,Vegetable Preparations,South India,100g,110.0,2.5,12.0,5.5,2.2,,,35.0,0.9,,,South Indian food dataset
SIF-0740,Ivy Gourd Curry (South Indian style),South Indian,Vegetable Preparations,South India,100g,110.0,2.5,12.0,5.5,2.2,,,35.0,0.9,,,South Indian food dataset
SIF-0741,Ivy Gourd Kootu (South Indian style),South Indian,Vegetable Preparations,South India,100g,110.0,2.5,12.0,5.5,2.2,,,35.0,0.9,,,South Indian food dataset
SIF-0742,Ivy Gourd Kuzhambu (South Indian style),South Indian,Vegetable Preparations,South India,100g,110.0,2.5,12.0,5.5,2.2,,,35.0,0.9,,,South Indian food dataset
SIF-0743,Ivy Gourd Poriyal (South Indian style),South Indian,Vegetable Preparations,South India,100g,110.0,2.5,12.0,5.5,2.2,,,35.0,0.9,,,South Indian food dataset
SIF-0744,Ivy Gourd Sabzi (South Indian style),South Indian,Vegetable Preparations,South India,100g,110.0,2.5,12.0,5.5,2.2,,,35.0,0.9,,,South Indian food dataset
SIF-0745,Ivy Gourd Fry (South Indian style),South Indian,Vegetable Preparations,South India,100g,110.0,2.5,12.0,5.5,2.2,,,35.0,0.9,,,South Indian food dataset
SIF-0746,Cluster Beans Gravy (South Indian style),South Indian,Vegetable Preparations,South India,100g,110.0,2.5,12.0,5.5,2.2,,,35.0,0.9,,,South Indian food dataset
SIF-0747,Cluster Beans Masala (South Indian style),South Indian,Vegetable Preparations,South India,100g,110.0,2.5,12.0,5.5,2.2,,,35.0,0.9,,,South Indian food dataset
SIF-0748,Cluster Beans Curry (South Indian style),South Indian,Vegetable Preparations,South India,100g,110.0,2.5,12.0,5.5,2.2,,,35.0,0.9,,,South Indian food dataset
SIF-0749,Cluster Beans Kootu (South Indian style),South Indian,Vegetable Preparations,South India,100g,110.0,2.5,12.0,5.5,2.2,,,35.0,0.9,,,South Indian food dataset
SIF-0750,Cluster Beans Kuzhambu (South Indian style),South Indian,Vegetable Preparations,South India,100g,110.0,2.5,12.0,5.5,2.2,,,35.0,0.9,,,South Indian food dataset
SIF-0751,Cluster Beans Poriyal (South Indian style),South Indian,Vegetable Preparations,South India,100g,110.0,2.5,12.0,5.5,2.2,,,35.0,0.9,,,South Indian food dataset
SIF-0752,Cluster Beans Sabzi (South Indian style),South Indian,Vegetable Preparations,South India,100g,110.0,2.5,12.0,5.5,2.2,,,35.0,0.9,,,South Indian food dataset
SIF-0753,Cluster Beans Fry (South Indian style),South Indian,Vegetable Preparations,South India,100g,110.0,2.5,12.0,5.5,2.2,,,35.0,0.9,,,South Indian food dataset
SIF-0754,Broad Beans Gravy (South Indian style),South Indian,Vegetable Preparations,South India,100g,110.0,2.5,12.0,5.5,2.2,,,35.0,0.9,,,South Indian food dataset
SIF-0755,Broad Beans Masala (South Indian style),South Indian,Vegetable Preparations,South India,100g,110.0,2.5,12.0,5.5,2.2,,,35.0,0.9,,,South Indian food dataset
SIF-0756,Broad Beans Curry (South Indian style),South Indian,Vegetable Preparations,South India,100g,110.0,2.5,12.0,5.5,2.2,,,35.0,0.9,,,South Indian food dataset
SIF-0757,Broad Beans Kootu (South Indian style),South Indian,Vegetable Preparations,South India,100g,110.0,2.5,12.0,5.5,2.2,,,35.0,0.9,,,South Indian food dataset
SIF-0758,Broad Beans Kuzhambu (South Indian style),South Indian,Vegetable Preparations,South India,100g,110.0,2.5,12.0,5.5,2.2,,,35.0,0.9,,,South Indian food dataset
SIF-0759,Broad Beans Poriyal (South Indian style),South Indian,Vegetable Preparations,South India,100g,110.0,2.5,12.0,5.5,2.2,,,35.0,0.9,,,South Indian food dataset
SIF-0760,Broad Beans Sabzi (South Indian style),South Indian,Vegetable Preparations,South India,100g,110.0,2.5,12.0,5.5,2.2,,,35.0,0.9,,,South Indian food dataset
SIF-0761,Broad Beans Fry (South Indian style),South Indian,Vegetable Preparations,South India,100g,110.0,2.5,12.0,5.5,2.2,,,35.0,0.9,,,South Indian food dataset
SIF-0762,Raw Banana Gravy (South Indian style),South Indian,Vegetable Preparations,South India,100g,110.0,2.5,12.0,5.5,2.2,,,35.0,0.9,,,South Indian food dataset
SIF-0763,Raw Banana Masala (South Indian style),South Indian,Vegetable Preparations,South India,100g,110.0,2.5,12.0,5.5,2.2,,,35.0,0.9,,,South Indian food dataset
SIF-0764,Raw Banana Curry (South Indian style),South Indian,Vegetable Preparations,South India,100g,110.0,2.5,12.0,5.5,2.2,,,35.0,0.9,,,South Indian food dataset
SIF-0765,Raw Banana Kootu (South Indian style),South Indian,Vegetable Preparations,South India,100g,110.0,2.5,12.0,5.5,2.2,,,35.0,0.9,,,South Indian food dataset
SIF-0766,Raw Banana Kuzhambu (South Indian style),South Indian,Vegetable Preparations,South India,100g,110.0,2.5,12.0,5.5,2.2,,,35.0,0.9,,,South Indian food dataset
SIF-0767,Raw Banana Poriyal (South Indian style),South Indian,Vegetable Preparations,South India,100g,110.0,2.5,12.0,5.5,2.2,,,35.0,0.9,,,South Indian food dataset
SIF-0768,Raw Banana Sabzi (South Indian style),South Indian,Vegetable Preparations,South India,100g,110.0,2.5,12.0,5.5,2.2,,,35.0,0.9,,,South Indian food dataset
SIF-0769,Raw Banana Fry (South Indian style),South Indian,Vegetable Preparations,South India,100g,110.0,2.5,12.0,5.5,2.2,,,35.0,0.9,,,South Indian food dataset
SIF-0770,Yam Gravy (South Indian style),South Indian,Vegetable Preparations,South India,100g,110.0,2.5,12.0,5.5,2.2,,,35.0,0.9,,,South Indian food dataset
SIF-0771,Yam Masala (South Indian style),South Indian,Vegetable Preparations,South India,100g,110.0,2.5,12.0,5.5,2.2,,,35.0,0.9,,,South Indian food dataset
SIF-0772,Yam Curry (South Indian style),South Indian,Vegetable Preparations,South India,100g,110.0,2.5,12.0,5.5,2.2,,,35.0,0.9,,,South Indian food dataset
SIF-0773,Yam Kootu (South Indian style),South Indian,Vegetable Preparations,South India,100g,110.0,2.5,12.0,5.5,2.2,,,35.0,0.9,,,South Indian food dataset
SIF-0774,Yam Kuzhambu (South Indian style),South Indian,Vegetable Preparations,South India,100g,110.0,2.5,12.0,5.5,2.2,,,35.0,0.9,,,South Indian food dataset
SIF-0775,Yam Poriyal (South Indian style),South Indian,Vegetable Preparations,South India,100g,110.0,2.5,12.0,5.5,2.2,,,35.0,0.9,,,South Indian food dataset
SIF-0776,Yam Sabzi (South Indian style),South Indian,Vegetable Preparations,South India,100g,110.0,2.5,12.0,5.5,2.2,,,35.0,0.9,,,South Indian food dataset
SIF-0777,Yam Fry (South Indian style),South Indian,Vegetable Preparations,South India,100g,110.0,2.5,12.0,5.5,2.2,,,35.0,0.9,,,South Indian food dataset
SIF-0778,Colocasia Gravy (South Indian style),South Indian,Vegetable Preparations,South India,100g,110.0,2.5,12.0,5.5,2.2,,,35.0,0.9,,,South Indian food dataset
SIF-0779,Colocasia Masala (South Indian style),South Indian,Vegetable Preparations,South India,100g,110.0,2.5,12.0,5.5,2.2,,,35.0,0.9,,,South Indian food dataset
SIF-0780,Colocasia Curry (South Indian style),South Indian,Vegetable Preparations,South India,100g,110.0,2.5,12.0,5.5,2.2,,,35.0,0.9,,,South Indian food dataset
SIF-0781,Colocasia Kootu (South Indian style),South Indian,Vegetable Preparations,South India,100g,110.0,2.5,12.0,5.5,2.2,,,35.0,0.9,,,South Indian food dataset
SIF-0782,Colocasia Kuzhambu (South Indian style),South Indian,Vegetable Preparations,South India,100g,110.0,2.5,12.0,5.5,2.2,,,35.0,0.9,,,South Indian food dataset
SIF-0783,Colocasia Poriyal (South Indian style),South Indian,Vegetable Preparations,South India,100g,110.0,2.5,12.0,5.5,2.2,,,35.0,0.9,,,South Indian food dataset
SIF-0784,Colocasia Sabzi (South Indian style),South Indian,Vegetable Preparations,South India,100g,110.0,2.5,12.0,5.5,2.2,,,35.0,0.9,,,South Indian food dataset
SIF-0785,Colocasia Fry (South Indian style),South Indian,Vegetable Preparations,South India,100g,110.0,2.5,12.0,5.5,2.2,,,35.0,0.9,,,South Indian food dataset
SIF-0786,Drumstick Gravy (South Indian style),South Indian,Vegetable Preparations,South India,100g,110.0,2.5,12.0,5.5,2.2,,,35.0,0.9,,,South Indian food dataset
SIF-0787,Drumstick Masala (South Indian style),South Indian,Vegetable Preparations,South India,100g,110.0,2.5,12.0,5.5,2.2,,,35.0,0.9,,,South Indian food dataset
SIF-0788,Drumstick Curry (South Indian style),South Indian,Vegetable Preparations,South India,100g,110.0,2.5,12.0,5.5,2.2,,,35.0,0.9,,,South Indian food dataset
SIF-0789,Drumstick Kootu (South Indian style),South Indian,Vegetable Preparations,South India,100g,110.0,2.5,12.0,5.5,2.2,,,35.0,0.9,,,South Indian food dataset
SIF-0790,Drumstick Kuzhambu (South Indian style),South Indian,Vegetable Preparations,South India,100g,110.0,2.5,12.0,5.5,2.2,,,35.0,0.9,,,South Indian food dataset
SIF-0791,Drumstick Poriyal (South Indian style),South Indian,Vegetable Preparations,South India,100g,110.0,2.5,12.0,5.5,2.2,,,35.0,0.9,,,South Indian food dataset
SIF-0792,Drumstick Sabzi (South Indian style),South Indian,Vegetable Preparations,South India,100g,110.0,2.5,12.0,5.5,2.2,,,35.0,0.9,,,South Indian food dataset
SIF-0793,Drumstick Fry (South Indian style),South Indian,Vegetable Preparations,South India,100g,110.0,2.5,12.0,5.5,2.2,,,35.0,0.9,,,South Indian food dataset
SIF-0794,Chow Chow Gravy (South Indian style),South Indian,Vegetable Preparations,South India,100g,110.0,2.5,12.0,5.5,2.2,,,35.0,0.9,,,South Indian food dataset
SIF-0795,Chow Chow Masala (South Indian style),South Indian,Vegetable Preparations,South India,100g,110.0,2.5,12.0,5.5,2.2,,,35.0,0.9,,,South Indian food dataset
SIF-0796,Chow Chow Curry (South Indian style),South Indian,Vegetable Preparations,South India,100g,110.0,2.5,12.0,5.5,2.2,,,35.0,0.9,,,South Indian food dataset
SIF-0797,Chow Chow Kootu (South Indian style),South Indian,Vegetable Preparations,South India,100g,110.0,2.5,12.0,5.5,2.2,,,35.0,0.9,,,South Indian food dataset
SIF-0798,Chow Chow Kuzhambu (South Indian style),South Indian,Vegetable Preparations,South India,100g,110.0,2.5,12.0,5.5,2.2,,,35.0,0.9,,,South Indian food dataset
SIF-0799,Chow Chow Poriyal (South Indian style),South Indian,Vegetable Preparations,South India,100g,110.0,2.5,12.0,5.5,2.2,,,35.0,0.9,,,South Indian food dataset
SIF-0800,Chow Chow Sabzi (South Indian style),South Indian,Vegetable Preparations,South India,100g,110.0,2.5,12.0,5.5,2.2,,,35.0,0.9,,,South Indian food dataset
SIF-0801,Chow Chow Fry (South Indian style),South Indian,Vegetable Preparations,South India,100g,110.0,2.5,12.0,5.5,2.2,,,35.0,0.9,,,South Indian food dataset
SIF-0802,Beans Gravy (South Indian style),South Indian,Vegetable Preparations,South India,100g,110.0,2.5,12.0,5.5,2.2,,,35.0,0.9,,,South Indian food dataset
SIF-0803,Beans Masala (South Indian style),South Indian,Vegetable Preparations,South India,100g,110.0,2.5,12.0,5.5,2.2,,,35.0,0.9,,,South Indian food dataset
SIF-0804,Beans Curry (South Indian style),South Indian,Vegetable Preparations,South India,100g,110.0,2.5,12.0,5.5,2.2,,,35.0,0.9,,,South Indian food dataset
SIF-0805,Beans Kootu (South Indian style),South Indian,Vegetable Preparations,South India,100g,110.0,2.5,12.0,5.5,2.2,,,35.0,0.9,,,South Indian food dataset
SIF-0806,Beans Kuzhambu (South Indian style),South Indian,Vegetable Preparations,South India,100g,110.0,2.5,12.0,5.5,2.2,,,35.0,0.9,,,South Indian food dataset
SIF-0807,Beans Poriyal (South Indian style),South Indian,Vegetable Preparations,South India,100g,110.0,2.5,12.0,5.5,2.2,,,35.0,0.9,,,South Indian food dataset
SIF-0808,Beans Sabzi (South Indian style),South Indian,Vegetable Preparations,South India,100g,110.0,2.5,12.0,5.5,2.2,,,35.0,0.9,,,South Indian food dataset
SIF-0809,Beans Fry (South Indian style),South Indian,Vegetable Preparations,South India,100g,110.0,2.5,12.0,5.5,2.2,,,35.0,0.9,,,South Indian food dataset
SIF-0810,Radish Gravy (South Indian style),South Indian,Vegetable Preparations,South India,100g,110.0,2.5,12.0,5.5,2.2,,,35.0,0.9,,,South Indian food dataset
SIF-0811,Radish Masala (South Indian style),South Indian,Vegetable Preparations,South India,100g,110.0,2.5,12.0,5.5,2.2,,,35.0,0.9,,,South Indian food dataset
SIF-0812,Radish Curry (South Indian style),South Indian,Vegetable Preparations,South India,100g,110.0,2.5,12.0,5.5,2.2,,,35.0,0.9,,,South Indian food dataset
SIF-0813,Radish Kootu (South Indian style),South Indian,Vegetable Preparations,South India,100g,110.0,2.5,12.0,5.5,2.2,,,35.0,0.9,,,South Indian food dataset
SIF-0814,Radish Kuzhambu (South Indian style),South Indian,Vegetable Preparations,South India,100g,110.0,2.5,12.0,5.5,2.2,,,35.0,0.9,,,South Indian food dataset
SIF-0815,Radish Poriyal (South Indian style),South Indian,Vegetable Preparations,South India,100g,110.0,2.5,12.0,5.5,2.2,,,35.0,0.9,,,South Indian food dataset
SIF-0816,Radish Sabzi (South Indian style),South Indian,Vegetable Preparations,South India,100g,110.0,2.5,12.0,5.5,2.2,,,35.0,0.9,,,South Indian food dataset
SIF-0817,Radish Fry (South Indian style),South Indian,Vegetable Preparations,South India,100g,110.0,2.5,12.0,5.5,2.2,,,35.0,0.9,,,South Indian food dataset
SIF-0818,Tomato Gravy (South Indian style),South Indian,Vegetable Preparations,South India,100g,110.0,2.5,12.0,5.5,2.2,,,35.0,0.9,,,South Indian food dataset
SIF-0819,Tomato Masala (South Indian style),South Indian,Vegetable Preparations,South India,100g,110.0,2.5,12.0,5.5,2.2,,,35.0,0.9,,,South Indian food dataset
SIF-0820,Tomato Curry (South Indian style),South Indian,Vegetable Preparations,South India,100g,110.0,2.5,12.0,5.5,2.2,,,35.0,0.9,,,South Indian food dataset
SIF-0821,Tomato Kootu (South Indian style),South Indian,Vegetable Preparations,South India,100g,110.0,2.5,12.0,5.5,2.2,,,35.0,0.9,,,South Indian food dataset
SIF-0822,Tomato Kuzhambu (South Indian style),South Indian,Vegetable Preparations,South India,100g,110.0,2.5,12.0,5.5,2.2,,,35.0,0.9,,,South Indian food dataset
SIF-0823,Tomato Poriyal (South Indian style),South Indian,Vegetable Preparations,South India,100g,110.0,2.5,12.0,5.5,2.2,,,35.0,0.9,,,South Indian food dataset
SIF-0824,Tomato Sabzi (South Indian style),South Indian,Vegetable Preparations,South India,100g,110.0,2.5,12.0,5.5,2.2,,,35.0,0.9,,,South Indian food dataset
SIF-0825,Tomato Fry (South Indian style),South Indian,Vegetable Preparations,South India,100g,110.0,2.5,12.0,5.5,2.2,,,35.0,0.9,,,South Indian food dataset
SIF-0826,Capsicum Gravy (South Indian style),South Indian,Vegetable Preparations,South India,100g,110.0,2.5,12.0,5.5,2.2,,,35.0,0.9,,,South Indian food dataset
SIF-0827,Capsicum Masala (South Indian style),South Indian,Vegetable Preparations,South India,100g,110.0,2.5,12.0,5.5,2.2,,,35.0,0.9,,,South Indian food dataset
SIF-0828,Capsicum Curry (South Indian style),South Indian,Vegetable Preparations,South India,100g,110.0,2.5,12.0,5.5,2.2,,,35.0,0.9,,,South Indian food dataset
SIF-0829,Capsicum Kootu (South Indian style),South Indian,Vegetable Preparations,South India,100g,110.0,2.5,12.0,5.5,2.2,,,35.0,0.9,,,South Indian food dataset
SIF-0830,Capsicum Kuzhambu (South Indian style),South Indian,Vegetable Preparations,South India,100g,110.0,2.5,12.0,5.5,2.2,,,35.0,0.9,,,South Indian food dataset
SIF-0831,Capsicum Poriyal (South Indian style),South Indian,Vegetable Preparations,South India,100g,110.0,2.5,12.0,5.5,2.2,,,35.0,0.9,,,South Indian food dataset
SIF-0832,Capsicum Sabzi (South Indian style),South Indian,Vegetable Preparations,South India,100g,110.0,2.5,12.0,5.5,2.2,,,35.0,0.9,,,South Indian food dataset
SIF-0833,Capsicum Fry (South Indian style),South Indian,Vegetable Preparations,South India,100g,110.0,2.5,12.0,5.5,2.2,,,35.0,0.9,,,South Indian food dataset
SIF-0834,Green Peas Gravy (South Indian style),South Indian,Vegetable Preparations,South India,100g,110.0,2.5,12.0,5.5,2.2,,,35.0,0.9,,,South Indian food dataset
SIF-0835,Green Peas Masala (South Indian style),South Indian,Vegetable Preparations,South India,100g,110.0,2.5,12.0,5.5,2.2,,,35.0,0.9,,,South Indian food dataset
SIF-0836,Green Peas Curry (South Indian style),South Indian,Vegetable Preparations,South India,100g,110.0,2.5,12.0,5.5,2.2,,,35.0,0.9,,,South Indian food dataset
SIF-0837,Green Peas Kootu (South Indian style),South Indian,Vegetable Preparations,South India,100g,110.0,2.5,12.0,5.5,2.2,,,35.0,0.9,,,South Indian food dataset
SIF-0838,Green Peas Kuzhambu (South Indian style),South Indian,Vegetable Preparations,South India,100g,110.0,2.5,12.0,5.5,2.2,,,35.0,0.9,,,South Indian food dataset
SIF-0839,Green Peas Poriyal (South Indian style),South Indian,Vegetable Preparations,South India,100g,110.0,2.5,12.0,5.5,2.2,,,35.0,0.9,,,South Indian food dataset
SIF-0840,Green Peas Sabzi (South Indian style),South Indian,Vegetable Preparations,South India,100g,110.0,2.5,12.0,5.5,2.2,,,35.0,0.9,,,South Indian food dataset
SIF-0841,Green Peas Fry (South Indian style),South Indian,Vegetable Preparations,South India,100g,110.0,2.5,12.0,5.5,2.2,,,35.0,0.9,,,South Indian food dataset
SIF-0842,Mushroom Gravy (South Indian style),South Indian,Vegetable Preparations,South India,100g,110.0,2.5,12.0,5.5,2.2,,,35.0,0.9,,,South Indian food dataset
SIF-0843,Mushroom Masala (South Indian style),South Indian,Vegetable Preparations,South India,100g,110.0,2.5,12.0,5.5,2.2,,,35.0,0.9,,,South Indian food dataset
SIF-0844,Mushroom Curry (South Indian style),South Indian,Vegetable Preparations,South India,100g,110.0,2.5,12.0,5.5,2.2,,,35.0,0.9,,,South Indian food dataset
SIF-0845,Mushroom Kootu (South Indian style),South Indian,Vegetable Preparations,South India,100g,110.0,2.5,12.0,5.5,2.2,,,35.0,0.9,,,South Indian food dataset
SIF-0846,Mushroom Kuzhambu (South Indian style),South Indian,Vegetable Preparations,South India,100g,110.0,2.5,12.0,5.5,2.2,,,35.0,0.9,,,South Indian food dataset
SIF-0847,Mushroom Poriyal (South Indian style),South Indian,Vegetable Preparations,South India,100g,110.0,2.5,12.0,5.5,2.2,,,35.0,0.9,,,South Indian food dataset
SIF-0848,Mushroom Sabzi (South Indian style),South Indian,Vegetable Preparations,South India,100g,110.0,2.5,12.0,5.5,2.2,,,35.0,0.9,,,South Indian food dataset
SIF-0849,Mushroom Fry (South Indian style),South Indian,Vegetable Preparations,South India,100g,110.0,2.5,12.0,5.5,2.2,,,35.0,0.9,,,South Indian food dataset
SIF-0850,Sweet Potato Gravy (South Indian style),South Indian,Vegetable Preparations,South India,100g,110.0,2.5,12.0,5.5,2.2,,,35.0,0.9,,,South Indian food dataset
SIF-0851,Sweet Potato Masala (South Indian style),South Indian,Vegetable Preparations,South India,100g,110.0,2.5,12.0,5.5,2.2,,,35.0,0.9,,,South Indian food dataset
SIF-0852,Sweet Potato Curry (South Indian style),South Indian,Vegetable Preparations,South India,100g,110.0,2.5,12.0,5.5,2.2,,,35.0,0.9,,,South Indian food dataset
SIF-0853,Sweet Potato Kootu (South Indian style),South Indian,Vegetable Preparations,South India,100g,110.0,2.5,12.0,5.5,2.2,,,35.0,0.9,,,South Indian food dataset
SIF-0854,Sweet Potato Kuzhambu (South Indian style),South Indian,Vegetable Preparations,South India,100g,110.0,2.5,12.0,5.5,2.2,,,35.0,0.9,,,South Indian food dataset
SIF-0855,Sweet Potato Poriyal (South Indian style),South Indian,Vegetable Preparations,South India,100g,110.0,2.5,12.0,5.5,2.2,,,35.0,0.9,,,South Indian food dataset
SIF-0856,Sweet Potato Sabzi (South Indian style),South Indian,Vegetable Preparations,South India,100g,110.0,2.5,12.0,5.5,2.2,,,35.0,0.9,,,South Indian food dataset
SIF-0857,Sweet Potato Fry (South Indian style),South Indian,Vegetable Preparations,South India,100g,110.0,2.5,12.0,5.5,2.2,,,35.0,0.9,,,South Indian food dataset
SIF-0858,Tapioca Gravy (South Indian style),South Indian,Vegetable Preparations,South India,100g,110.0,2.5,12.0,5.5,2.2,,,35.0,0.9,,,South Indian food dataset
SIF-0859,Tapioca Masala (South Indian style),South Indian,Vegetable Preparations,South India,100g,110.0,2.5,12.0,5.5,2.2,,,35.0,0.9,,,South Indian food dataset
SIF-0860,Tapioca Curry (South Indian style),South Indian,Vegetable Preparations,South India,100g,110.0,2.5,12.0,5.5,2.2,,,35.0,0.9,,,South Indian food dataset
SIF-0861,Tapioca Kootu (South Indian style),South Indian,Vegetable Preparations,South India,100g,110.0,2.5,12.0,5.5,2.2,,,35.0,0.9,,,South Indian food dataset
SIF-0862,Tapioca Kuzhambu (South Indian style),South Indian,Vegetable Preparations,South India,100g,110.0,2.5,12.0,5.5,2.2,,,35.0,0.9,,,South Indian food dataset
SIF-0863,Tapioca Poriyal (South Indian style),South Indian,Vegetable Preparations,South India,100g,110.0,2.5,12.0,5.5,2.2,,,35.0,0.9,,,South Indian food dataset
SIF-0864,Tapioca Sabzi (South Indian style),South Indian,Vegetable Preparations,South India,100g,110.0,2.5,12.0,5.5,2.2,,,35.0,0.9,,,South Indian food dataset
SIF-0865,Tapioca Fry (South Indian style),South Indian,Vegetable Preparations,South India,100g,110.0,2.5,12.0,5.5,2.2,,,35.0,0.9,,,South Indian food dataset
SIF-0866,Jackfruit (Raw) Gravy (South Indian style),South Indian,Vegetable Preparations,South India,100g,110.0,2.5,12.0,5.5,2.2,,,35.0,0.9,,,South Indian food dataset
SIF-0867,Jackfruit (Raw) Masala (South Indian style),South Indian,Vegetable Preparations,South India,100g,110.0,2.5,12.0,5.5,2.2,,,35.0,0.9,,,South Indian food dataset
SIF-0868,Jackfruit (Raw) Curry (South Indian style),South Indian,Vegetable Preparations,South India,100g,110.0,2.5,12.0,5.5,2.2,,,35.0,0.9,,,South Indian food dataset
SIF-0869,Jackfruit (Raw) Kootu (South Indian style),South Indian,Vegetable Preparations,South India,100g,110.0,2.5,12.0,5.5,2.2,,,35.0,0.9,,,South Indian food dataset
SIF-0870,Jackfruit (Raw) Kuzhambu (South Indian style),South Indian,Vegetable Preparations,South India,100g,110.0,2.5,12.0,5.5,2.2,,,35.0,0.9,,,South Indian food dataset
SIF-0871,Jackfruit (Raw) Poriyal (South Indian style),South Indian,Vegetable Preparations,South India,100g,110.0,2.5,12.0,5.5,2.2,,,35.0,0.9,,,South Indian food dataset
SIF-0872,Jackfruit (Raw) Sabzi (South Indian style),South Indian,Vegetable Preparations,South India,100g,110.0,2.5,12.0,5.5,2.2,,,35.0,0.9,,,South Indian food dataset
SIF-0873,Jackfruit (Raw) Fry (South Indian style),South Indian,Vegetable Preparations,South India,100g,110.0,2.5,12.0,5.5,2.2,,,35.0,0.9,,,South Indian food dataset
SIF-0874,Banana Flower Gravy (South Indian style),South Indian,Vegetable Preparations,South India,100g,110.0,2.5,12.0,5.5,2.2,,,35.0,0.9,,,South Indian food dataset
SIF-0875,Banana Flower Masala (South Indian style),South Indian,Vegetable Preparations,South India,100g,110.0,2.5,12.0,5.5,2.2,,,35.0,0.9,,,South Indian food dataset
SIF-0876,Banana Flower Curry (South Indian style),South Indian,Vegetable Preparations,South India,100g,110.0,2.5,12.0,5.5,2.2,,,35.0,0.9,,,South Indian food dataset
SIF-0877,Banana Flower Kootu (South Indian style),South Indian,Vegetable Preparations,South India,100g,110.0,2.5,12.0,5.5,2.2,,,35.0,0.9,,,South Indian food dataset
SIF-0878,Banana Flower Kuzhambu (South Indian style),South Indian,Vegetable Preparations,South India,100g,110.0,2.5,12.0,5.5,2.2,,,35.0,0.9,,,South Indian food dataset
SIF-0879,Banana Flower Poriyal (South Indian style),South Indian,Vegetable Preparations,South India,100g,110.0,2.5,12.0,5.5,2.2,,,35.0,0.9,,,South Indian food dataset
SIF-0880,Banana Flower Sabzi (South Indian style),South Indian,Vegetable Preparations,South India,100g,110.0,2.5,12.0,5.5,2.2,,,35.0,0.9,,,South Indian food dataset
SIF-0881,Banana Flower Fry (South Indian style),South Indian,Vegetable Preparations,South India,100g,110.0,2.5,12.0,5.5,2.2,,,35.0,0.9,,,South Indian food dataset
SIF-0882,Chicken Curry (South Indian),South Indian,Non-Veg Preparations,South India,100g,205.0,16.0,7.0,13.0,0.7,,,25.0,1.6,,,South Indian food dataset
SIF-0883,Chicken Fry (South Indian),South Indian,Non-Veg Preparations,South India,100g,205.0,16.0,7.0,13.0,0.7,,,25.0,1.6,,,South Indian food dataset
SIF-0884,Chicken Roast (South Indian),South Indian,Non-Veg Preparations,South India,100g,205.0,16.0,7.0,13.0,0.7,,,25.0,1.6,,,South Indian food dataset
SIF-0885,Chicken Masala (South Indian),South Indian,Non-Veg Preparations,South India,100g,205.0,16.0,7.0,13.0,0.7,,,25.0,1.6,,,South Indian food dataset
SIF-0886,Chicken Kuzhambu (South Indian),South Indian,Non-Veg Preparations,South India,100g,205.0,16.0,7.0,13.0,0.7,,,25.0,1.6,,,South Indian food dataset
SIF-0887,Chicken Pepper Fry (South Indian),South Indian,Non-Veg Preparations,South India,100g,205.0,16.0,7.0,13.0,0.7,,,25.0,1.6,,,South Indian food dataset
SIF-0888,Chicken 65 (South Indian),South Indian,Non-Veg Preparations,South India,100g,205.0,16.0,7.0,13.0,0.7,,,25.0,1.6,,,South Indian food dataset
SIF-0889,Chicken Chukka (South Indian),South Indian,Non-Veg Preparations,South India,100g,205.0,16.0,7.0,13.0,0.7,,,25.0,1.6,,,South Indian food dataset
SIF-0890,Chicken Sukka (South Indian),South Indian,Non-Veg Preparations,South India,100g,205.0,16.0,7.0,13.0,0.7,,,25.0,1.6,,,South Indian food dataset
SIF-0891,Mutton Curry (South Indian),South Indian,Non-Veg Preparations,South India,100g,205.0,16.0,7.0,13.0,0.7,,,25.0,1.6,,,South Indian food dataset
SIF-0892,Mutton Fry (South Indian),South Indian,Non-Veg Preparations,South India,100g,205.0,16.0,7.0,13.0,0.7,,,25.0,1.6,,,South Indian food dataset
SIF-0893,Mutton Roast (South Indian),South Indian,Non-Veg Preparations,South India,100g,205.0,16.0,7.0,13.0,0.7,,,25.0,1.6,,,South Indian food dataset
SIF-0894,Mutton Masala (South Indian),South Indian,Non-Veg Preparations,South India,100g,205.0,16.0,7.0,13.0,0.7,,,25.0,1.6,,,South Indian food dataset
SIF-0895,Mutton Kuzhambu (South Indian),South Indian,Non-Veg Preparations,South India,100g,205.0,16.0,7.0,13.0,0.7,,,25.0,1.6,,,South Indian food dataset
SIF-0896,Mutton Pepper Fry (South Indian),South Indian,Non-Veg Preparations,South India,100g,205.0,16.0,7.0,13.0,0.7,,,25.0,1.6,,,South Indian food dataset
SIF-0897,Mutton 65 (South Indian),South Indian,Non-Veg Preparations,South India,100g,205.0,16.0,7.0,13.0,0.7,,,25.0,1.6,,,South Indian food dataset
SIF-0898,Mutton Chukka (South Indian),South Indian,Non-Veg Preparations,South India,100g,205.0,16.0,7.0,13.0,0.7,,,25.0,1.6,,,South Indian food dataset
SIF-0899,Mutton Sukka (South Indian),South Indian,Non-Veg Preparations,South India,100g,205.0,16.0,7.0,13.0,0.7,,,25.0,1.6,,,South Indian food dataset
SIF-0900,Fish Curry (South Indian),South Indian,Non-Veg Preparations,South India,100g,205.0,16.0,7.0,13.0,0.7,,,25.0,1.6,,,South Indian food dataset
SIF-0901,Fish Fry (South Indian),South Indian,Non-Veg Preparations,South India,100g,205.0,16.0,7.0,13.0,0.7,,,25.0,1.6,,,South Indian food dataset
SIF-0902,Fish Roast (South Indian),South Indian,Non-Veg Preparations,South India,100g,205.0,16.0,7.0,13.0,0.7,,,25.0,1.6,,,South Indian food dataset
SIF-0903,Fish Masala (South Indian),South Indian,Non-Veg Preparations,South India,100g,205.0,16.0,7.0,13.0,0.7,,,25.0,1.6,,,South Indian food dataset
SIF-0904,Fish Kuzhambu (South Indian),South Indian,Non-Veg Preparations,South India,100g,205.0,16.0,7.0,13.0,0.7,,,25.0,1.6,,,South Indian food dataset
SIF-0905,Fish Pepper Fry (South Indian),South Indian,Non-Veg Preparations,South India,100g,205.0,16.0,7.0,13.0,0.7,,,25.0,1.6,,,South Indian food dataset
SIF-0906,Fish 65 (South Indian),South Indian,Non-Veg Preparations,South India,100g,205.0,16.0,7.0,13.0,0.7,,,25.0,1.6,,,South Indian food dataset
SIF-0907,Fish Chukka (South Indian),South Indian,Non-Veg Preparations,South India,100g,205.0,16.0,7.0,13.0,0.7,,,25.0,1.6,,,South Indian food dataset
SIF-0908,Fish Sukka (South Indian),South Indian,Non-Veg Preparations,South India,100g,205.0,16.0,7.0,13.0,0.7,,,25.0,1.6,,,South Indian food dataset
SIF-0909,Prawn Curry (South Indian),South Indian,Non-Veg Preparations,South India,100g,205.0,16.0,7.0,13.0,0.7,,,25.0,1.6,,,South Indian food dataset
SIF-0910,Prawn Fry (South Indian),South Indian,Non-Veg Preparations,South India,100g,205.0,16.0,7.0,13.0,0.7,,,25.0,1.6,,,South Indian food dataset
SIF-0911,Prawn Roast (South Indian),South Indian,Non-Veg Preparations,South India,100g,205.0,16.0,7.0,13.0,0.7,,,25.0,1.6,,,South Indian food dataset
SIF-0912,Prawn Masala (South Indian),South Indian,Non-Veg Preparations,South India,100g,205.0,16.0,7.0,13.0,0.7,,,25.0,1.6,,,South Indian food dataset
SIF-0913,Prawn Kuzhambu (South Indian),South Indian,Non-Veg Preparations,South India,100g,205.0,16.0,7.0,13.0,0.7,,,25.0,1.6,,,South Indian food dataset
SIF-0914,Prawn Pepper Fry (South Indian),South Indian,Non-Veg Preparations,South India,100g,205.0,16.0,7.0,13.0,0.7,,,25.0,1.6,,,South Indian food dataset
SIF-0915,Prawn 65 (South Indian),South Indian,Non-Veg Preparations,South India,100g,205.0,16.0,7.0,13.0,0.7,,,25.0,1.6,,,South Indian food dataset
SIF-0916,Prawn Chukka (South Indian),South Indian,Non-Veg Preparations,South India,100g,205.0,16.0,7.0,13.0,0.7,,,25.0,1.6,,,South Indian food dataset
SIF-0917,Prawn Sukka (South Indian),South Indian,Non-Veg Preparations,South India,100g,205.0,16.0,7.0,13.0,0.7,,,25.0,1.6,,,South Indian food dataset
SIF-0918,Egg Fry (South Indian),South Indian,Non-Veg Preparations,South India,100g,205.0,16.0,7.0,13.0,0.7,,,25.0,1.6,,,South Indian food dataset
SIF-0919,Egg Roast (South Indian),South Indian,Non-Veg Preparations,South India,100g,205.0,16.0,7.0,13.0,0.7,,,25.0,1.6,,,South Indian food dataset
SIF-0920,Egg Masala (South Indian),South Indian,Non-Veg Preparations,South India,100g,205.0,16.0,7.0,13.0,0.7,,,25.0,1.6,,,South Indian food dataset
SIF-0921,Egg Kuzhambu (South Indian),South Indian,Non-Veg Preparations,South India,100g,205.0,16.0,7.0,13.0,0.7,,,25.0,1.6,,,South Indian food dataset
SIF-0922,Egg Pepper Fry (South Indian),South Indian,Non-Veg Preparations,South India,100g,205.0,16.0,7.0,13.0,0.7,,,25.0,1.6,,,South Indian food dataset
SIF-0923,Egg 65 (South Indian),South Indian,Non-Veg Preparations,South India,100g,205.0,16.0,7.0,13.0,0.7,,,25.0,1.6,,,South Indian food dataset
SIF-0924,Egg Chukka (South Indian),South Indian,Non-Veg Preparations,South India,100g,205.0,16.0,7.0,13.0,0.7,,,25.0,1.6,,,South Indian food dataset
SIF-0925,Egg Sukka (South Indian),South Indian,Non-Veg Preparations,South India,100g,205.0,16.0,7.0,13.0,0.7,,,25.0,1.6,,,South Indian food dataset
SIF-0926,Crab Curry (South Indian),South Indian,Non-Veg Preparations,South India,100g,205.0,16.0,7.0,13.0,0.7,,,25.0,1.6,,,South Indian food dataset
SIF-0927,Crab Fry (South Indian),South Indian,Non-Veg Preparations,South India,100g,205.0,16.0,7.0,13.0,0.7,,,25.0,1.6,,,South Indian food dataset
SIF-0928,Crab Roast (South Indian),South Indian,Non-Veg Preparations,South India,100g,205.0,16.0,7.0,13.0,0.7,,,25.0,1.6,,,South Indian food dataset
SIF-0929,Crab Masala (South Indian),South Indian,Non-Veg Preparations,South India,100g,205.0,16.0,7.0,13.0,0.7,,,25.0,1.6,,,South Indian food dataset
SIF-0930,Crab Kuzhambu (South Indian),South Indian,Non-Veg Preparations,South India,100g,205.0,16.0,7.0,13.0,0.7,,,25.0,1.6,,,South Indian food dataset
SIF-0931,Crab Pepper Fry (South Indian),South Indian,Non-Veg Preparations,South India,100g,205.0,16.0,7.0,13.0,0.7,,,25.0,1.6,,,South Indian food dataset
SIF-0932,Crab 65 (South Indian),South Indian,Non-Veg Preparations,South India,100g,205.0,16.0,7.0,13.0,0.7,,,25.0,1.6,,,South Indian food dataset
SIF-0933,Crab Chukka (South Indian),South Indian,Non-Veg Preparations,South India,100g,205.0,16.0,7.0,13.0,0.7,,,25.0,1.6,,,South Indian food dataset
SIF-0934,Crab Sukka (South Indian),South Indian,Non-Veg Preparations,South India,100g,205.0,16.0,7.0,13.0,0.7,,,25.0,1.6,,,South Indian food dataset
SIF-0935,Squid Curry (South Indian),South Indian,Non-Veg Preparations,South India,100g,205.0,16.0,7.0,13.0,0.7,,,25.0,1.6,,,South Indian food dataset
SIF-0936,Squid Fry (South Indian),South Indian,Non-Veg Preparations,South India,100g,205.0,16.0,7.0,13.0,0.7,,,25.0,1.6,,,South Indian food dataset
SIF-0937,Squid Roast (South Indian),South Indian,Non-Veg Preparations,South India,100g,205.0,16.0,7.0,13.0,0.7,,,25.0,1.6,,,South Indian food dataset
SIF-0938,Squid Masala (South Indian),South Indian,Non-Veg Preparations,South India,100g,205.0,16.0,7.0,13.0,0.7,,,25.0,1.6,,,South Indian food dataset
SIF-0939,Squid Kuzhambu (South Indian),South Indian,Non-Veg Preparations,South India,100g,205.0,16.0,7.0,13.0,0.7,,,25.0,1.6,,,South Indian food dataset
SIF-0940,Squid Pepper Fry (South Indian),South Indian,Non-Veg Preparations,South India,100g,205.0,16.0,7.0,13.0,0.7,,,25.0,1.6,,,South Indian food dataset
SIF-0941,Squid 65 (South Indian),South Indian,Non-Veg Preparations,South India,100g,205.0,16.0,7.0,13.0,0.7,,,25.0,1.6,,,South Indian food dataset
SIF-0942,Squid Chukka (South Indian),South Indian,Non-Veg Preparations,South India,100g,205.0,16.0,7.0,13.0,0.7,,,25.0,1.6,,,South Indian food dataset
SIF-0943,Squid Sukka (South Indian),South Indian,Non-Veg Preparations,South India,100g,205.0,16.0,7.0,13.0,0.7,,,25.0,1.6,,,South Indian food dataset
SIF-0944,Idli with Sambar combo,South Indian,Tiffin Combos,South India,1 combo plate (~180g),260.0,7.0,36.0,9.0,2.5,,,40.0,1.6,,,South Indian food dataset
SIF-0945,Idli with Coconut Chutney combo,South Indian,Tiffin Combos,South India,1 combo plate (~180g),260.0,7.0,36.0,9.0,2.5,,,40.0,1.6,,,South Indian food dataset
SIF-0946,Idli with Tomato Chutney combo,South Indian,Tiffin Combos,South India,1 combo plate (~180g),260.0,7.0,36.0,9.0,2.5,,,40.0,1.6,,,South Indian food dataset
SIF-0947,Idli with Kadala Curry combo,South Indian,Tiffin Combos,South India,1 combo plate (~180g),260.0,7.0,36.0,9.0,2.5,,,40.0,1.6,,,South Indian food dataset
SIF-0948,Idli with Vada Curry combo,South Indian,Tiffin Combos,South India,1 combo plate (~180g),260.0,7.0,36.0,9.0,2.5,,,40.0,1.6,,,South Indian food dataset
SIF-0949,Idli with Kurma combo,South Indian,Tiffin Combos,South India,1 combo plate (~180g),260.0,7.0,36.0,9.0,2.5,,,40.0,1.6,,,South Indian food dataset
SIF-0950,Idli with Mint Chutney combo,South Indian,Tiffin Combos,South India,1 combo plate (~180g),260.0,7.0,36.0,9.0,2.5,,,40.0,1.6,,,South Indian food dataset
SIF-0951,Dosa with Sambar combo,South Indian,Tiffin Combos,South India,1 combo plate (~180g),260.0,7.0,36.0,9.0,2.5,,,40.0,1.6,,,South Indian food dataset
SIF-0952,Dosa with Coconut Chutney combo,South Indian,Tiffin Combos,South India,1 combo plate (~180g),260.0,7.0,36.0,9.0,2.5,,,40.0,1.6,,,South Indian food dataset
SIF-0953,Dosa with Tomato Chutney combo,South Indian,Tiffin Combos,South India,1 combo plate (~180g),260.0,7.0,36.0,9.0,2.5,,,40.0,1.6,,,South Indian food dataset
SIF-0954,Dosa with Kadala Curry combo,South Indian,Tiffin Combos,South India,1 combo plate (~180g),260.0,7.0,36.0,9.0,2.5,,,40.0,1.6,,,South Indian food dataset
SIF-0955,Dosa with Vada Curry combo,South Indian,Tiffin Combos,South India,1 combo plate (~180g),260.0,7.0,36.0,9.0,2.5,,,40.0,1.6,,,South Indian food dataset
SIF-0956,Dosa with Mint Chutney combo,South Indian,Tiffin Combos,South India,1 combo plate (~180g),260.0,7.0,36.0,9.0,2.5,,,40.0,1.6,,,South Indian food dataset
SIF-0957,Vada with Sambar combo,South Indian,Tiffin Combos,South India,1 combo plate (~180g),260.0,7.0,36.0,9.0,2.5,,,40.0,1.6,,,South Indian food dataset
SIF-0958,Vada with Coconut Chutney combo,South Indian,Tiffin Combos,South India,1 combo plate (~180g),260.0,7.0,36.0,9.0,2.5,,,40.0,1.6,,,South Indian food dataset
SIF-0959,Vada with Tomato Chutney combo,South Indian,Tiffin Combos,South India,1 combo plate (~180g),260.0,7.0,36.0,9.0,2.5,,,40.0,1.6,,,South Indian food dataset
SIF-0960,Vada with Kadala Curry combo,South Indian,Tiffin Combos,South India,1 combo plate (~180g),260.0,7.0,36.0,9.0,2.5,,,40.0,1.6,,,South Indian food dataset
SIF-0961,Vada with Vada Curry combo,South Indian,Tiffin Combos,South India,1 combo plate (~180g),260.0,7.0,36.0,9.0,2.5,,,40.0,1.6,,,South Indian food dataset
SIF-0962,Vada with Kurma combo,South Indian,Tiffin Combos,South India,1 combo plate (~180g),260.0,7.0,36.0,9.0,2.5,,,40.0,1.6,,,South Indian food dataset
SIF-0963,Vada with Mint Chutney combo,South Indian,Tiffin Combos,South India,1 combo plate (~180g),260.0,7.0,36.0,9.0,2.5,,,40.0,1.6,,,South Indian food dataset
SIF-0964,Uttapam with Sambar combo,South Indian,Tiffin Combos,South India,1 combo plate (~180g),260.0,7.0,36.0,9.0,2.5,,,40.0,1.6,,,South Indian food dataset
SIF-0965,Uttapam with Coconut Chutney combo,South Indian,Tiffin Combos,South India,1 combo plate (~180g),260.0,7.0,36.0,9.0,2.5,,,40.0,1.6,,,South Indian food dataset
SIF-0966,Uttapam with Tomato Chutney combo,South Indian,Tiffin Combos,South India,1 combo plate (~180g),260.0,7.0,36.0,9.0,2.5,,,40.0,1.6,,,South Indian food dataset
SIF-0967,Uttapam with Kadala Curry combo,South Indian,Tiffin Combos,South India,1 combo plate (~180g),260.0,7.0,36.0,9.0,2.5,,,40.0,1.6,,,South Indian food dataset
SIF-0968,Uttapam with Vada Curry combo,South Indian,Tiffin Combos,South India,1 combo plate (~180g),260.0,7.0,36.0,9.0,2.5,,,40.0,1.6,,,South Indian food dataset
SIF-0969,Uttapam with Kurma combo,South Indian,Tiffin Combos,South India,1 combo plate (~180g),260.0,7.0,36.0,9.0,2.5,,,40.0,1.6,,,South Indian food dataset
SIF-0970,Uttapam with Mint Chutney combo,South Indian,Tiffin Combos,South India,1 combo plate (~180g),260.0,7.0,36.0,9.0,2.5,,,40.0,1.6,,,South Indian food dataset
SIF-0971,Pongal with Sambar combo,South Indian,Tiffin Combos,South India,1 combo plate (~180g),260.0,7.0,36.0,9.0,2.5,,,40.0,1.6,,,South Indian food dataset
SIF-0972,Pongal with Coconut Chutney combo,South Indian,Tiffin Combos,South India,1 combo plate (~180g),260.0,7.0,36.0,9.0,2.5,,,40.0,1.6,,,South Indian food dataset
SIF-0973,Pongal with Tomato Chutney combo,South Indian,Tiffin Combos,South India,1 combo plate (~180g),260.0,7.0,36.0,9.0,2.5,,,40.0,1.6,,,South Indian food dataset
SIF-0974,Pongal with Kadala Curry combo,South Indian,Tiffin Combos,South India,1 combo plate (~180g),260.0,7.0,36.0,9.0,2.5,,,40.0,1.6,,,South Indian food dataset
SIF-0975,Pongal with Vada Curry combo,South Indian,Tiffin Combos,South India,1 combo plate (~180g),260.0,7.0,36.0,9.0,2.5,,,40.0,1.6,,,South Indian food dataset
SIF-0976,Pongal with Kurma combo,South Indian,Tiffin Combos,South India,1 combo plate (~180g),260.0,7.0,36.0,9.0,2.5,,,40.0,1.6,,,South Indian food dataset
SIF-0977,Pongal with Mint Chutney combo,South Indian,Tiffin Combos,South India,1 combo plate (~180g),260.0,7.0,36.0,9.0,2.5,,,40.0,1.6,,,South Indian food dataset
SIF-0978,Upma with Sambar combo,South Indian,Tiffin Combos,South India,1 combo plate (~180g),260.0,7.0,36.0,9.0,2.5,,,40.0,1.6,,,South Indian food dataset
SIF-0979,Upma with Coconut Chutney combo,South Indian,Tiffin Combos,South India,1 combo plate (~180g),260.0,7.0,36.0,9.0,2.5,,,40.0,1.6,,,South Indian food dataset
SIF-0980,Upma with Tomato Chutney combo,South Indian,Tiffin Combos,South India,1 combo plate (~180g),260.0,7.0,36.0,9.0,2.5,,,40.0,1.6,,,South Indian food dataset
SIF-0981,Upma with Kadala Curry combo,South Indian,Tiffin Combos,South India,1 combo plate (~180g),260.0,7.0,36.0,9.0,2.5,,,40.0,1.6,,,South Indian food dataset
SIF-0982,Upma with Vada Curry combo,South Indian,Tiffin Combos,South India,1 combo plate (~180g),260.0,7.0,36.0,9.0,2.5,,,40.0,1.6,,,South Indian food dataset
SIF-0983,Upma with Kurma combo,South Indian,Tiffin Combos,South India,1 combo plate (~180g),260.0,7.0,36.0,9.0,2.5,,,40.0,1.6,,,South Indian food dataset
SIF-0984,Upma with Mint Chutney combo,South Indian,Tiffin Combos,South India,1 combo plate (~180g),260.0,7.0,36.0,9.0,2.5,,,40.0,1.6,,,South Indian food dataset
SIF-0985,Puttu with Sambar combo,South Indian,Tiffin Combos,South India,1 combo plate (~180g),260.0,7.0,36.0,9.0,2.5,,,40.0,1.6,,,South Indian food dataset
SIF-0986,Puttu with Coconut Chutney combo,South Indian,Tiffin Combos,South India,1 combo plate (~180g),260.0,7.0,36.0,9.0,2.5,,,40.0,1.6,,,South Indian food dataset
SIF-0987,Puttu with Tomato Chutney combo,South Indian,Tiffin Combos,South India,1 combo plate (~180g),260.0,7.0,36.0,9.0,2.5,,,40.0,1.6,,,South Indian food dataset
SIF-0988,Puttu with Kadala Curry combo,South Indian,Tiffin Combos,South India,1 combo plate (~180g),260.0,7.0,36.0,9.0,2.5,,,40.0,1.6,,,South Indian food dataset
SIF-0989,Puttu with Vada Curry combo,South Indian,Tiffin Combos,South India,1 combo plate (~180g),260.0,7.0,36.0,9.0,2.5,,,40.0,1.6,,,South Indian food dataset
SIF-0990,Puttu with Kurma combo,South Indian,Tiffin Combos,South India,1 combo plate (~180g),260.0,7.0,36.0,9.0,2.5,,,40.0,1.6,,,South Indian food dataset
SIF-0991,Puttu with Mint Chutney combo,South Indian,Tiffin Combos,South India,1 combo plate (~180g),260.0,7.0,36.0,9.0,2.5,,,40.0,1.6,,,South Indian food dataset
SIF-0992,Appam with Sambar combo,South Indian,Tiffin Combos,South India,1 combo plate (~180g),260.0,7.0,36.0,9.0,2.5,,,40.0,1.6,,,South Indian food dataset
SIF-0993,Appam with Coconut Chutney combo,South Indian,Tiffin Combos,South India,1 combo plate (~180g),260.0,7.0,36.0,9.0,2.5,,,40.0,1.6,,,South Indian food dataset
SIF-0994,Appam with Tomato Chutney combo,South Indian,Tiffin Combos,South India,1 combo plate (~180g),260.0,7.0,36.0,9.0,2.5,,,40.0,1.6,,,South Indian food dataset
SIF-0995,Appam with Kadala Curry combo,South Indian,Tiffin Combos,South India,1 combo plate (~180g),260.0,7.0,36.0,9.0,2.5,,,40.0,1.6,,,South Indian food dataset
SIF-0996,Appam with Vada Curry combo,South Indian,Tiffin Combos,South India,1 combo plate (~180g),260.0,7.0,36.0,9.0,2.5,,,40.0,1.6,,,South Indian food dataset
SIF-0997,Appam with Kurma combo,South Indian,Tiffin Combos,South India,1 combo plate (~180g),260.0,7.0,36.0,9.0,2.5,,,40.0,1.6,,,South Indian food dataset
SIF-0998,Appam with Mint Chutney combo,South Indian,Tiffin Combos,South India,1 combo plate (~180g),260.0,7.0,36.0,9.0,2.5,,,40.0,1.6,,,South Indian food dataset
SIF-0999,Idiyappam with Sambar combo,South Indian,Tiffin Combos,South India,1 combo plate (~180g),260.0,7.0,36.0,9.0,2.5,,,40.0,1.6,,,South Indian food dataset
SIF-1000,Idiyappam with Coconut Chutney combo,South Indian,Tiffin Combos,South India,1 combo plate (~180g),260.0,7.0,36.0,9.0,2.5,,,40.0,1.6,,,South Indian food dataset
SIF-1001,Idiyappam with Tomato Chutney combo,South Indian,Tiffin Combos,South India,1 combo plate (~180g),260.0,7.0,36.0,9.0,2.5,,,40.0,1.6,,,South Indian food dataset
SIF-1002,Idiyappam with Kadala Curry combo,South Indian,Tiffin Combos,South India,1 combo plate (~180g),260.0,7.0,36.0,9.0,2.5,,,40.0,1.6,,,South Indian food dataset
SIF-1003,Idiyappam with Vada Curry combo,South Indian,Tiffin Combos,South India,1 combo plate (~180g),260.0,7.0,36.0,9.0,2.5,,,40.0,1.6,,,South Indian food dataset
SIF-1004,Idiyappam with Kurma combo,South Indian,Tiffin Combos,South India,1 combo plate (~180g),260.0,7.0,36.0,9.0,2.5,,,40.0,1.6,,,South Indian food dataset
SIF-1005,Idiyappam with Mint Chutney combo,South Indian,Tiffin Combos,South India,1 combo plate (~180g),260.0,7.0,36.0,9.0,2.5,,,40.0,1.6,,,South Indian food dataset
SIF-1006,Poori with Sambar combo,South Indian,Tiffin Combos,South India,1 combo plate (~180g),260.0,7.0,36.0,9.0,2.5,,,40.0,1.6,,,South Indian food dataset
SIF-1007,Poori with Coconut Chutney combo,South Indian,Tiffin Combos,South India,1 combo plate (~180g),260.0,7.0,36.0,9.0,2.5,,,40.0,1.6,,,South Indian food dataset
SIF-1008,Poori with Tomato Chutney combo,South Indian,Tiffin Combos,South India,1 combo plate (~180g),260.0,7.0,36.0,9.0,2.5,,,40.0,1.6,,,South Indian food dataset
SIF-1009,Poori with Kadala Curry combo,South Indian,Tiffin Combos,South India,1 combo plate (~180g),260.0,7.0,36.0,9.0,2.5,,,40.0,1.6,,,South Indian food dataset
SIF-1010,Poori with Vada Curry combo,South Indian,Tiffin Combos,South India,1 combo plate (~180g),260.0,7.0,36.0,9.0,2.5,,,40.0,1.6,,,South Indian food dataset
SIF-1011,Poori with Kurma combo,South Indian,Tiffin Combos,South India,1 combo plate (~180g),260.0,7.0,36.0,9.0,2.5,,,40.0,1.6,,,South Indian food dataset
SIF-1012,Poori with Mint Chutney combo,South Indian,Tiffin Combos,South India,1 combo plate (~180g),260.0,7.0,36.0,9.0,2.5,,,40.0,1.6,,,South Indian food dataset
SIF-1013,Tamil Nadu Meals (Veg),South Indian,Regional Thalis,South India,1 full meal (~500g),650.0,18.0,90.0,22.0,10.0,,,150.0,5.0,,,South Indian food dataset
SIF-1014,Kerala Sadhya Thali,South Indian,Regional Thalis,South India,1 full meal (~500g),650.0,18.0,90.0,22.0,10.0,,,150.0,5.0,,,South Indian food dataset
SIF-1015,Andhra Meals (Veg),South Indian,Regional Thalis,South India,1 full meal (~500g),650.0,18.0,90.0,22.0,10.0,,,150.0,5.0,,,South Indian food dataset
SIF-1016,Karnataka Thali,South Indian,Regional Thalis,South India,1 full meal (~500g),650.0,18.0,90.0,22.0,10.0,,,150.0,5.0,,,South Indian food dataset
SIF-1017,Udupi Meals,South Indian,Regional Thalis,South India,1 full meal (~500g),650.0,18.0,90.0,22.0,10.0,,,150.0,5.0,,,South Indian food dataset
SIF-1018,Chettinad Non-Veg Meals,South Indian,Regional Thalis,South India,1 full meal (~500g),650.0,18.0,90.0,22.0,10.0,,,150.0,5.0,,,South Indian food dataset
SIF-1019,Hyderabadi Thali,South Indian,Regional Thalis,South India,1 full meal (~500g),650.0,18.0,90.0,22.0,10.0,,,150.0,5.0,,,South Indian food dataset
SIF-1020,Mangalorean Thali,South Indian,Regional Thalis,South India,1 full meal (~500g),650.0,18.0,90.0,22.0,10.0,,,150.0,5.0,,,South Indian food dataset
SIF-1021,Telangana Thali,South Indian,Regional Thalis,South India,1 full meal (~500g),650.0,18.0,90.0,22.0,10.0,,,150.0,5.0,,,South Indian food dataset
SIF-1022,Coorg Thali,South Indian,Regional Thalis,South India,1 full meal (~500g),650.0,18.0,90.0,22.0,10.0,,,150.0,5.0,,,South Indian food dataset
SIF-1023,Malabar Non-Veg Meals,South Indian,Regional Thalis,South India,1 full meal (~500g),650.0,18.0,90.0,22.0,10.0,,,150.0,5.0,,,South Indian food dataset
SIF-1024,Rayalaseema Meals,South Indian,Regional Thalis,South India,1 full meal (~500g),650.0,18.0,90.0,22.0,10.0,,,150.0,5.0,,,South Indian food dataset
SIF-1025,Gutti Vankaya Kura,South Indian,Andhra/Telangana Specialties,Andhra Pradesh/Telangana,100g,190.0,5.0,26.0,7.5,2.0,,,40.0,1.4,,,South Indian food dataset
SIF-1026,Vankaya Pachi Pulusu,South Indian,Andhra/Telangana Specialties,Andhra Pradesh/Telangana,100g,190.0,5.0,26.0,7.5,2.0,,,40.0,1.4,,,South Indian food dataset
SIF-1027,Tomato Pappu,South Indian,Andhra/Telangana Specialties,Andhra Pradesh/Telangana,100g,190.0,5.0,26.0,7.5,2.0,,,40.0,1.4,,,South Indian food dataset
SIF-1028,Palakura Pappu,South Indian,Andhra/Telangana Specialties,Andhra Pradesh/Telangana,100g,190.0,5.0,26.0,7.5,2.0,,,40.0,1.4,,,South Indian food dataset
SIF-1029,Dosakaya Pappu (Cucumber Dal),South Indian,Andhra/Telangana Specialties,Andhra Pradesh/Telangana,100g,190.0,5.0,26.0,7.5,2.0,,,40.0,1.4,,,South Indian food dataset
SIF-1030,Mango Pappu (Mamidikaya Pappu),South Indian,Andhra/Telangana Specialties,Andhra Pradesh/Telangana,100g,190.0,5.0,26.0,7.5,2.0,,,40.0,1.4,,,South Indian food dataset
SIF-1031,Beerakaya Curry (Ridge Gourd),South Indian,Andhra/Telangana Specialties,Andhra Pradesh/Telangana,100g,190.0,5.0,26.0,7.5,2.0,,,40.0,1.4,,,South Indian food dataset
SIF-1032,Chikkudukaya Curry (Broad Beans),South Indian,Andhra/Telangana Specialties,Andhra Pradesh/Telangana,100g,190.0,5.0,26.0,7.5,2.0,,,40.0,1.4,,,South Indian food dataset
SIF-1033,Bendakaya Fry (Okra Fry),South Indian,Andhra/Telangana Specialties,Andhra Pradesh/Telangana,100g,190.0,5.0,26.0,7.5,2.0,,,40.0,1.4,,,South Indian food dataset
SIF-1034,Aratikaya Curry (Raw Banana Curry),South Indian,Andhra/Telangana Specialties,Andhra Pradesh/Telangana,100g,190.0,5.0,26.0,7.5,2.0,,,40.0,1.4,,,South Indian food dataset
SIF-1035,Kandhi Podi (Andhra Dal Powder),South Indian,Andhra/Telangana Specialties,Andhra Pradesh/Telangana,100g,190.0,5.0,26.0,7.5,2.0,,,40.0,1.4,,,South Indian food dataset
SIF-1036,Nuvvula Podi (Sesame Powder),South Indian,Andhra/Telangana Specialties,Andhra Pradesh/Telangana,100g,190.0,5.0,26.0,7.5,2.0,,,40.0,1.4,,,South Indian food dataset
SIF-1037,Karvepaku Podi (Curry Leaf Powder),South Indian,Andhra/Telangana Specialties,Andhra Pradesh/Telangana,100g,190.0,5.0,26.0,7.5,2.0,,,40.0,1.4,,,South Indian food dataset
SIF-1038,Pesarapappu Podi,South Indian,Andhra/Telangana Specialties,Andhra Pradesh/Telangana,100g,190.0,5.0,26.0,7.5,2.0,,,40.0,1.4,,,South Indian food dataset
SIF-1039,Avakaya Annam (Mango Pickle Rice),South Indian,Andhra/Telangana Specialties,Andhra Pradesh/Telangana,100g,190.0,5.0,26.0,7.5,2.0,,,40.0,1.4,,,South Indian food dataset
SIF-1040,Gongura Pappu,South Indian,Andhra/Telangana Specialties,Andhra Pradesh/Telangana,100g,190.0,5.0,26.0,7.5,2.0,,,40.0,1.4,,,South Indian food dataset
SIF-1041,Sarva Pindi,South Indian,Andhra/Telangana Specialties,Andhra Pradesh/Telangana,100g,190.0,5.0,26.0,7.5,2.0,,,40.0,1.4,,,South Indian food dataset
SIF-1042,Punugulu (Andhra),South Indian,Andhra/Telangana Specialties,Andhra Pradesh/Telangana,100g,190.0,5.0,26.0,7.5,2.0,,,40.0,1.4,,,South Indian food dataset
SIF-1043,Pesarattu Andhra Style,South Indian,Andhra/Telangana Specialties,Andhra Pradesh/Telangana,100g,190.0,5.0,26.0,7.5,2.0,,,40.0,1.4,,,South Indian food dataset
SIF-1044,Attu (Andhra Dosa),South Indian,Andhra/Telangana Specialties,Andhra Pradesh/Telangana,100g,190.0,5.0,26.0,7.5,2.0,,,40.0,1.4,,,South Indian food dataset
SIF-1045,Ariselu,South Indian,Andhra/Telangana Specialties,Andhra Pradesh/Telangana,100g,190.0,5.0,26.0,7.5,2.0,,,40.0,1.4,,,South Indian food dataset
SIF-1046,Bobbatlu,South Indian,Andhra/Telangana Specialties,Andhra Pradesh/Telangana,100g,190.0,5.0,26.0,7.5,2.0,,,40.0,1.4,,,South Indian food dataset
SIF-1047,Kakinada Kaja,South Indian,Andhra/Telangana Specialties,Andhra Pradesh/Telangana,100g,190.0,5.0,26.0,7.5,2.0,,,40.0,1.4,,,South Indian food dataset
SIF-1048,Pootharekulu,South Indian,Andhra/Telangana Specialties,Andhra Pradesh/Telangana,100g,190.0,5.0,26.0,7.5,2.0,,,40.0,1.4,,,South Indian food dataset
SIF-1049,Double Ka Meetha,South Indian,Andhra/Telangana Specialties,Andhra Pradesh/Telangana,100g,190.0,5.0,26.0,7.5,2.0,,,40.0,1.4,,,South Indian food dataset
SIF-1050,Qubani Ka Meetha,South Indian,Andhra/Telangana Specialties,Andhra Pradesh/Telangana,100g,190.0,5.0,26.0,7.5,2.0,,,40.0,1.4,,,South Indian food dataset
SIF-1051,Sakinalu,South Indian,Andhra/Telangana Specialties,Andhra Pradesh/Telangana,100g,190.0,5.0,26.0,7.5,2.0,,,40.0,1.4,,,South Indian food dataset
SIF-1052,Chegodilu Andhra,South Indian,Andhra/Telangana Specialties,Andhra Pradesh/Telangana,100g,190.0,5.0,26.0,7.5,2.0,,,40.0,1.4,,,South Indian food dataset
SIF-1053,Ragi Mudde,South Indian,Karnataka Specialties,Karnataka,100g,195.0,4.5,28.0,7.5,1.8,,,35.0,1.3,,,South Indian food dataset
SIF-1054,Ragi Mudde with Saaru Combo,South Indian,Karnataka Specialties,Karnataka,100g,195.0,4.5,28.0,7.5,1.8,,,35.0,1.3,,,South Indian food dataset
SIF-1055,Bisibelebath (Karnataka),South Indian,Karnataka Specialties,Karnataka,100g,195.0,4.5,28.0,7.5,1.8,,,35.0,1.3,,,South Indian food dataset
SIF-1056,Vangibath,South Indian,Karnataka Specialties,Karnataka,100g,195.0,4.5,28.0,7.5,1.8,,,35.0,1.3,,,South Indian food dataset
SIF-1057,Chitranna (Karnataka),South Indian,Karnataka Specialties,Karnataka,100g,195.0,4.5,28.0,7.5,1.8,,,35.0,1.3,,,South Indian food dataset
SIF-1058,Maddur Vada,South Indian,Karnataka Specialties,Karnataka,100g,195.0,4.5,28.0,7.5,1.8,,,35.0,1.3,,,South Indian food dataset
SIF-1059,Davangere Benne Dosa,South Indian,Karnataka Specialties,Karnataka,100g,195.0,4.5,28.0,7.5,1.8,,,35.0,1.3,,,South Indian food dataset
SIF-1060,Set Dosa (Karnataka),South Indian,Karnataka Specialties,Karnataka,100g,195.0,4.5,28.0,7.5,1.8,,,35.0,1.3,,,South Indian food dataset
SIF-1061,Neer Dosa (Karnataka),South Indian,Karnataka Specialties,Karnataka,100g,195.0,4.5,28.0,7.5,1.8,,,35.0,1.3,,,South Indian food dataset
SIF-1062,Akki Roti,South Indian,Karnataka Specialties,Karnataka,100g,195.0,4.5,28.0,7.5,1.8,,,35.0,1.3,,,South Indian food dataset
SIF-1063,Jolada Rotti (Jowar Roti Karnataka),South Indian,Karnataka Specialties,Karnataka,100g,195.0,4.5,28.0,7.5,1.8,,,35.0,1.3,,,South Indian food dataset
SIF-1064,Sajjige (Karnataka Upma),South Indian,Karnataka Specialties,Karnataka,100g,195.0,4.5,28.0,7.5,1.8,,,35.0,1.3,,,South Indian food dataset
SIF-1065,Kodubale (Karnataka),South Indian,Karnataka Specialties,Karnataka,100g,195.0,4.5,28.0,7.5,1.8,,,35.0,1.3,,,South Indian food dataset
SIF-1066,Mangalore Buns (Karnataka),South Indian,Karnataka Specialties,Karnataka,100g,195.0,4.5,28.0,7.5,1.8,,,35.0,1.3,,,South Indian food dataset
SIF-1067,Holige (Karnataka),South Indian,Karnataka Specialties,Karnataka,100g,195.0,4.5,28.0,7.5,1.8,,,35.0,1.3,,,South Indian food dataset
SIF-1068,Chiroti (Karnataka),South Indian,Karnataka Specialties,Karnataka,100g,195.0,4.5,28.0,7.5,1.8,,,35.0,1.3,,,South Indian food dataset
SIF-1069,Mysore Pak (Karnataka),South Indian,Karnataka Specialties,Karnataka,100g,195.0,4.5,28.0,7.5,1.8,,,35.0,1.3,,,South Indian food dataset
SIF-1070,Dharwad Peda (Karnataka),South Indian,Karnataka Specialties,Karnataka,100g,195.0,4.5,28.0,7.5,1.8,,,35.0,1.3,,,South Indian food dataset
SIF-1071,Belgaum Kunda (Karnataka),South Indian,Karnataka Specialties,Karnataka,100g,195.0,4.5,28.0,7.5,1.8,,,35.0,1.3,,,South Indian food dataset
SIF-1072,Uddina Vade (Karnataka),South Indian,Karnataka Specialties,Karnataka,100g,195.0,4.5,28.0,7.5,1.8,,,35.0,1.3,,,South Indian food dataset
SIF-1073,Kayi Holige,South Indian,Karnataka Specialties,Karnataka,100g,195.0,4.5,28.0,7.5,1.8,,,35.0,1.3,,,South Indian food dataset
SIF-1074,Kerala Parotta with Beef Combo,South Indian,Kerala Specialties,Kerala,100g,185.0,4.5,26.0,7.0,2.0,,,45.0,1.3,,,South Indian food dataset
SIF-1075,Malabar Biryani (Veg),South Indian,Kerala Specialties,Kerala,100g,185.0,4.5,26.0,7.0,2.0,,,45.0,1.3,,,South Indian food dataset
SIF-1076,Thalassery Biryani (Veg),South Indian,Kerala Specialties,Kerala,100g,185.0,4.5,26.0,7.0,2.0,,,45.0,1.3,,,South Indian food dataset
SIF-1077,Kappa Puzhukku with Fish Curry Combo,South Indian,Kerala Specialties,Kerala,100g,185.0,4.5,26.0,7.0,2.0,,,45.0,1.3,,,South Indian food dataset
SIF-1078,Meen Curry Meals Combo,South Indian,Kerala Specialties,Kerala,100g,185.0,4.5,26.0,7.0,2.0,,,45.0,1.3,,,South Indian food dataset
SIF-1079,Elayada (Steamed Rice Cake),South Indian,Kerala Specialties,Kerala,100g,185.0,4.5,26.0,7.0,2.0,,,45.0,1.3,,,South Indian food dataset
SIF-1080,Ada Payasam Combo,South Indian,Kerala Specialties,Kerala,100g,185.0,4.5,26.0,7.0,2.0,,,45.0,1.3,,,South Indian food dataset
SIF-1081,Chakka Varatti (Jackfruit Jam),South Indian,Kerala Specialties,Kerala,100g,185.0,4.5,26.0,7.0,2.0,,,45.0,1.3,,,South Indian food dataset
SIF-1082,Kaya Varuthathu,South Indian,Kerala Specialties,Kerala,100g,185.0,4.5,26.0,7.0,2.0,,,45.0,1.3,,,South Indian food dataset
SIF-1083,Pazham Nirachathu (Stuffed Banana),South Indian,Kerala Specialties,Kerala,100g,185.0,4.5,26.0,7.0,2.0,,,45.0,1.3,,,South Indian food dataset
SIF-1084,Kumbilappam,South Indian,Kerala Specialties,Kerala,100g,185.0,4.5,26.0,7.0,2.0,,,45.0,1.3,,,South Indian food dataset
SIF-1085,Ela Ada,South Indian,Kerala Specialties,Kerala,100g,185.0,4.5,26.0,7.0,2.0,,,45.0,1.3,,,South Indian food dataset
SIF-1086,Rice Ada,South Indian,Kerala Specialties,Kerala,100g,185.0,4.5,26.0,7.0,2.0,,,45.0,1.3,,,South Indian food dataset
SIF-1087,Kerala Style Egg Puttu,South Indian,Kerala Specialties,Kerala,100g,185.0,4.5,26.0,7.0,2.0,,,45.0,1.3,,,South Indian food dataset
SIF-1088,Kadala Curry (Black Chickpea Curry),South Indian,Kerala Specialties,Kerala,100g,185.0,4.5,26.0,7.0,2.0,,,45.0,1.3,,,South Indian food dataset
SIF-1089,Cherupayar Curry (Green Gram Curry),South Indian,Kerala Specialties,Kerala,100g,185.0,4.5,26.0,7.0,2.0,,,45.0,1.3,,,South Indian food dataset
SIF-1090,Thakkali Curry (Tomato Curry Kerala),South Indian,Kerala Specialties,Kerala,100g,185.0,4.5,26.0,7.0,2.0,,,45.0,1.3,,,South Indian food dataset
SIF-1091,Vellarikka Curry,South Indian,Kerala Specialties,Kerala,100g,185.0,4.5,26.0,7.0,2.0,,,45.0,1.3,,,South Indian food dataset
SIF-1092,Pavakka Curry (Bitter Gourd Curry Kerala),South Indian,Kerala Specialties,Kerala,100g,185.0,4.5,26.0,7.0,2.0,,,45.0,1.3,,,South Indian food dataset
SIF-1093,Mathanga Erissery (Pumpkin Erissery),South Indian,Kerala Specialties,Kerala,100g,185.0,4.5,26.0,7.0,2.0,,,45.0,1.3,,,South Indian food dataset
SIF-1094,Chettinad Vegetable Kurma,South Indian,Tamil Nadu Specialties,Tamil Nadu,100g,185.0,4.0,25.0,7.5,2.0,,,35.0,1.2,,,South Indian food dataset
SIF-1095,Tirunelveli Halwa,South Indian,Tamil Nadu Specialties,Tamil Nadu,100g,185.0,4.0,25.0,7.5,2.0,,,35.0,1.2,,,South Indian food dataset
SIF-1096,Madurai Jigarthanda,South Indian,Tamil Nadu Specialties,Tamil Nadu,100g,185.0,4.0,25.0,7.5,2.0,,,35.0,1.2,,,South Indian food dataset
SIF-1097,Kongunadu Kozhi Curry,South Indian,Tamil Nadu Specialties,Tamil Nadu,100g,185.0,4.0,25.0,7.5,2.0,,,35.0,1.2,,,South Indian food dataset
SIF-1098,Kovilpatti Kadalai Mittai,South Indian,Tamil Nadu Specialties,Tamil Nadu,100g,185.0,4.0,25.0,7.5,2.0,,,35.0,1.2,,,South Indian food dataset
SIF-1099,Salem Mango Pulissery,South Indian,Tamil Nadu Specialties,Tamil Nadu,100g,185.0,4.0,25.0,7.5,2.0,,,35.0,1.2,,,South Indian food dataset
SIF-1100,Kanchipuram Idli Special,South Indian,Tamil Nadu Specialties,Tamil Nadu,100g,185.0,4.0,25.0,7.5,2.0,,,35.0,1.2,,,South Indian food dataset
SIF-1101,Karaikudi Chicken Curry,South Indian,Tamil Nadu Specialties,Tamil Nadu,100g,185.0,4.0,25.0,7.5,2.0,,,35.0,1.2,,,South Indian food dataset
SIF-1102,Erode Style Sambar,South Indian,Tamil Nadu Specialties,Tamil Nadu,100g,185.0,4.0,25.0,7.5,2.0,,,35.0,1.2,,,South Indian food dataset
SIF-1103,Coimbatore Style Kootu,South Indian,Tamil Nadu Specialties,Tamil Nadu,100g,185.0,4.0,25.0,7.5,2.0,,,35.0,1.2,,,South Indian food dataset
SIF-1104,Madurai Mutton Curry,South Indian,Tamil Nadu Specialties,Tamil Nadu,100g,185.0,4.0,25.0,7.5,2.0,,,35.0,1.2,,,South Indian food dataset
SIF-1105,Tanjore Vella Sadam,South Indian,Tamil Nadu Specialties,Tamil Nadu,100g,185.0,4.0,25.0,7.5,2.0,,,35.0,1.2,,,South Indian food dataset
SIF-1106,Ariyachu Kuzhambu,South Indian,Tamil Nadu Specialties,Tamil Nadu,100g,185.0,4.0,25.0,7.5,2.0,,,35.0,1.2,,,South Indian food dataset
SIF-1107,Podi Milagai (Stuffed Chilli Fry),South Indian,Tamil Nadu Specialties,Tamil Nadu,100g,185.0,4.0,25.0,7.5,2.0,,,35.0,1.2,,,South Indian food dataset
SIF-1108,Vazhaipoo Vadai,South Indian,Tamil Nadu Specialties,Tamil Nadu,100g,185.0,4.0,25.0,7.5,2.0,,,35.0,1.2,,,South Indian food dataset
SIF-1109,Keerai Masiyal (Mashed Greens),South Indian,Tamil Nadu Specialties,Tamil Nadu,100g,185.0,4.0,25.0,7.5,2.0,,,35.0,1.2,,,South Indian food dataset
SIF-1110,Sundakkai Vathal Kuzhambu,South Indian,Tamil Nadu Specialties,Tamil Nadu,100g,185.0,4.0,25.0,7.5,2.0,,,35.0,1.2,,,South Indian food dataset
SIF-1111,Manathakkali Vathal Kuzhambu,South Indian,Tamil Nadu Specialties,Tamil Nadu,100g,185.0,4.0,25.0,7.5,2.0,,,35.0,1.2,,,South Indian food dataset
SIF-1112,Vengaya Sambar (Onion Sambar),South Indian,Tamil Nadu Specialties,Tamil Nadu,100g,185.0,4.0,25.0,7.5,2.0,,,35.0,1.2,,,South Indian food dataset
SIF-1113,Pirandai Chutney,South Indian,Tamil Nadu Specialties,Tamil Nadu,100g,185.0,4.0,25.0,7.5,2.0,,,35.0,1.2,,,South Indian food dataset
SIF-1114,Pesarattu with Upma Combo,South Indian,Snack Combos,South India,1 serving (~120g),240.0,5.5,28.0,12.0,2.0,,,30.0,1.3,,,South Indian food dataset
SIF-1115,Mysore Masala Dosa with Chutney Combo,South Indian,Snack Combos,South India,1 serving (~120g),240.0,5.5,28.0,12.0,2.0,,,30.0,1.3,,,South Indian food dataset
SIF-1116,Rava Idli with Chutney Combo,South Indian,Snack Combos,South India,1 serving (~120g),240.0,5.5,28.0,12.0,2.0,,,30.0,1.3,,,South Indian food dataset
SIF-1117,Vada Sambar Combo,South Indian,Snack Combos,South India,1 serving (~120g),240.0,5.5,28.0,12.0,2.0,,,30.0,1.3,,,South Indian food dataset
SIF-1118,Uttapam with Sambar Combo,South Indian,Snack Combos,South India,1 serving (~120g),240.0,5.5,28.0,12.0,2.0,,,30.0,1.3,,,South Indian food dataset
SIF-1119,Bonda Soup Combo,South Indian,Snack Combos,South India,1 serving (~120g),240.0,5.5,28.0,12.0,2.0,,,30.0,1.3,,,South Indian food dataset
SIF-1120,Bajji with Coconut Chutney,South Indian,Snack Combos,South India,1 serving (~120g),240.0,5.5,28.0,12.0,2.0,,,30.0,1.3,,,South Indian food dataset
SIF-1121,Onion Bajji,South Indian,Snack Combos,South India,1 serving (~120g),240.0,5.5,28.0,12.0,2.0,,,30.0,1.3,,,South Indian food dataset
SIF-1122,Potato Bajji,South Indian,Snack Combos,South India,1 serving (~120g),240.0,5.5,28.0,12.0,2.0,,,30.0,1.3,,,South Indian food dataset
SIF-1123,Banana Bajji,South Indian,Snack Combos,South India,1 serving (~120g),240.0,5.5,28.0,12.0,2.0,,,30.0,1.3,,,South Indian food dataset
SIF-1124,Chilli Bajji,South Indian,Snack Combos,South India,1 serving (~120g),240.0,5.5,28.0,12.0,2.0,,,30.0,1.3,,,South Indian food dataset
SIF-1125,Raw Banana Bajji,South Indian,Snack Combos,South India,1 serving (~120g),240.0,5.5,28.0,12.0,2.0,,,30.0,1.3,,,South Indian food dataset
SIF-1126,Cauliflower Bajji,South Indian,Snack Combos,South India,1 serving (~120g),240.0,5.5,28.0,12.0,2.0,,,30.0,1.3,,,South Indian food dataset
SIF-1127,Paneer Bajji (South style),South Indian,Snack Combos,South India,1 serving (~120g),240.0,5.5,28.0,12.0,2.0,,,30.0,1.3,,,South Indian food dataset
SIF-1128,Bread Bajji,South Indian,Snack Combos,South India,1 serving (~120g),240.0,5.5,28.0,12.0,2.0,,,30.0,1.3,,,South Indian food dataset
SIF-1129,Masala Vada with Onion Combo,South Indian,Snack Combos,South India,1 serving (~120g),240.0,5.5,28.0,12.0,2.0,,,30.0,1.3,,,South Indian food dataset
